S NO,DISTRICT,BLOCK NAME,SCHOOL NAME,SCHOOL ADDRESS,PINCODE
14841,TENKASI,Shenkottai,GOVERNMENT HIGHER SECONDARY SCHOOL SEEVANALLUR,"SENGOTTAI MAIN ROAD, SEEVANALLUR",627803
14842,TENKASI,Shenkottai,"GOVERNMENT HIGHER SECONDARY SCHOOL,PULIYARAI",QUILON MAIN ROADPULIYARAI,627813
14843,TENKASI,Shenkottai,GOVERNMENT MIDDLE SCHOOL ELATHUR,Sankara street\sankara street,627803
14844,TENKASI,Shenkottai,GOVERNMENT MIDDLE SCHOOL KAMBILI,GOVERNMENT MIDDLE SCHOOL  MAIN ROAD KAMBILY,627852
14845,TENKASI,Shenkottai,GOVERNMENT MIDDLE SCHOOL MEKKARAI,GOVT.MIDDLE.SCHOOl/MEKKARAI,627807
14846,TENKASI,Shenkottai,GOVERNMENT MIDDLE SCHOOL POOLANKUDIYIRUPPU,POOLANGUIYIRUPPUSHENCOTTAH TALUK,627813
14847,TENKASI,Shenkottai,"GOVERNMENT MIDDLE SCHOOL,KACHERI COMPOUND,SHENGOTTAI",TALUK OFFICE COMPOUNDSHENCOTTAI,627809
14848,TENKASI,Shenkottai,"GOVERNMENT MIDDLE SCHOOL,KARKUDI",GOVT MIDDLE SCHOOLKARKUDI,627813
14849,TENKASI,Shenkottai,"GOVERNMENT MIDDLE SCHOOL,THERKUMEDU",THERKUMEDUPULIYARAI P O,627813
14850,TENKASI,Shenkottai,"HINDU NADAR URAVIN MURAI COMMITTEE
DR.SIVANTHI ADITANAR MIDDLE SCHOOL SAMBAVAR VADAKARAI",poigai road\sambavar vadaakarai,627856
14851,TENKASI,Shenkottai,LAKSHMI HARIHARA HIGH SCHOOL ELATHUR,Shencottai Main RoadElathur,627803
14852,TENKASI,Shenkottai,"PULARI MATRICULATION SCHOOL,  PUDUR",Pudur - Puliyarai P.OSengottai,627813
14853,TENKASI,Shenkottai,PUNITHA ARULANANTHAR HIGHER SECONDARY SCHOOL AGARAKATTU,"D.NO:81, MAIN ROAD AGARAKATTU",627852
14854,TENKASI,Shenkottai,SHRIRAM VIDHYALAYA MATRIC HIGHER SECONDARY SCHOOL ELATHUR,636/3 TENKASI ROADELATHUR,627803
14855,TENKASI,Shenkottai,SIVA SARASWATHI VIDYALAYA HIGHER SECONDARY SCHOOL AYIKUDI,"10.2.163 AMAR SEVA SANGAM, AYIKUDY",627852
14856,TENKASI,Shenkottai,SPECTRUM MATRIC HIGHER SECONDARY SCHOOL KATHIRKANTHAM E-VILAKKU,NH 744KATHIRKANTHAN E- VILLAKU,627803
14857,TENKASI,Shenkottai,Sri Jayendra Vidyalaya Matric Higher Secondary School,"1,kottaram roadshengottai",627809
14858,TENKASI,Shenkottai,"Sri Moolam Sastiyaptha Poorthi Sattanatha Karayalar Government Boys Higher Secondary School, Shencottai","22/73, Gandhi RoadShencottai",627809
14859,TENKASI,Shenkottai,"SRI RAMA MANDIRAM GOVERNMENT GIRLS HIGHER SECONDARY SCHOOL, Shengottai","5,KOTTARAM ROADSHENCOTTAI",627809
14860,TENKASI,Shenkottai,VANCHI GOVERNMENT MIDDLE SCHOOL SHENGOTTAI,VANCHINATHAN G.M.SSHENCOTTAI,627809
14861,TENKASI,Tenkasi,"A.G.HS, KANAKAPILLAIVALASAI",A G HIGH SCHOOLKANAKKAPILLAI VALASAI,627803
14862,TENKASI,Tenkasi,"AG MATRIC HSS,TENKASI",mattappa streettenkasi,627811
14863,TENKASI,Tenkasi,ANNAI THERESA R C HSS VALLAM,"4/325-A R C SCHOOL STREET, VALLAMSHENCOTTAI(TK), TENKASI(DIST)",627809
14864,TENKASI,Tenkasi,ARAMBAJOTHI MIDDLE SCHOOL ILANJI,"3, VALLAM ROADWEST ILANJI",627805
14865,TENKASI,Tenkasi,"BHARATH MONTESSORI MATRIC HR SEC SCHOOL, ILANJI","BHARATH MONTESSORI MATRIC.HR.SEC SCHOOLCOURTALLAM FIVE FALLS BY - PASS,ILANJI",627805
14866,TENKASI,Tenkasi,BHARATH VIDYA MANDIR,"NO.4, COURTALLAM FIVE FALLSBY PASS ROAD, ILANJI",627805
14867,TENKASI,Tenkasi,CMS MACWHIRTER MIDDLE SCHOOL TENKASI,KANNI MARAMMAN KOVIL STREETTENKASI,627811
14868,TENKASI,Tenkasi,"EMMANUEL MATRIC HR SEC SCHOOL, MELAGARAM",28-B State Bank ColonyMelagaram,627818
14869,TENKASI,Tenkasi,ESAKKI VIDHYASHRAM CBSE SCHOOL TENKASI,TENKASI TIRUNELVELI MAIN ROADVAIKAPAALAM TENKASI,627805
14870,TENKASI,Tenkasi,"GHS, VETHAMPUTHUR",MAIN ROAD\VETHAMPUTHUR,627805
14871,TENKASI,Tenkasi,GHSS SUNDARAPANDIYAPURAM,GOVT HR SEC SCHOOL TENKASI MAIN ROAD SUNDARAPANDIAPURAM,627858
14872,TENKASI,Tenkasi,GHSS VADAKARAI,KARISAL KUTIYIRUPPU MAIN ROADVADAKARAI,627812
14873,TENKASI,Tenkasi,"GHSS, PANPOLI",THIRUMALAI KOIL ROAD PANPOLI,627807
14874,TENKASI,Tenkasi,"GHSS,MELAGARAM",GHSS MELAGARAM THEPPAKULAM STREET,627818
14875,TENKASI,Tenkasi,"GREEN PARK MATRICULATION SCHOOL, TENKASI","KALIDHASAN NAGAR, TENKASI",627811
14876,TENKASI,Tenkasi,"HAMEETHIYA MS,TENKASI",3 SORNAPURAM STREETTENKASI,627811
14877,TENKASI,Tenkasi,"HILTON MATRIC HR SEC SCHOOL, AYIRAPERI","Hilton Matric Hr Sec School,Old CourtallamAyiraperi P.O
,Tenkasi Taluk,Tirunelveli Dist",627814
14878,TENKASI,Tenkasi,"HINDU HSS(G),KEELAPULIUR",1/1 UCHIMAHALI 4TH STREETKIZHAPULIYUR,627814
14879,TENKASI,Tenkasi,"HINDU HSS,KEELAPULIUR",UCHIMAHALI AMMAN 1ST STREET KIZHAPULIYUR,627814
14880,TENKASI,Tenkasi,HINDU MIDDLE SCHOOL KASIMAJORPURAM,3/149 CHINNA THAMBI KOVIL STREETKASIMAJORPURAM,627802
14881,TENKASI,Tenkasi,HUSSAINIYA MUSLIM HIGH SCHOOL VADAKARAI,138 T P STREET VADAKARAI TENKASI DIST,627912
14882,TENKASI,Tenkasi,"IBNU UMAR ISLAMIC  MATRICULATION SCHOOL, TENKASI",,
14883,TENKASI,Tenkasi,"ICI Govt Model HSS,TENKASI","100 MADURAI ROADEAR NEW BUS STAND, TENKASI",627811
14884,TENKASI,Tenkasi,"JOY MATRIC. HR. SEC, SCHOOL , VADAKARAI","3/2, MAIN ROADVADAKARAI",627812
14885,TENKASI,Tenkasi,"KATTU BAVA HIGH SCHOOL,TENKASI","23/1KATTUBAVAPALLIVASAL STREET
23/1KATTUBAVAPALLIVASAL STREET",
14886,TENKASI,Tenkasi,"KATTU BAVA MIDDLE SCHOOL , TENKASI",23/1 KATTU BAVA PALLIVASAL STREETTENKASI,627811
14887,TENKASI,Tenkasi,M.M. MS VISWANTHAPURAM,2/53  MAIN ROADVISWANATHAPURAM,627810
14888,TENKASI,Tenkasi,MAHARISHI VIDYA MANDIR,panboli road Kanakkapillai Valasai,627803
14889,TENKASI,Tenkasi,MAHARISHI VIDYA MANDIR,panboli road  Kanakkapillai Valasai,
14890,TENKASI,Tenkasi,"MANJAMMAL HSS(G),TENKASI",RAILWAY FEEDER ROADTENKASI,627811
14891,TENKASI,Tenkasi,"MKVK MATRIC HSS,TENKASI","1/50, RAILWAY ROAD\TENKASI",627811
14892,TENKASI,Tenkasi,MPL 9th WARD MS.TENKSI,S.K.P..Street.TENKASIS.K.P.Street.TENKASI,627811
14893,TENKASI,Tenkasi,"MPL, 7th WARD MS,TENKASI",SWAMI SANNATHI STREETTENKASI,627811
14894,TENKASI,Tenkasi,"MPL,13th WARD MS,TENKASI",Manahavalan StreetTenkasi,627811
14895,TENKASI,Tenkasi,MUSLIM HS VADAKARAI,42 MADARASA STREET,627812
14896,TENKASI,Tenkasi,MUSTAFIAH MIDDLE SCHOOL TENKASI,SYED KURUKKAL PALLIVASAL STREETTENKASI,627811
14897,TENKASI,Tenkasi,"NATIONAL PUBLIC SCHOOL, VALLAM",1/316-1 vallam sencottah roadvallam,627817
14898,TENKASI,Tenkasi,"NEHRU HSS,TENKASI",10/44 MALAYAN STREETNEAR BY RAILWAY STATION TENKASI,627811
14899,TENKASI,Tenkasi,OXFORD MATRIC. HIGHER SECONDARY SCHOOL,"121-A, OXFORD NAGAR, KUTHUKKALVALASAI,
TENKASI-627 803.121-A, OXFORD NAGAR, KUTHUKKALVALASAI, TENKASI-627 803.",627803
14900,TENKASI,Tenkasi,"OXFORD PUBLIC SCHOOL, KUTHUKKALVALASAI","121-A, OXFORD NAGAR, KUTHUKKALVALASAI, TENKASI DISRTICT.",627803
14901,TENKASI,Tenkasi,"P S T K D GIRLS HR SEC SCHOOL, COURTALLAM","158 , Ramvarmapuram Colony Courtallam",627802
14902,TENKASI,Tenkasi,"PARASAKTHI M HSS,COURTALLAM",COLLEGE MAIN ROADCOURTALLAM,627802
14903,TENKASI,Tenkasi,PIONEER INTERNATIONAL CBSE SCHOOL,337/1thenpothai road,627803
14904,TENKASI,Tenkasi,PONNAMBALAM MIDDLE SCHOOL TENKASI,"334 , KANNIMARAMMAN KOVIL STREET , TENKASI",627811
14905,TENKASI,Tenkasi,PUMS THIRUCHITRAMBALAM,PUMS thiruchitranbalamTenkasi,627858
14906,TENKASI,Tenkasi,"PUMS, KARISALKUDIYIRUPPU","PANCHAYAT UNION MIDDLE SCHOOL,
KARISALKUDIYIRUPPU, KARISAL VADAKARAI UNION SALAI",627807
14907,TENKASI,Tenkasi,"RAMASWAMY PILLAI HR. SEC. SCHOOL., ILANJI","MADURAI - COURTALLAM MAIN ROAD, ILANJITENKASI (TK), TIRUNELVELI (DT)",627805
14908,TENKASI,Tenkasi,RKV MS PANPOLI,156Sivaramapettai salai,627807
14909,TENKASI,Tenkasi,"SEVENTH DAY ADVENTIST MATRIC HR SEC SCHOOL, TENKASI","12 PERUMAL KOVIL STREET, NEAR LIC, MAIN ROADTENKASI",627811
14910,TENKASI,Tenkasi,"SRI RAM MATRIC HR SEC SCHOOL, VALLAM",MUTHALALI KUDIYIRUPPU ROADVALLAM,627809
14911,TENKASI,Tenkasi,St.  MICHAEL'S HSS(G) TENKASI,"119CHIDAMBARESHWARAR KOVILSTREET,TENKASI",627811
14912,TENKASI,Tenkasi,St. JOSEPH PUBLIC SCHOOL,St.joseph publicthenpothai,607807
14913,TENKASI,Tenkasi,St. MARY'S HS KUTHUKALVALASAI,"5-40G, KAMARAJ NAGARKUTHUKKALVALASAI",627803
14914,TENKASI,Tenkasi,"ST.JOHNS MATRIC HR SEC SCHOOL, TENKASI",86 F/2 MALAYAN STREET,627811
14915,TENKASI,Tenkasi,"ST.JOSEPH MAT.HSS, PANPOLI","T. Meenakshipuram, Panpoli",627807
14916,TENKASI,Tenkasi,"SUBASH MATRIC HSS,TENKASI",AYIRA PERI ROAD TENKASISUBASH NAGAR,627811
14917,TENKASI,Tenkasi,"SYED RESI.HSS,ILANJI",P.O NO.6 FIVE FALLS ILANJI ROADCOURTALLAM,627003
14918,TENKASI,Tenkasi,"TDTA MS, KAKAIYANUR",sivanadanoor  poTenkasi,627808
14919,TENKASI,Tenkasi,TDTA PRIMARY SCHOOL VALLAM,MAIN ROADVALLAM,627809
14920,TENKASI,Tenkasi,TREASURE ILAND INTERNATIONAL SCHOOL MAVADIKKALTHOPPU,4/209 Mavadikal thoppu- viswanathapuramshengottai,627809
14921,TENKASI,Tenkasi,"VEERAMAMUNIVAR RC HSS,TENKASI",42chidambareswara kovil street,627811
14922,TENKASI,Tenkasi,VEL'S VIDHYALAYA SCHOOL,ElathurPanmoli main Road,627803
14923,TENKASI,Tenkasi,VIVEKANANDA MIDDLE SCHOOL MATHALAMPARAI,"105,PILLAIYAR KOVIL STREET\MATHALAMPARAI",627814
14924,TENKASI,Vasudevanallur,"ANDIYAPPA MS, PULIANGUDI","3, NARASINGAPERUMAL KOVIL STREETPULIANGUDI, KADAYANALLUR TALUK",627855
14925,TENKASI,Vasudevanallur,ANNAI MEENAKSHI PUBLIC SCHOOL,T.N.PUDHUKUDI\PULIANGUDI,627855
14926,TENKASI,Vasudevanallur,"ARUNODHAYA MS, VISWANATHAPERI",mainroadviswanathaperi,627757
14927,TENKASI,Vasudevanallur,"AVS HS,PULIANGUDI","69,North car Street, Puliangudi.",627855
14928,TENKASI,Vasudevanallur,"BALA VINAYAGAR HS, SIVAGIRI",153 154 MADURAI ROAD\SIVAGIRI,627757
14929,TENKASI,Vasudevanallur,"CMML HS,VADAMALAPURAM","VADAMALAPURAM sornanagar,VADAMALAPURAM",627755
14930,TENKASI,Vasudevanallur,"COMMITTEE NADAR HS,SIVAGIRI",CHEKKADI PILLAYAR KOVIL STREE. SIVAGIRI,627757
14931,TENKASI,Vasudevanallur,DHARANI INTERNATIONAL SCHOOL,"Dharani International School, Thalayanai Road, Dharani NagarNaranapuram Village, Vasudevanallur,",627760
14932,TENKASI,Vasudevanallur,"DHARANI MATRICULATION HIGHER SECONDARY SCHOOL, DHARANINAGAR",DHARANI NAGAR\AUTHUVAZHI (POST),627760
14933,TENKASI,Vasudevanallur,"GHSS(B),PULIANGUDI",Main Road     Puliangudi,627855
14934,TENKASI,Vasudevanallur,"GHSS,THENMALAI",PARUVAKKUDI SIVIAGIR ROADTHENMALAI,627757
14935,TENKASI,Vasudevanallur,"GHSS,VASUDEVANALLUR",SOUTHCAR STREET\VASUDEVANALLUR,627758
14936,TENKASI,Vasudevanallur,"GOVERNMENT HIGH SCHOOL, KOODALOOR",MAIN ROAD,627760
14937,TENKASI,Vasudevanallur,GOVT GIRLS HR SEC SCHOOL PULIANGUDI TENKASI DISTRICT,"100 RSKP ROAD,  PULIANGUDI.",627855
14938,TENKASI,Vasudevanallur,"GOVT MS, ARUGANKULAM",GOVT MS NORTH STREETARUGANKULAM,627757
14939,TENKASI,Vasudevanallur,"GURUSAMY MS, RAMANATHAPURAM",GURUSAMY MIDDLE SCHOOLRAMANATHAPURAM,627760
14940,TENKASI,Vasudevanallur,H.N.U.C.HSS.T.N.PUTHUKUDI - PULIANGUDI,"SIVARAMU 1ST STREETT.N PUTHUKUDI, PULIANGUDI",627855
14941,TENKASI,Vasudevanallur,"H.N.U.M HS,CINTHAMANI",197 west car street chinthamani puliyangudi,627855
14942,TENKASI,Vasudevanallur,"KAMMAWAR HINDU HIGH SCHOOL,VISWANATHAPERI",1/1A SIVAGIRI MAIN ROAD VISWANATHAPERI,627757
14943,TENKASI,Vasudevanallur,"KANNA HSS(GIRLS),CINTHAMANI",ESAKKI AMMAN KOIL STREETCHINTHAMANI- PULIANGUDI,627855
14944,TENKASI,Vasudevanallur,KANNA INTERNATIONAL SCHOOL,"Door No: 1B/3,Puliangudi-Sankarankovil Main Road",627755
14945,TENKASI,Vasudevanallur,"MOHAIDEENANDAVAR HS,PULIANGUDI",EAST MOSQUE STREET\EAST MOSQUE STREET puliangudi,627855
14946,TENKASI,Vasudevanallur,"MOHAIDEENIA HS,VASUDEVANALLUR","PALLIVASAL STREET,VASUDEVANALLURSIVAGIRI TALUK",627758
14947,TENKASI,Vasudevanallur,"MP GOVT HSS,NELKATTUM SEVAL",WEST STREETELKATTUMSEVAL,627758
14948,TENKASI,Vasudevanallur,"MPL MS, THAIKKA ST, PULIANGUDI",MPL MS THAIKKA STREET PULIANGUDI,627855
14949,TENKASI,Vasudevanallur,"N.C HSS,RAMANATHAPURAM","Higher secondary school street, RamanathapuramSivagiri taluk",627760
14950,TENKASI,Vasudevanallur,NADAR URAVINMURAI KAMARAJAR GIRLS HIGH SCHOOL VASUDEVANALLUR,"No. 8, MANTHAI VINAYAGAR KOIL STREET, VASUDEVANALLUR.",627758
14951,TENKASI,Vasudevanallur,"NEW CRESCENT MATRIC HSS, PULIANGUDI","10 CRESCENT NAGAR, PULIANGUDI",627855
14952,TENKASI,Vasudevanallur,"PACKIATHAI MS, CHINTHAMANI","38, SANTORE MADATHU NORTH STREET,CHINTHAMANI, PULIANGUDI",627855
14953,TENKASI,Vasudevanallur,"PANCHAYAT UNION JAWAHAR MIDDLE SCHOOL , SIVAGIRI","PANCHAYAT UNION JAWAGAR MIDDLE SCHOOL
22 ,GANDHI ROAD,FIRST STREET SIVAGIRI.",627757
14954,TENKASI,Vasudevanallur,"PARAMANANTHA MS, PULIANGUDI","selva vinayagar kovil west streetT N Puthukkudi,Puliangudi",627855
14955,TENKASI,Vasudevanallur,"PK GHSS,MULLIKULAM","MAINROAD, MULLIKKULAM",627755
14956,TENKASI,Vasudevanallur,"PUJMS, NAGARAM","PANCHAYAT UNION JAWAHAR MIDDLE SCHOOL, NAGARAM",627755
14957,TENKASI,Vasudevanallur,"PUJMS, VASUDEVANALLUR","SEANAIVINAYAKAR KOVIL STREET
\VASUDEVANALLUR",627758
14958,TENKASI,Vasudevanallur,PULIANGUDI SENAITHALAIVAR HR SEC SCHOOL,"116AINDIRA NAGAR , PULIANGUDI",627855
14959,TENKASI,Vasudevanallur,"PUMS, MALAIYADIKURICHI",panchayat union middle schoolmalaiyadikuruchi,627755
14960,TENKASI,Vasudevanallur,QUAIDE MILLATH HSS PULIANGUDI,9A JINNA NAGAR 3rd StreetPuliangudi,627855
14961,TENKASI,Vasudevanallur,R.H.N.U.THIRU.SI.BA.SIVANTHI ATHITHANAR HSS RAYAGIRI,"66/3 R.H.N.U.SI.BA.S.A.H.S.S,RAYAGIRI",627764
14962,TENKASI,Vasudevanallur,R.M.M.S VASUDEVANALLUR,"18,SENAI VINAYAGAR KOVIL SOUTH STREET,VASUDEVANALLUR.",627758
14963,TENKASI,Vasudevanallur,"RAJASINGH MS, THERKKU CHATRAM",Mangammal salai\Therkuchathiram,627757
14964,TENKASI,Vasudevanallur,"RAMALINGAM MS, PULIANGUDI","ARUNACHALA VINAYAGAR KOVIL S.T,PULIYANGUDI",627855
14965,TENKASI,Vasudevanallur,"RC HS,DEVIPATTINAM",NEHRU NORTH STREET\DEVIPATTANAM,627757
14966,TENKASI,Vasudevanallur,"RC HS,PULIANGUDI",ARASARADI VINAYAGAR\KOIL STREET,627855
14967,TENKASI,Vasudevanallur,"RC MS, CHINTHAMANI",WEST CAR STRERETCHINTHAMANI,627855
14968,TENKASI,Vasudevanallur,"RC MS, DURAISAMIYAPURAM",RAYAGIRI VIA\SIVAGIRI TALUK,627764
14969,TENKASI,Vasudevanallur,"S.M.M MS, SUBRAMANIAPURAM","NORTH STREET,  SUBRAMANIAPURAM",627758
14970,TENKASI,Vasudevanallur,"S.R.P MS, SIVAGIRI",SIVARAMALINGAPURAM SIVAGIRI,627757
14971,TENKASI,Vasudevanallur,"SDA MATRIC HR SEC SCHOOL,T.N.PUTHUKUDI,PULIANGUDI","Main Road,T.N Puthukudi\Puliangudi",627855
14972,TENKASI,Vasudevanallur,"SEENIAMMAL HS,CHINTHAMANI","SUNDARAVINAYAGAR KOVIL KOLLAKAMPALATHTHAR STCHINTHAMANI,PULIANGUDI",627855
14973,TENKASI,Vasudevanallur,"SENAITHALAIVAR MS, VASUDEVANALLUR","SENAIYAR SCHOOL STREET, VASUDEVANALLUR",627758
14974,TENKASI,Vasudevanallur,SIVAGIRI SENAITHALAIVAR HSS,"sivaramalingapuram school street, sivagiri",627757
14975,TENKASI,Vasudevanallur,"SM MS, THALAIVANKOTTAI",WEST STREET . THALAIVANKOTTAI,627755
14976,TENKASI,Vasudevanallur,"SRI KANNA MATRIC .HSS, CHINTHAMANI",esakki amman kovil streetchinthamani,627855
14977,TENKASI,Vasudevanallur,"ST.MARYS MAT. SCHOOL, MULLIKULAM","1/186 Thalaivankottai road , MullikulamKadayanallur Taluk, Triunelveli District Tamil Nadu",627755
14978,TENKASI,Vasudevanallur,"STELLA MARYS HSS,SIVAGIRI","DEVIPATTANAM  ROAD, SIVAGIRI",627757
14979,TENKASI,Vasudevanallur,"SUYAMBULINGAM HSS,PULIANGUDI","1, Karpagaveethi\T.N Puthukudi  Puliangudi",627855
14980,TENKASI,Vasudevanallur,SVC SAI NIKETAN SCHOOL,"SVC NAGARSankarankovil Road, Puliangudi",627855
14981,TENKASI,Vasudevanallur,"SWAMI RENUGAL MS, VISWANATHAPERI","1/69,SAKTHI EASTWEST STREET,VISWANATHAPERI",627757
14982,TENKASI,Vasudevanallur,"T.S.M MS, PULIANGUDI","27, KALADI MIDDLE STREET PULIANGUDI",627855
14983,TENKASI,Vasudevanallur,"TDTA MS, T.N. PUTHUGUDI","KAVAL RAMASAMY STREETT.N.PUTHUKUDI, PULIANGUDI",627855
14984,TENKASI,Vasudevanallur,Tenkasi District Government Model School,"S VEERASAMY CHETTIYAR COLLEGE OF ENGINNERING CAMPUS, SV NAGAR, PULIYANGUDI",
14985,TENKASI,Vasudevanallur,THANGAPALAM MATRICULATION HSS SUBRAMANIAPURAM,Rajapalayam - Tenkasi Main roadSubramaniapuram,627758
14986,TENKASI,Vasudevanallur,THIRU C P ATHITHANAR GIRLS HIGH SCHOOL RAYAGIRI,29e MANGAMMAL SALAI STREET RAYAGIRI      SIVAGIRI TIRUNELVELI,627764
14987,TENKASI,Vasudevanallur,TMS WELLDONE MATRICULATION SCHOOL PULIANGUDI,JINNA NAGAR 5TH STREET  (WEST ZONE ) T.N.P. PULIANGUDI,627855
14988,TENKASI,Vasudevanallur,VEERAMARUDU SAHODARARHAL VIDYALAYA NELKATTUMSEVAL,ARANMANAI STREETNELKARRUMSEVAL,627758
14989,TENKASI,Vasudevanallur,"VIVEKA MAT.HSS, SIVAGIRI",12A NETHAJI ROAD      SIVAGIRI,627757
14990,THANJAVUR,Ammapettai-TNJ,AIDED MS - KALANCHERI,"AGRAHARAM ROAD , KALANCHERI",613504
14991,THANJAVUR,Ammapettai-TNJ,DR.V.GENGUSAMY MAT. -MELATTUR,SOUTH STREET\MELATTUR,614301
14992,THANJAVUR,Ammapettai-TNJ,EDT. HSS N.V. KUDIKKADU,"N V KUDIKADU, POONDI VIA, THANJAVUR",613502
14993,THANJAVUR,Ammapettai-TNJ,FATHIMA MATRIC HIGHER SECONDARY SCHOOL - KOVILUR,NAGAI MAIN ROADPOONDI (VIA),613502
14994,THANJAVUR,Ammapettai-TNJ,GHS - ANNAPPANPETTAI,GOVT HIGH SCHOOLANNAPPANPETTAI,613003
14995,THANJAVUR,Ammapettai-TNJ,GHS - ARUNTHAVAPURAM,ARUNDAVAPURAM\AMMAPETTAI,614402
14996,THANJAVUR,Ammapettai-TNJ,GHS - KAMBARNATHAM,Kambarnatham (Po)Papanasam (Tk),613504
14997,THANJAVUR,Ammapettai-TNJ,GHS - UTHAMARGUDI,GOVT HIGH SCHOOL UTHAMARKUDI,614402
14998,THANJAVUR,Ammapettai-TNJ,GHS AMMAPETTAI,GANDHIJI ROAD AMMAPETTAI,614401
14999,THANJAVUR,Ammapettai-TNJ,GHS IRUMPUTHALAI,04374-29466504374-294665,613504
15000,THANJAVUR,Ammapettai-TNJ,GHSS -  SALIYAMANGALAM,GOVT HR SEC SCHOOL\SALIYAMANGALAM,613504
15001,THANJAVUR,Ammapettai-TNJ,GHSS - MELATTUR,MAIN ROAD \MELATTUR,614301
15002,THANJAVUR,Ammapettai-TNJ,GHSS - POONDI,GHSS POONDI,613502
15003,THANJAVUR,Ammapettai-TNJ,GHSS - THIRUKARUKKAVUR,AGRAHARAM STREETPAPANASAM TK,614302
15004,THANJAVUR,Ammapettai-TNJ,INDIAN CITY SCHOOL,,
15005,THANJAVUR,Ammapettai-TNJ,PUMS - ARUMALAIKKOTTAI,pums arumalaikottairagavambalpuram post,614019
15006,THANJAVUR,Ammapettai-TNJ,PUMS - ATHUR,pums  ATHUR   melakalakudi panchayathammappettai union Thanjavur (dt),613501
15007,THANJAVUR,Ammapettai-TNJ,PUMS - EDAIIRUPPU,Rice Mil  StreetEdaiyiruppu,614302
15008,THANJAVUR,Ammapettai-TNJ,PUMS - KOVILUR,"sivan kovil street, kovilur&(post)sivan kovil street,kovilur&(post)",613502
15009,THANJAVUR,Ammapettai-TNJ,PUMS - PUTHUR,"west street,puthur,ammapetttai union, papanasam-taluk,Thanjavur.",614402
15010,THANJAVUR,Ammapettai-TNJ,PUMS - RAILADY AMMAPETTAI,PANJAYATH UNOIN MIDDLE SCHOOLKOKEARY (POST) RAILADY AMMAPEATAI,614402
15011,THANJAVUR,Ammapettai-TNJ,PUMS - RARAMUTHIRAKOTTAI,PANCHAYAT UNION MIDDLE SCHOOL RARAMUTHIRAIKOTTAI,613501
15012,THANJAVUR,Ammapettai-TNJ,PUMS - SALIAYAMANGALAM,PUMS SALIYAMANGALAMPAPANASAM TK THANJAVUR,613504
15013,THANJAVUR,Ammapettai-TNJ,PUMS - SIKKAPATTU,KUDIYANA STREET\SIKKAPPATTU,614403
15014,THANJAVUR,Ammapettai-TNJ,PUMS - SOOLIAKOTTAI,kudiyana streetpanchayat union middle school sooliyakkottai,613504
15015,THANJAVUR,Ammapettai-TNJ,PUMS - THIRUBUVANAM,"p.u.m.school,keelathirubuvanam,Thirubuvanam,",613504
15016,THANJAVUR,Ammapettai-TNJ,PUMS - UKKADAI,PUMS -UKKADAIAMBALAKARA STREET,614401
15017,THANJAVUR,Ammapettai-TNJ,PUMS - VADAKKUMANGUDI,EAST STREET VADAKKUMANKUDI,614303
15018,THANJAVUR,Ammapettai-TNJ,PUMS - VAIYACHERI,"Vaiyacheri, pasupatthi kovil (post),  Ayyampatai.Vaiyacheri, Pasupatthi kovil (post),  Ayyampatai",614206
15019,THANJAVUR,Ammapettai-TNJ,PUMS- SENBAGAPURAM,SENBAKAPURAM   AMMAPETTAI,613502
15020,THANJAVUR,Ammapettai-TNJ,RC AIDED HSS(G) - AMMAPETTAI,VANDIYAR COLONYAMMAPETTAI,614401
15021,THANJAVUR,Ammapettai-TNJ,"SRI LAKSHMI VIDYALAYA MATRICULATION SCHOOL, AMMAPETTAI","WEST AGRAHARAM \CHINNAKADAI STREET,AMMAPET.",614401
15022,THANJAVUR,Ammapettai-TNJ,ST. MARCINA'S MAT.HSS-AMMAPETTAI,"27,VANDAYAR COLONYAMMAPET",614401
15023,THANJAVUR,Ammapettai-TNJ,U.A.A.T HSS - AMMAPETTAI,MELA ULLURullur,614401
15024,THANJAVUR,Ammapettai-TNJ,"UKKADAI A.VISWANATHA DEVAR MATRICULATION SCHOOL, AMMAPETTAI","PUTHUR, KOKKERI POST, AMMAPET, PAPANASAM TK, THANJAVUR DT.",614402
15025,THANJAVUR,Budalur,ADW HS -PUDUKUDDI,PudukkudiBudalur TK,613402
15026,THANJAVUR,Budalur,ADWHS-MUTHUVEERAKANDIYANPATTI,"GOVT HIGH
SCHOOL(ADW),MUTHUVEERAKANDIYANPATTI,AVARA MPATTI (POST),BUDALUR(TK),THANJAVUR(DT).",613602
15027,THANJAVUR,Budalur,ADWHSS-AGARAPETTAI,nemam(po)budalur(tk),613104
15028,THANJAVUR,Budalur,ADWMS-CHINNAKANGEYANPATTI,"CHINNAKANKEYANPATTI,
CHINNAKANKEYANPATTI(PO),BUDALUR(TK), THANJAVUR(DT)",613602
15029,THANJAVUR,Budalur,CHELLAM AMS-ORATHUR,"colony street,orathur,BUDALUR(TK), THANJAVUR(DT)",613602
15030,THANJAVUR,Budalur,GBHSS-BUDALUR,"GBHSS BUDALUR,AYYANAPURAM ROAD,BUDALUR(PO),
BUDALUR(TK), THANJAVUR(DT)",613602
15031,THANJAVUR,Budalur,GGHSS -BUDALUR,"GGHSS BUDALUR,MIDDLE STREET,BUDALUR(PO), BUDALUR(TK),THANJAVUR(DT).",613602
15032,THANJAVUR,Budalur,GHS-ACHAMPATTI,"GHS
ACHAMPATTI,SENGIPATTI(VIA)ACHAMPATTI(POST), BUDALUR (TK), THANJAVUR(DT)",613402
15033,THANJAVUR,Budalur,GHS-CHELLAPPANPETTAI,"GHS-SELLAPPANPETTAI, MARUTHAKKUDI(PO), BUDALUR(TK),THANJAVUR(DT)",613602
15034,THANJAVUR,Budalur,GHS-INDALUR,"GHS INDALUR, INDALUR POST,BUDALUR TK,THANJAVUR DISTRICT.",613102
15035,THANJAVUR,Budalur,GHS-KOVILADI,"MAIN ROAD, KOVILADI POST, BUDALUR TALUK, THANJAVUR DISTRICT.",613105
15036,THANJAVUR,Budalur,GHS-RAYAMUNDANPATTI,"RAYAMUNDANPATTI, BUDALUR TK,,THANJAVUR DISTRICT.",613402
15037,THANJAVUR,Budalur,GHSS-ELANGADU,EAST STREETELANGADU,613104
15038,THANJAVUR,Budalur,GHSS-MANAIYERIPATTI,"GHSS MANAIYERIPATTI, NORTH STREETMANAIYERIPATTI (PO), BUDALUR (TK)",613402
15039,THANJAVUR,Budalur,GHSS-SENGIPATTI,"GHSS SENGIPATTI,KEERANUR ROAD
,SENGIPATTI(PO),BUDALUR(TK),THANJAVUR(DT)",613402
15040,THANJAVUR,Budalur,GHS-THIRUKKATTUPALLI,"GOVT HIGH SCHOOL, THIRUKKATTUPPALLI ,BUDALUR TALUK, THANJAVUR DISTRICT.",613104
15041,THANJAVUR,Budalur,OUR LADY OF HEALTH MATRIC HR. SEC SCHOOL - BUDALUR,"MAIN ROAD BUDALUR, BUDALUR(TK),THANJAVUR (DT)",613602
15042,THANJAVUR,Budalur,PUMS-KOOTHUR,"UPPU KAACHI STREET, KOOTHUR, BUDALUR TALUK, THANJAVUR Dt.",613104
15043,THANJAVUR,Budalur,PUMS-MGM.SANATORIUM,"PUMS M.G.M.SANATORIUM,SENGIPATTI (VIA),BUDALUR(TK),THANJAVUR(DT)",613402
15044,THANJAVUR,Budalur,PUMS-NEMAM,"PUMS NEMAM, BUDHALUR UNIONBUDHALUR TALUK",613104
15045,THANJAVUR,Budalur,PUMS-PALAYAKARIYAPATTI,PalayakariyapattiSengipatti,613402
15046,THANJAVUR,Budalur,PUMS-PALAYAPATTI SOUTH,"P.U.M.S PALAYAPATTI(SOUTH),SENGIPATTI POST,BUDALUR(TK), THANJAVUR(DT)",613402
15047,THANJAVUR,Budalur,PUMS-PAVANAMANGALAM,"PAVANAMANGALAM POST. POONDI VIA, BUDALUR TALUK, THANJAVUR DISTRICT.",613105
15048,THANJAVUR,Budalur,PUMS-PUDUPATTI,"PUMS PUDUPATTI,MUTHANDIPATTI- PO, SENGIPATTI(VIA), BUDALUR( T.K), THANJAVUR (DT)",613402
15049,THANJAVUR,Budalur,PUMS-THOGUR,ANNA VALAIVU THOGUR BUDALUR TALUK,613102
15050,THANJAVUR,Budalur,PUMS-VALAMBAKUDI,"Maniyeripatti Po, Senkipatti Via",613402
15051,THANJAVUR,Budalur,RC AMS-MEGALATHUR,church street megalathur,613102
15052,THANJAVUR,Budalur,REV.FR.LXM HSS -THIRUKKATTUPALLI,"REV. FR. LOURDU XAVIER MATRIC. HR. SEC. SCHOOL,THIRUKKATTUPALLI.",613104
15053,THANJAVUR,Budalur,SHEMFORD FUTURISTIC SCHOOL-BUDALUR,"SHEMFORD FUTURISTIC  SCHOOL-
BUDALUR,Thirukkattupalli Main Road,Budalur(TK),",613602
15054,THANJAVUR,Budalur,SINNARANI AHS- A.POONDI,"CHINNA RANI HIGH SCHOOL,,ALAMELUPURAM
POONDI,(post),THIRUKKATTUPPALLI(via),BUDALUR(TK)T HANJAVUR(DIST)",613105
15055,THANJAVUR,Budalur,SIR SIVASWAMI AYYAR HSS-THIRUKATTUPALLI,"50 NO ROAD  BUDALUR SALAI,THIRUKKATTUPALLI, BUDALUR(TK),THANJAVUR(DT)",613104
15056,THANJAVUR,Budalur,"SIR SIVASWAMI BALAVIDHYALAYA
MATRICULATION HIGHER SECONDARY SCHOOL - THIRUKKATTUPALLI","KUDAMURUTI LINE KARAI,  THIRUKATTUPALLI, 13 NO
ROAD, THIRUKKATTUPPALLI, BUDALUR TALUK, THANJAVUR DISTRICT,",613104
15057,THANJAVUR,Budalur,SIVASWAMI AYYAR CENTENARY GIRLS' HIGH SCHOOL THIRUKKATTUPPALLI,"NO.13 ROAD, THIRUKATTUPPALLI,BUDALUR ROAD , THIRUKKATTUPPALLI,BUDALUR(TK),THANJAVUR(DT)",613104
15058,THANJAVUR,Budalur,SRIDIVYA MKR MAT.SCHOOL-SANOORAPATTI,"NO.1, DIVYANAGARTRICHY THANJAI MAIN ROAD",613402
15059,THANJAVUR,Budalur,ST PETER PAULS  HS -MUTHANDIPATTI,"ST PETER PAULS HIGH SCHOOL,MUTHANDIPATTI (POST), SENGIPATTI (VIA), THANJAVUR (DT)",613402
15060,THANJAVUR,Budalur,VIDHYA MHSS- BUDALUR,"THANJAVUR MAIN ROAD,BUDALUR,  THANJAVUR DISTRICT.",613602
15061,THANJAVUR,Budalur,YAGAPPA INT RESI. SCHOOL -SENGIPATTI,yagappa international residental schooltrichy express highway,613402
15062,THANJAVUR,Kumbakonam,AA MPL MS KUMBAKONAM,AYYAPPAN NAGAR KUMBAKONAMKUMBAKONAM,612001
15063,THANJAVUR,Kumbakonam,AAGHSS KUMBAKONAM,Kambatta Vishwanathar Kizha stKumbakonam,612001
15064,THANJAVUR,Kumbakonam,ADW MS - CHOLAPURAM,Thulukkaveli old streetVilanthakandam,612503
15065,THANJAVUR,Kumbakonam,AIDED MS - MADAKUDI,"137 VELLALAR STREETTHIPPIRAJAPURAM PO, MADAGUDI",612402
15066,THANJAVUR,Kumbakonam,AIDED MS DEVANACHERY,DEVANANCHERYKUMBAKONAM,612501
15067,THANJAVUR,Kumbakonam,AIDED MS KORANATTU KARUPPUR,Thirumanjana veethiKORANATTU KARUPPUR,612501
15068,THANJAVUR,Kumbakonam,AIDED MS SWAMIMALAI,SOUTH VADAM POKKI STREETSWAMIMALAI,612302
15069,THANJAVUR,Kumbakonam,AJC ENGLISH SCHOOL KUMBAKONAM,"12, LBS ROAD, KUMBAKONAM",612001
15070,THANJAVUR,Kumbakonam,"Al-Ameen Matriculation Higher Secondary School, Kumbakonam","133-B RAILWAY NEW ROAD, KUMBAKONAM",612001
15071,THANJAVUR,Kumbakonam,AMMANKOIL AIDED MS KUMBAKONAM,10/89 A.A ROADKUMBAKONAM,612001
15072,THANJAVUR,Kumbakonam,ANNA GHSS-PATTEESWARAM -MODEL,RAJARAJAN NAGARPATTEESWARAM,612703
15073,THANJAVUR,Kumbakonam,ARR MAT HSS KUMBAKONAM,"TSNO.1010,
A.R.R. NAGAR KUMBAKONAM",612001
15074,THANJAVUR,Kumbakonam,ARR MPL HSS KUMBAKONAM,"KOTHAN OTTHAI  STREET, KUMBAKONAM         612001",612001
15075,THANJAVUR,Kumbakonam,ARR SL VIDYASHRAAM  SENIOR SECONDARY SCHOOL -KUMBAKONAM,"156\ARR ROAD, KUMABAKONAM",612001
15076,THANJAVUR,Kumbakonam,BANADURAI AHSS KUMBAKONAM,30 BANADURAI SOUTH STREET\KUMBAKONAM,612001
15077,THANJAVUR,Kumbakonam,BHARATHA RATHNA PURATCHITHALAIVAR DR.MGR MEMMORIAL MPL MIDDLE SCHOOL,saraganapani sanathi kumbakonam,612001
15078,THANJAVUR,Kumbakonam,"C.P VIDYA MANDIR MATRICULATION HIGHER SECONDARY SCHOOL,  KUMBAKONAM","170-172, ARR ROAD, KUMBAKONAM.",612001
15079,THANJAVUR,Kumbakonam,CHRIST MATRICULATION SCHOOL KUMBAKONAM,OA2 KALIYAPILLAI ROADKUMBAKONAM,612001
15080,THANJAVUR,Kumbakonam,CHRIST THE KING (GIRLS) MAT HSS- KUMBAKONAM,RAJAPANDIAN NAGAR KUMBAKONAM,612001
15081,THANJAVUR,Kumbakonam,CHRIST THE KING(BOYS) MAT HSS KUMBAKONAM,47 LAL BAHADUR SASTRI ROAD KUMBAKONAM,612001
15082,THANJAVUR,Kumbakonam,DHANISHLOS SPL SCH MS-MP MANDAPAM,MUTHUPILLAI MANDAPAMKUMBAKONAM,612401
15083,THANJAVUR,Kumbakonam,EQUITAS GURUKUL MATRICULATION SCHOOL - KUMBAKONAM,"1748/4 & 5, ELANGA NAGAR, GOODSHED ROADKUMBAKONAM",612001
15084,THANJAVUR,Kumbakonam,GHS - KEELAKORUKKAI,MAIN ROADMARIYAMMAN KOIL OPPOSITE,612402
15085,THANJAVUR,Kumbakonam,GHS - SHOLAPURAM,East streetSholapuram,612503
15086,THANJAVUR,Kumbakonam,GHS - THIPPIRAJAPURAM,IYANAR THOPPUTHIPPIRAJAPURAM,612402
15087,THANJAVUR,Kumbakonam,GHS - UDAIYALUR,"Madhappan Thidal, Udaiyalur.",612804
15088,THANJAVUR,Kumbakonam,GHSS - CHOLAPURAM,"MAIN ROAD, VILANDAKANDAMCHOLAPURAM",612503
15089,THANJAVUR,Kumbakonam,GHSS - THIRUPPURAMBIAM,"KUDITHANKI ROAD ,THIRUPPURAMBIAM,",612303
15090,THANJAVUR,Kumbakonam,GHSS DARASURAM,RANUVA COLONY DARASURAM THANJAVUR (DIST) 612 702,612702
15091,THANJAVUR,Kumbakonam,GHSS GIRLS KUMBAKONAM,"ANNAI ANJUGAN NAGAR,ULLURKUMBAKONAM",612001
15092,THANJAVUR,Kumbakonam,GHSS NEERATHANALLUR,"EAST STREET\KAVARKOODAM MAIN ROAD,NEERATHANALLUR",612501
15093,THANJAVUR,Kumbakonam,GHSS-SUNDARAPERUMALKOIL,"MAIN ROAD, SUNDARAPERRUMALKOILNA",614208
15094,THANJAVUR,Kumbakonam,GHSS-SWAMIMALAI,south vadampoki street swamimalai,612302
15095,THANJAVUR,Kumbakonam,JAYAM AIDED AMS-SHOLAPURAM,SRI KAILASANATHAR SANNATHICHOLAPURAM,612503
15096,THANJAVUR,Kumbakonam,K.T. VEEDHI AIDED HS KUMBAKONAM,"NO. 4, KUMBESWARAR THIRUMANCHANA VEETHI,KUMBAKONAM",612001
15097,THANJAVUR,Kumbakonam,KALYANASUNDARAM CBSE -CHOZHANMALIGAI,Pateeswaram main roadChozhanmaligai,612703
15098,THANJAVUR,Kumbakonam,KAMARAJAR MPL HS - MELA CAUVERY,"MOHAMED ALI ROAD, MELACAUVERYKUMBAKONAM, THANJAVUR",612002
15099,THANJAVUR,Kumbakonam,KARTHI VIDHYALAYA  MAT  HR.SEC. SCHOOL KORANATTU KARUPPUR,"Karthi Vidhyalaya Matric. Hr. Sec. School,Koranattu KaruppurChettimandapam Bye pass",612501
15100,THANJAVUR,Kumbakonam,KARTHI VIDHYALAYA INTERNATIONAL SCHOOL- KUMBAKONAM,KARTHI VIDHYALAYA INTERNATIONAL SCHOOL\KORANATTU KARUPPUR,612500
15101,THANJAVUR,Kumbakonam,KARTHI VIDHYALAYA PUBLIC SCHOOL,,
15102,THANJAVUR,Kumbakonam,KAVERY MATRICULATION SCHOOL - MELACAUVERY -KUMBAKONAM,"NO.30/23,  VAIKOLKATTUKARA STREET, MELACAUVERY, KUMBAKONAM-612002.",612002
15103,THANJAVUR,Kumbakonam,LITTLE FLOWER HR SEC SCHOOL  KUMBAKONAM,nall roadkumbakonam,612001
15104,THANJAVUR,Kumbakonam,"LITTLE FLOWER MATRICULATION HIGH SCHOOL, KUMBAKONAM",Srinagar colony east extension Kumbakonam,612001
15105,THANJAVUR,Kumbakonam,MADHA DIFFERENTLY ABLED HR SEC SCHOOL- SAKKOTTAI,"Needamangalam Main Road, Sakkottai, Kumbakonam (Tk)",612401
15106,THANJAVUR,Kumbakonam,"MADHA HIGHER  SECONDARY SCHOOL FOR THE DEAF, SAKKOTTAI",NEEDAMANGALAM MAIN ROAD\SAKKOTTAI,612401
15107,THANJAVUR,Kumbakonam,MINERVA HSS KADICHAMPADI,"Mainroad, Kadichambadi\Kumbakonam",612501
15108,THANJAVUR,Kumbakonam,MORNING STAR MAT CHOLAPURAM,59/A MOHAMED ALI STREETCHOLAPURAM,612503
15109,THANJAVUR,Kumbakonam,MOTHER CLARAC MATRICULATION HIGH SCHOOL,KUPPANGULAM\KUMBAKONAM,612001
15110,THANJAVUR,Kumbakonam,MPL MS - KOTTAIYUR,"NADU THERUKOTTAIYUR, MELACAUVERY POST, KUMBAKONAM TALUK",612002
15111,THANJAVUR,Kumbakonam,MPL MS MADULAMPET,MUNICIPAL  MIDDLE SCHOOL/MADULAMPET/ KUMBAKONAM-612001,612001
15112,THANJAVUR,Kumbakonam,MYDEEN MAT. HSS - KUMBAKONAM,"30, VELAKUDI VAZHI NADAPPU MELACAUVERY",612002
15113,THANJAVUR,Kumbakonam,"NATIONAL SCHOOL FOR THE HEARING IMPAIRED
-  KUMBAKONAM",2/1118 MAIN ROAD\SRINAGAR COLONY,612001
15114,THANJAVUR,Kumbakonam,NATIONAL VIDYALAYA CBSE HSS - KUMBAKONAM,"AUTO NAGAR, CHEENAI SALAI, KUMBAKONAMCHENNAI SALAI, KUMBAKONAM",612002
15115,THANJAVUR,Kumbakonam,NATIVE AHSS KUMBAKONAM,No.1\Keela Iyyan Street,612001
15116,THANJAVUR,Kumbakonam,ORIENTAL AHSS KUMBAKONAM,"10 A, KARNAKOLLAI AGRAHARAM KUMBAKONAMKUMBAKONAM",612001
15117,THANJAVUR,Kumbakonam,PATTU MATRIC HSS SAKKOTTAI,Needamangalam mainroadSakkottai,612401
15118,THANJAVUR,Kumbakonam,PONNIYAH RAMJAYAM PUBLIC SCHOOL- VALAYAPETTAI,"183/ 3,4 & 8 VALAYAPETTAI DARASURAM BYE PASS",612702
15119,THANJAVUR,Kumbakonam,PUMS - AMMAPETTAI,Vazhinadappu Ammapettai,612702
15120,THANJAVUR,Kumbakonam,PUMS - MANAPADAIVEEDU,MAIN ROADMANAPPADAIVEEDU,612302
15121,THANJAVUR,Kumbakonam,PUMS - NADUVAKKARAI,PERUMALKOVIL THERUNADUVAKKARAI,612103
15122,THANJAVUR,Kumbakonam,PUMS - NATHANKOIL,NathankovilPambapadaiyur,612703
15123,THANJAVUR,Kumbakonam,PUMS - SENGANOOR,SENGANOORKUMBAKONAM,612504
15124,THANJAVUR,Kumbakonam,PUMS - THENAMPADUGAI,"North Street, Thenampadugai",612703
15125,THANJAVUR,Kumbakonam,PUMS - THIRUPURAMBIYAM,Velar streetThiruppurambiyam,612303
15126,THANJAVUR,Kumbakonam,PUMS KALLUR,"Main road,KallurMain road,Kallur",612503
15127,THANJAVUR,Kumbakonam,PUMS KALLUR,"Main road,Kallur Main road,Kallur",
15128,THANJAVUR,Kumbakonam,PUMS KOVELACHERI,KOVILACHERYKOVILACHERY (PO),612503
15129,THANJAVUR,Kumbakonam,PUMS MP MANDABAM,"west street, Muthupillai mandabam, Sakkotai post
,Kumbakonamwest street, Muthupillai mandabam, Sakkotai post
,Kumbakonam",612401
15130,THANJAVUR,Kumbakonam,PUMS NAGAKUDI,"15,SOUTH STREET",612301
15131,THANJAVUR,Kumbakonam,PUMS SOLANMALIGAI,"Panchayat union middle school, CholanmaligaiNear Patteeswaram.",612703
15132,THANJAVUR,Kumbakonam,PUMS-AMMACHATRAM,THIRU MANGANA VEETHIAMMACHATRAM,612103
15133,THANJAVUR,Kumbakonam,PUMS-ASOOR,MANDHAIVELIASOOR,612501
15134,THANJAVUR,Kumbakonam,PUMS-PULIYAMBADI,COLONY ST\PULIYAMBADI,612303
15135,THANJAVUR,Kumbakonam,PUMS-SATHANGUDI,Sathangudi Asoor Post,612501
15136,THANJAVUR,Kumbakonam,RANI SUBBAIYYAR MPL MS KUMBAKONAM,MUMMORTHY VINAYAGA STREETKUMBAKONAM,612001
15137,THANJAVUR,Kumbakonam,RC MORNING STAR AHS KUMBAKONAM,"125, gandhiadikal salai,\Kumbakonam",612001
15138,THANJAVUR,Kumbakonam,SARASWATHI PADASALA AHSS  KUMBAKONAM,"NO.1,LAKSHMI VILAS STREETKUMBAKONAM",612001
15139,THANJAVUR,Kumbakonam,Shri Balaji Matriculation School,Sri Muguntha NallurSakkottai,612401
15140,THANJAVUR,Kumbakonam,SRI KALAIMAGAL KENDRA MATRIC HIGHER SECONDARY SCHOOL KUMBAKONAM,"17,19 ANDIAPPAR STREET,KUMBAKONAM1ST STREET",612001
15141,THANJAVUR,Kumbakonam,SRI MATHA MAT HSS KUMBAKONAM,DR BESANT ROADKUMBAKONAM,612001
15142,THANJAVUR,Kumbakonam,ST AGASTHINAR AMS KUMBAKONAM,"kamaraj road,kumbakonam",612001
15143,THANJAVUR,Kumbakonam,ST ANNES MATRICULATION HIGHER SECONDARY SCHOOL(GIRLS) KUMBAKONAM,"23, GANDHI NAGARSRI NAGAR COLONY, KUMBAKONAM",612001
15144,THANJAVUR,Kumbakonam,ST JOSEPH AHSS KUMBAKONAM,"123 KAMARAJ ROAD, KUMBAKONAM",612001
15145,THANJAVUR,Kumbakonam,ST. XAVIER HIGH SCHOOL-KUMBAKONAM,ARASALARU VAZHINADAPPU SEMBODAIKUMBAKONAM,612001
15146,THANJAVUR,Kumbakonam,ST.ANTONYS MAT HR SEC SCHOOL. - SAKKOTTAI,"NEEDAMANGALAM  MAIN ROAD SAKKOTTAI, KUMBAKONAM",612401
15147,THANJAVUR,Kumbakonam,TAN ACADEMY MAT HSS KUMBAKONAM,30 GANDHI NAGAR KUMBAKONAM,612001
15148,THANJAVUR,Kumbakonam,THAMARAI INTERNATIONAL SCHOOL- KUMBAKONAM,"T.S No 156/4A, Asoor Road, Kadichambadi, Kumbakonam",612501
15149,THANJAVUR,Kumbakonam,THIRUNAVUKARASU AMS KUMBAKONAM,"46,vattikkurukkal streetkumbakonam",612001
15150,THANJAVUR,Kumbakonam,TOWN AHSS KUMBAKONAM,22 NAGESWARAN THIRUMANJANA VEEDHIKUMBAKONAM,612001
15151,Thanjavur,Kumbakonam,Town higher secondary school,,
15152,THANJAVUR,Kumbakonam,VALLALAR AHSS - KUMBAKONAM,EAST KOTTAIYURKUMBAKONAM,612002
15153,THANJAVUR,Kumbakonam,VELAMMAL BODHI CAMPUS- KUMBAKONAM,NEEDAMANGALAMMAIN ROAD SAKKOTTAI KUMBAKONAM,612401
15154,THANJAVUR,Kumbakonam,"VIVEKANANDHA VIDYALAYA MATRICULATION HIGHER SECONDARY SCHOOL, THENAMPADUGAI","MAIN ROAD,THENAMPADUGAI",612703
15155,THANJAVUR,Madukkur,FATHIMA MARIAM - HSS - MADUKUR,"NO.10  PERIYAR NAGAR , EDAYAKKADU\MADUKKUR",614903
15156,THANJAVUR,Madukkur,GANDHI MATRIC HSS-VIKRAMAM,MAHATHMA NAGARVIKRAMAM,614903
15157,THANJAVUR,Madukkur,GHS - ATHIVETTI,GHS ATHIVETTI\PATTUKKOTTAI,614613
15158,THANJAVUR,Madukkur,GHS - KANYAKURICHI,Main street\Kanniyakkurichi,614017
15159,THANJAVUR,Madukkur,GHS - KEELAKURICHI,south streetkeelakurichi,614015
15160,THANJAVUR,Madukkur,GHS - MOOTHAKURICHI,MAIN ROAD MOOTHAKKURICHI,614906
15161,THANJAVUR,Madukkur,GHS - PERIYAKKOTTAI,"GHS, main road,Periyakkottai-614903",614903
15162,THANJAVUR,Madukkur,GHS - VATTAKUDI,MURUGAN KOIL STREET\VATTAKUDI NORTH,614613
15163,THANJAVUR,Madukkur,GHS (GIRLS) - ALATHUR,MIDDLE STREETALATHUR,614901
15164,THANJAVUR,Madukkur,GHSS - ALATHUR,"MIDDLE STREET ,alathurmiddle street, alathur",614901
15165,THANJAVUR,Madukkur,GHSS - SIRAMELKUDI,"MAIN ROAD, SIRAMELKUDIMAIN ROAD, SIRAMELKUDI",614903
15166,THANJAVUR,Madukkur,GHSS- KASANKADU,KasangaduPattukottai,614613
15167,THANJAVUR,Madukkur,GHSS(BOYS) - MADUKKUR,MAIN ROADMADUKKUR,614903
15168,THANJAVUR,Madukkur,GHSS(GIRLS) -MADUKKUR,"MADUKKUR NORTH,MADUKKURMADUKKUR NORTH,MADUKKUR",614903
15169,THANJAVUR,Madukkur,MAHATHMA GANDHI PUBLIC SCHOOL,,
15170,THANJAVUR,Madukkur,PUMS - ALAMPALLAM,ALAMPALLAMALATHUR (VIA),614901
15171,THANJAVUR,Madukkur,PUMS - ANDAMI,"ANDAMI,MADUKKUR.",614903
15172,THANJAVUR,Madukkur,PUMS - AVIKKOTTAI,"pums avikkottai,keelakurichipost ,madukkur Thanjavur Dt.pums Avikkottai,keelakurichi post madukkur Tanjore Dt.",614015
15173,THANJAVUR,Madukkur,PUMS - KADANTHANKUDI,East Street\Kadanthankudi,614903
15174,THANJAVUR,Madukkur,PUMS - KARUPPUR,"PUMS KARUPPUR PATTUKKOTTAI TK,THANJAVUR DIST",614903
15175,THANJAVUR,Madukkur,PUMS - MADUKKUR NORTH,SOUTH STREET\MADUKKUR - NORTH,614903
15176,THANJAVUR,Madukkur,PUMS - MADUKKUR P.K. ST,"PANCHAYAT UNION MIDDLE SCHOOL -MADUKKUR
PILLAIYAR KOVIL STREET MADUKKUR BLOCK,THANJAVUR-DISTRICT",614903
15177,THANJAVUR,Madukkur,PUMS - MADUKKUR SOUTH,"P.U.M.School,Madukkur South.\Madukkur South.",624903
15178,THANJAVUR,Madukkur,PUMS - MANNANKADU NORTH,mainroadmannankadu north,614613
15179,THANJAVUR,Madukkur,PUMS - PULAVANCHI,"south street, Pulavanchi",614903
15180,THANJAVUR,Madukkur,PUMS - RAMAMBALPURAM,RAMAMBALPURAM\MADUKKUR,614903
15181,THANJAVUR,Madukkur,PUMS - SOKKANAVUR,MIDDLE STREETCHOKKANAVUR,614017
15182,THANJAVUR,Madukkur,PUMS - VEPPANKULAM,MIDDLE STREETVEPPANKULAM,614906
15183,THANJAVUR,Madukkur,PUMS - VIKRAMAM,"MARIYAMMAN KOIL STREET,VIKRAMAM",614903
15184,THANJAVUR,Madukkur,SRI RAMAVILAS AIDED MIDDLE SCHOOL - ELANKADU,EAST STREETELANKADU,614903
15185,THANJAVUR,Madukkur,"SRI VENKATESWARA VIDHYA MANDHIR HR SEC SCHOOL, THALIKKOTTAI","sri venkateswara vidhya mandhir higher secondary school,Thalikkottai , Nattuchalai po",614906
15186,THANJAVUR,Madukkur,SRI VINAYAKA PUBLIC SCHOOL -MOHUR,"Main Road,MOHUR,\Madukkur Block",614903
15187,THANJAVUR,Madukkur,WESTERN MATRIC HS - VIKRAMAM,"2/312,SIRAMELKUDI ROAD92,MOSQUE STREET",614903
15188,THANJAVUR,Orathanadu,PUMS- NEDUVAKKOTTAI,"PANCHAYATH UNION MIDDLE SCHOOL -
NEDUVAKKOTTAI NEDUVAKKOTTAI, Kovilur.ORATHANADU THANJAVUR",614625
15189,THANJAVUR,Orathanadu,D.A. GHSS  - PONNAPPUR,"D.A GOVT HR SEC SCHOOLPONNAPPUR, ORATHANADU TK , THANAJAVUR DT",614904
15190,THANJAVUR,Orathanadu,GHS  - KULAMANGALAM,"GHS KULAMANGALAM,  KULAMANAGALAM ORATHANADU T.K",614019
15191,THANJAVUR,Orathanadu,GHS - 34 KOVILUR,"GHS, 34KOVILURORATHANADU, THANJAVUR",614625
15192,THANJAVUR,Orathanadu,GHS - ADHANAKKOTTAI,"Kottai theru, Adankottai, Orathanadu (Tk), thanajvur (Dt)Kottai theru, Adankottai, Orathanadu (Tk), thanajvur (Dt)",614902
15193,THANJAVUR,Orathanadu,GHS - ARSUTHIPATTU,"GOVT HIGH SCHOOL
ARSUTHIPATTU ORATHANADU",613504
15194,THANJAVUR,Orathanadu,GHS - AZHIAVAIKKAL NATHAM,"GOVT HIGH SCHOOL AZHIAVAIKKAL NATHAM, ORATHANADU",614902
15195,THANJAVUR,Orathanadu,GHS - KAKKARAI,"GHS Kakkarai, pin -614625",614625
15196,THANJAVUR,Orathanadu,GHS - KANNANTHANGUDI MELAIYUR,Govt High School\Kannanthangudi West,614625
15197,THANJAVUR,Orathanadu,GHS - KANNANTHANKUDI (EAST),"GHS,KANNANTHANKUDI EAST,ORATHANADU TALUK,THANJAVUR (DT)",614615
15198,THANJAVUR,Orathanadu,GHS - KAVARAPPATTU,GOVT HIGH SCHOOL-KAVARAPPATTU,614625
15199,THANJAVUR,Orathanadu,GHS - NADUVOOR,"GHS NADUVUR, Orathanad (tk) thanjavur - 614904",614904
15200,THANJAVUR,Orathanadu,GHS - SADAIYARKOIL,"GOVT.HIGH SCHOOL, SADAIYARKOVIL.",614019
15201,THANJAVUR,Orathanadu,GHS -SETHURAYANKUDIKKADU,"SETHURAYANKUDIKKADU, ORATHANADU(TK) THANJAVUR",614902
15202,THANJAVUR,Orathanadu,GHS -THIRUMANGALAKKOTTAI MELA COLONY,GHS ANNA STREETTHIRUMANGALAKOTTAIMELACOLONY,614905
15203,THANJAVUR,Orathanadu,GHS(G) - OKKANADU KEELAIYUR,"okkanadu keelaiyur, Orathanadu",614625
15204,THANJAVUR,Orathanadu,GHS-ORATHANADU PUDUR,"GHS ORATHANADU PUDUR  orathanadu Bye pass, Orathanadu",614625
15205,THANJAVUR,Orathanadu,GHS-POOVATHUR,"MIDDLE STREET, POOVATHURORATHANADU TALUK",614625
15206,THANJAVUR,Orathanadu,GHSS  - OKKANADU KEELAIYUR,"GHSS-OKKANADUKEELAIYUR, ORATHANADU",614625
15207,THANJAVUR,Orathanadu,GHSS - EACHANKOTTAI,main street eachankottaieachankottai,614902
15208,THANJAVUR,Orathanadu,GHSS - KANNUKUDI (WEST),GOVT.HR.SEC.SCHOOLKANNUKUDI WEST,614901
15209,THANJAVUR,Orathanadu,GHSS - KARUKKADIPPATTI (WEST),west karukkadipatti orathanadu thanjavur,614902
15210,THANJAVUR,Orathanadu,GHSS - MELAULUR,"GHSS MELAULUR , AZHIYAVAIKKKAL ROAD,MELAULUR",614904
15211,THANJAVUR,Orathanadu,GHSS - NEIVASAL,"GOVERNMENT HIGHER SECONDARY SCHOOL, MAIN ROAD, NEIVASAL SOUTH",614019
15212,THANJAVUR,Orathanadu,GHSS - PAPPANADU,AVIDNALLA VIJAYAPURAM PAPPANADU,614626
15213,THANJAVUR,Orathanadu,GHSS - POYYUNDARKOTTAI,"GOVT.HR.SEC.SCHOOL,
POYYUNDARKOTTAI ORATHANADU(TK)",614902
15214,THANJAVUR,Orathanadu,GHSS - THEKKUR,"GOVT H S SCHOOL,
THEKKUR, orathsanadu THANJAVUR614902.",614902
