S NO,DISTRICT,BLOCK NAME,SCHOOL NAME,SCHOOL ADDRESS,PINCODE
4281,DHARMAPURI,Karimangalam,PUMS GOLLAPATTI,GOLLAPATTIGOLLAPATTI,636805
4282,DHARMAPURI,Karimangalam,PUMS GUDDAPATTI,"PUMS GUDDAPATTI,
KANNIPATTI(PO),KARIMNANGALAM (TK),DHAMAPURIPUMS GUDDAPATTI(VIL),",635205
4283,DHARMAPURI,Karimangalam,PUMS GUNDALAHALLI,"PUM SCHOOL, GUNDALAHALLIBAISUHALLI POST, KARIMANGALAM BLOCK, DHARMAPURI",635205
4284,DHARMAPURI,Karimangalam,PUMS JAMBOOTH,"HANUMANTHAPURAM POST, ANNAMALAIHALLI PANCHAYAT PALACODE TALUK,DHARMAPURI DT",636808
4285,DHARMAPURI,Karimangalam,PUMS JITTANDAHALLI,JITTANDAHALLIJITTANDAHALLI,636805
4286,DHARMAPURI,Karimangalam,PUMS KAMARAJ NAGAR,KAMARAJNAGARKAMARAJNAGAR,636808
4287,DHARMAPURI,Karimangalam,PUMS KANDAGA BILE,"KANDAGABAIL\MALLUPATTI PO  KARIMANGALAM BLOCK, DHARMAPURI DT 636805",636805
4288,DHARMAPURI,Karimangalam,PUMS KARAGAPATTI,KARAGAPPATTIKARIMANGALAM,635123
4289,DHARMAPURI,Karimangalam,PUMS KATHIRAMPATTI,KathirampattiKathirampatti,636805
4290,DHARMAPURI,Karimangalam,PUMS KERAKODA HALLI,keraikodahalli  pokarimangalam  tk,635111
4291,DHARMAPURI,Karimangalam,PUMS KOTHALAM,KOTHALAMKOTHALAM,635106
4292,DHARMAPURI,Karimangalam,PUMS KOVILOOR,KOVILOOR POST\KARIMANGALAM TALUK,635205
4293,DHARMAPURI,Karimangalam,PUMS KULI KADU,"KULIKADU , JITTANDAHALLIKULIKADU , JITTANDAHALLI",636805
4294,DHARMAPURI,Karimangalam,PUMS KUMBARAHALLI,THATRAHALLI  POKARIMANGALAM  TK,635123
4295,DHARMAPURI,Karimangalam,PUMS KUPPANGARAI,kuppangarai pokarimangalam tk,635205
4296,DHARMAPURI,Karimangalam,PUMS MAHENDRAMANGALAM,"PUMS MAHENDRAMANGALAMPUMS MAHENDRAMANGALAM,KARIMANGALAM BLOCK",636805
4297,DHARMAPURI,Karimangalam,PUMS MARAVADI,MARAVADIKARIMANGALAM,636805
4298,DHARMAPURI,Karimangalam,PUMS MARAVADI,MARAVADI KARIMANGALAM,
4299,DHARMAPURI,Karimangalam,PUMS MOLAPPANA HALLI,molapanahallimolapanahali,636705
4300,DHARMAPURI,Karimangalam,PUMS MORASU HALLI,"PUMS,  MORASUHALLI,   MUKKULAM(PO)",635111
4301,DHARMAPURI,Karimangalam,PUMS MOTTALOOR,MOTTALURMOTTALUR,635111
4302,DHARMAPURI,Karimangalam,PUMS MUKKULAMSEEGALAHALLI,karimangalam tkdharmapuri dt,635111
4303,DHARMAPURI,Karimangalam,PUMS MURUKKAMPATTI,A.murukkampattiA.MURUKKAMPATTI,635202
4304,DHARMAPURI,Karimangalam,PUMS NAGANAMPATTI,NAGANAMPATTI VILL GENDIGANAHALLI PO KARIMÀNGALAM TK DHARMAPURI DT,635205
4305,DHARMAPURI,Karimangalam,PUMS PARAIKOTTAI,Kothalam postDharmapuri dt,635106
4306,DHARMAPURI,Karimangalam,PUMS PERIYADHABBAI,"PUMS PERIYADHABBAI,JITTANDAHALLI POSTKAARIMANGALAM BLOCK, PALACODE TK",636805
4307,DHARMAPURI,Karimangalam,PUMS PULIKKAL,Ellangalapatti postKarimangalam Union,636808
4308,DHARMAPURI,Karimangalam,PUMS RAMIYAMPATTI,"RAMIYAMPATTI
MALLIKUTTAI PO KARIMANGALAM",635205
4309,DHARMAPURI,Karimangalam,PUMS SOKKANAHALLI,SOKKANAHALLISOKKANAHALLI,636805
4310,DHARMAPURI,Karimangalam,PUMS SONNAMPATTI,sonnampattiHanumanthapuram,636808
4311,DHARMAPURI,Karimangalam,PUMS SOTTANDAPATTI,sottandapattiSOTTANDAPATTI,636808
4312,DHARMAPURI,Karimangalam,PUMS SUNNAMPATTI,"SUNNAMPATTI (VILL) & (PO), KARIMANGALAM (TK), DHARMAPURI (DT). 636808",636808
4313,DHARMAPURI,Karimangalam,"SHANTHINIKETHAN HR. SEC. SCHOOL, KARIMANGALAM",BEHIND RAMASAMY KOVIL KARIMANGALAM,635111
4314,DHARMAPURI,Karimangalam,"SHARON HIGH SCHOOL, MATLAMPATTI","SANGEETHAM NAGAR , MATLAMPATTIMatlampatti , bye pass",635205
4315,DHARMAPURI,Karimangalam,"SHREE B.C.R. MHSS, KARIMANGALAM",bye pass road karimangalamkarimangalam,635111
4316,DHARMAPURI,Karimangalam,"SRI ANNAMALAIYAR MATRIC SCHOOL, KALAPPANAHALLI, KARIMANGALAM",KALAPPANAHALLIKALAPPANAHALLI,635205
4317,DHARMAPURI,Karimangalam,"SRI RAGHAVENDRA HIGH SCHOOL, KARIMANGALAM","59 A, KODALAMMAN KOVIL ST",635111
4318,DHARMAPURI,Karimangalam,"SRI VIJAY VIDYALAYA MATRIC SCHOOL, THANDUKARANAHALLI","karimangalam Main RoadHanumanthapuram vil, Dhandukaranahalli po",636808
4319,DHARMAPURI,Karimangalam,"ST. PAUL'S MHSS, VELLICHANDHAI","VELLICHANDHAI VILL, PALACODE TK, DHARMAPURI DT",636808
4320,DHARMAPURI,Karimangalam,"THANAPPA GOUNDER MHSS, KERAKODAHALLI",KERAGODAHALLIKARIMANGALAM,635111
4321,DHARMAPURI,Morappur,"ACHIEVERS ACADEMY MHSS, SUNGARAHALLI",SungarahalliSillarahalli,635303
4322,DHARMAPURI,Morappur,"AMRUTHA MHSS, KAMBAINALLUR",IRUMATHUR MAIN ROADKAMBAINALLUR,635202
4323,DHARMAPURI,Morappur,"AVVAI MHSS, JADAYAMPATTI",jadaiyampattiPOLAIYAMPALLI,635305
4324,DHARMAPURI,Morappur,"AVVAI VIDHYASHRAM PUBLIC SCHOOL, POLAIYAMPALLI, MORAPPUR",JADAYAMPATTI VILLDHARMAPURI MAIN ROAD,635305
4325,DHARMAPURI,Morappur,GHS DASIRAHALLI,DASIRAHALLIDASIRAHALLI,635305
4326,DHARMAPURI,Morappur,GHS ELAVADAI,ELAVADAI POHARUR TK,635305
4327,DHARMAPURI,Morappur,GHS K.EACHCHAMPADI,K.EACHAMPADIKARIMANGAKALAM TK,635202
4328,DHARMAPURI,Morappur,GHS KANDAGOUNDANOOR,KANDAGOUNDANOOR-POPAPPIREDDIPATTI-TK,635302
4329,DHARMAPURI,Morappur,GHS KETHUREDDIPATTY,KETHUREDDIPATTI PAPPIREDDIPATTI TK DHARMAPURI DT,635302
4330,DHARMAPURI,Morappur,GHS LINGANAICKANAHALLY,"LINGANAIKANAHALLI(VILL),
VENGADATHARAHALLI(PO),PAPPIREDDIPATTI(TK),DHA RMAPURI(DT)",635303
4331,DHARMAPURI,Morappur,GHS MUTHANOOR,MUTHANOOR\OBILINAICKANAHALLI,635303
4332,DHARMAPURI,Morappur,GHS PAPPICHETTIPATTI,PAPPICHETTIPATTIMORAPPUR BLOCK,635305
4333,DHARMAPURI,Morappur,GHS POLAIYAMPALLY,polaiyampallimorappur block,635305
4334,DHARMAPURI,Morappur,GHS SANTHAPATTY,SANDAPATTIHARUR TK,635305
4335,DHARMAPURI,Morappur,GHS SENKUTTAI,"SENGUTTAI, K.EACHAMPADI PO\KARIMANGALAM TK, DHARMAPURI DT",635202
4336,DHARMAPURI,Morappur,GHS SILLARAHALLY,SILLARAHALLISILLARAHALLI,635303
4337,DHARMAPURI,Morappur,GHS T.AYYAMPATTY,Thalanatham;pappireddipatti[tk]Dharmapurai[dt,635302
4338,DHARMAPURI,Morappur,GHS THIPPAMPATTY,thippampattithippampatti(post),635202
4339,DHARMAPURI,Morappur,GHS VEPPILAIPATTY,GHS VEPPILAIPATTI KETHURETTIPATTI POSTPAPPIRETTIPATTI TALUK DHARMAPURI,635302
4340,DHARMAPURI,Morappur,GHSS   NATHAMEDU,NATHAMEDUMOTTANKURICHI,635302
4341,DHARMAPURI,Morappur,GHSS   NAVALAI,NAVALAI POHARUR TK,635303
4342,DHARMAPURI,Morappur,GHSS BUDDIREDDIPATTY,GHSS BUDDIREDDIPATTIBUBBIREDDIPATTI  PO,635302
4343,DHARMAPURI,Morappur,GHSS CINTHALPADI,Chinthalpadi Pappireddipatti TK,635302
4344,DHARMAPURI,Morappur,GHSS IRUMATHUR,IRUMATHUR VILL POKARIMANGALAM TK,635201
4345,DHARMAPURI,Morappur,GHSS JALIPUDUR,JALIPUDUR  REGADAHALLI  PO BOMMIDI VIA DHARMAPURI DT,635301
4346,DHARMAPURI,Morappur,GHSS KADATHUR - BOYS,kadathurkadathur,635303
4347,DHARMAPURI,Morappur,GHSS KADATHUR - GIRLS,"GANDHI NAGAR, KADATHUR PO PAPPIREDDIPATTY TK, DHARMAPURI DT 635303.",635303
4348,DHARMAPURI,Morappur,GHSS KAMBAINALLUR - BOYS,karimangalam main rd kambainallurkarimangalam main rd kambainallur,635202
4349,DHARMAPURI,Morappur,GHSS KAMBAINALLUR - GIRLS,kambainallurIrumathur Main Road,635202
4350,DHARMAPURI,Morappur,GHSS M DODDAMPATTY,M DODDAMPATTIRS M DODDAMPATTI,635304
4351,DHARMAPURI,Morappur,GHSS MORAPPUR - BOYS,MORAPPUR PO HARUR TK DHARMAPURI DT 635305,635305
4352,DHARMAPURI,Morappur,GHSS MORAPPUR - GIRLS,"GGHSS MORAPPUR,HARUR TK,DHARMAPURI DISTRICT",635305
4353,DHARMAPURI,Morappur,GHSS ODASALPATTY,GHSS ODASALPATTI PO PAPPIREDDIPATTI-TK DHARMAPURI-DTODASALPATTI,635303
4354,DHARMAPURI,Morappur,GHSS R.GOPINATHAMPATTY,R.GOBINATHAMPATTIR.GOPINATHAMPATTI,635305
4355,DHARMAPURI,Morappur,GHSS RAMIYAMPATTI,"RAMIYAMPATTI   RAMIYANAHALLI PO
PAPPIREDDIPATTI POST DHARMAPURI DT
6T3H5O30N2GDAHNAURRM,PAAPPUPRIRI EDDISDTIRPIACTTTI TK ,DHARMAPURI",635302
4356,DHARMAPURI,Morappur,GHSS THONGANOOR,"DTTHONGANUR, CHINDALPADI PO ,PAPPIREDDIPATTI
TGKre,eDnHpAarRkMinAtePrnUaRtiIoDnaTl .school,",635302
4357,DHARMAPURI,Morappur,"GREEN PARK INTERNATIONAL SCHOOL, KADATHUR","salem main road, kadathur post, pappireddipatti taluk,",635303
4358,DHARMAPURI,Morappur,"GREEN PARK MHSS, KADATHUR",kadathurnear bus stand,635303
4359,DHARMAPURI,Morappur,"I.V.L. MHSS, IRUMATHUR",I.V.L.MATRIC HR SEC SCHOOLIRUMATHUR,635201
4360,Dharmapuri,Morappur,jayasree vidhyalaya matric school,,
4361,DHARMAPURI,Morappur,"KALAIMAGAL MHSS, KADATHUR","KALAIMAGAL MATRIC HR.SEC SCHOOLUNISHINAHALLI, KADATHUR",635303
4362,DHARMAPURI,Morappur,"KONGU MHSS, MORAPPUR","KOSAPATTI (VILL), MORAPPUR (PO), HARUR (TK),
DHARMAPURI (DT)KONGU NAGAR,MORAPPUR(PO), HARUR TK, DHARMAPURI DT.",635305
4363,DHARMAPURI,Morappur,"KONGU SCHOOL OF EXCELLENCE, MORAPPUR","KONGU NAGAR, KRISHNAGIRI MAIN ROAD MORAPPUR PO HARUR TK DHARMAPURI DT PIN 635305",635305
4364,DHARMAPURI,Morappur,"MARUTHAM MHSS, MORAPPUR","Sennampatti VillMorappur po, Harur Tk,",635305
4365,DHARMAPURI,Morappur,"OXFORD MATRIC SCHOOL, SEMMANAHALLI, KAMBAINALLUR",kambanallurkambainallur,635202
4366,DHARMAPURI,Morappur,Pughal Matriculation School,,
4367,DHARMAPURI,Morappur,PUMS ALAMARATHUPATTI,ALAMARATHUPATTIALAMARATHUPATTI,635303
4368,DHARMAPURI,Morappur,PUMS AMBALAPATTY,"AMBALAPATTI,KANDHAGOUNDANOOR (PO),PAPPIREDDIPATTI (TK),DHARMAPURI (DT)",635302
4369,DHARMAPURI,Morappur,PUMS CHINNAMURUKKAMPATTY,chinnamurungapattikambainallur,635202
4370,DHARMAPURI,Morappur,PUMS E.AGRAHARAM,"E.AGRAHARAM VIL,  THIRUVANAPATTI PO, KARIMANGALAM TK, DHARMAPURI DT, PIN 635304",635304
4371,DHARMAPURI,Morappur,PUMS GUNDALAPATTY,via kambainalloreodasalpatti to kambainallore,635303
4372,DHARMAPURI,Morappur,PUMS HUNISINAHALLY,Sillarahalli PoPappireddipatti Tk,635303
4373,DHARMAPURI,Morappur,PUMS JAGGUPATTY,jaggupattikambainallur,635202
4374,DHARMAPURI,Morappur,PUMS KADAYAMPATTY,kadaiyampatti/ Thippampatty(po),635202
4375,DHARMAPURI,Morappur,PUMS KELAVALLY,karimangalam tk\dharmapuri dt .,635202
4376,DHARMAPURI,Morappur,PUMS KONGARAPATTY,KONGARAPATTI\KARIMANGALAM,635202
4377,DHARMAPURI,Morappur,PUMS KURUBARAHALLY,9.97627E+19,635302
4378,DHARMAPURI,Morappur,PUMS MANIYAMBADI,"pums maniyampadi ,odasalpatti (po).",635303
4379,DHARMAPURI,Morappur,PUMS NALLAGUDLAHALLY,nallagudlahallikadathur po,635303
4380,DHARMAPURI,Morappur,PUMS OBLINAICKANAHALLY,OBILINAYAKKANAHALLIOBILINAYAKKANAHALLI,635303
4381,DHARMAPURI,Morappur,PUMS PERIYURVATHALMALAI,Palsilambu\Vathalmalai,636804
4382,DHARMAPURI,Morappur,PUMS PUDUREDDIYUR,PapreddipattiObilinayakanhalli,635303
4383,DHARMAPURI,Morappur,PUMS RANIMOOKANOOR,RANIMOOKANUR(PO)PAPPIREDDIPATTI(TK),635303
4384,DHARMAPURI,Morappur,PUMS REGADAHALLY,Regadahalli(vill &post)pappireddipatty(tk),635301
4385,DHARMAPURI,Morappur,PUMS SAMANDAHALLY,ELAVADAI POSTHARUR TK,635305
4386,DHARMAPURI,Morappur,PUMS SEKKANDAHALLY,"P.U.M.S
SEKKANDAHALLI,VETHARAMPATTI(PO),KARIMANGAL AM(TK),DHARMAPURI(DT)",635202
4387,DHARMAPURI,Morappur,PUMS SUNKARAHALLY,"sillarahalli, pappireddipatti,kadathur",635303
4388,DHARMAPURI,Morappur,PUMS THALANATHAM,"THALANATHAMTHALANATHAM(PO),DPI.",635302
4389,DHARMAPURI,Morappur,PUMS VADAGARAI,"PUMS
VADAKARAI.THENKARAIKOTTAI.P.O,PAPPIREDDIPATTI. T.K,DHARMAPURI.D.T",636904
4390,DHARMAPURI,Morappur,PUMS VAGUTHUPATTY,VAGUTHUPATTIPAPPIREDDIPATTI,635302
4391,DHARMAPURI,Morappur,PUMS VETHARAMPATTY,"Vetharampatti post\Karimangalam tk, Dharmapuri - 635202",635202
4392,DHARMAPURI,Morappur,"SACRED HEART MATRIC SCHOOL, NELLIMARATHUPATTI, KELAVALLI","Nellimarathupatti,  Kelavalli post",635202
4393,DHARMAPURI,Morappur,"SHRI GURU RAGHAVENDRA MATRIC SCHOOL, SILLARAHALLI","SILLARAHALLI(PO) PAPPIREDDIPATTI(TK)
DHARMAPURI(DT)SILLARAHALLI(PO) PAPPIREDDIPATTI(TK) DHARMAPURI(DT)",635303
4394,DHARMAPURI,Morappur,"SRI RAM MHSS, BOOMISAMUTHIRAM, KAMBAINALLUR",Bhoomisamuthiram\Kambinallur,635202
4395,DHARMAPURI,Morappur,"SRI SANKARA MHSS,KAMBAINALLUR","PERICHAGOUNDAMPATTI VILL, VAGURAPPAMPATTI
[POST], KAMBAINALLUR [VIA], KARIMANGALAM [TK], DHARMAPURI. DST",635202
4396,DHARMAPURI,Morappur,"SRI VINAYAGA VIDHYALAYA MHSS, SILLARAHALLI",SILLARAHALL IPOPAPPIRETTIPATTY,635303
4397,DHARMAPURI,Morappur,"SRIRAM PUBLIC SCHOOL, BHOOMISAMUTHIRAM, KAMBAINALLUR",BOOMISAMUTHIRAM  KAMBAINALLUR,635202
4398,DHARMAPURI,Morappur,"ST. JOSEPH'S HIGH SCHOOL, THENKARAIKOTTAI",THENKARAIKOTTAITHENKARAIKOTTAI,636904
4399,DHARMAPURI,Morappur,"SWAMY VIVEKANANDA MATRIC SCHOOL, KADATHUR",KadathurPappireddipatti,635303
4400,DHARMAPURI,Morappur,"VISHWA BHARATHI MHSS, MORAPPUR",morappurkrishnagiri main road,635305
4401,DHARMAPURI,Nallampalli,AAGHSS ADHIYAMANKOTTAI BOYS,ARIGNAR ANNA GOVT BOYS HR SEC SCHOOLADHIYAMANKOTTAI,636807
4402,DHARMAPURI,Nallampalli,"AKSHAYA MHSS, NATHAHALLI, INDUR",NATHAHALLIALLAMPALLI,636803
4403,DHARMAPURI,Nallampalli,"AMALA HR. SEC. SCHOOL, VIMALAPURI",THADANGAMTHOKKAMPATTI,636705
4404,DHARMAPURI,Nallampalli,GHS AVVAI NAGAR,"GHS AVVAINAGAR,COLLECTORATE(PO)DHARMAPURI",636705
4405,DHARMAPURI,Nallampalli,GHS B.AGRAHARAM GIRLS,GGHS.B.AGRAHARAMNALLAMPALLI BLOCK,636813
4406,DHARMAPURI,Nallampalli,GHS BALAJANGAMANAHALLI,"GHS,BALAJANGAMANAHALLIGHS,BALAJANGAMANAH ALLI",636807
4407,DHARMAPURI,Nallampalli,GHS BARIGAM,"BARIGAM, ESALPATTI P.O, NALLAMPALLI TK, DHARMAPURI DT,",636807
4408,DHARMAPURI,Nallampalli,GHS BEDRAHALLI,"GOVT HIGH SCHOOL , BEDARAHALLI,DHARMAPURI",636803
4409,DHARMAPURI,Nallampalli,GHS DHATHANAYAKANPATTY,THATHANAICKENPATTIDOKKUBOTHANAHALLI,636807
4410,DHARMAPURI,Nallampalli,GHS GETTUHALLI,"GHS GETTHALLI, PANGUNATHAM POST, INDUR VIA , DHARMAPURI",636803
4411,DHARMAPURI,Nallampalli,GHS GOOLIKOTTAI,"GOVT HIGH SCHOOL GOOLIKOTTAI,RAJAGOLLAHALLI (POST) DHARMAPURI DT",636813
4412,DHARMAPURI,Nallampalli,GHS INDUR GIRLS,"gghs,indur\mariam pattY",636803
4413,DHARMAPURI,Nallampalli,GHS KOMATHAMPATTI,KOMATHAMPATTIALLASENAHALLI -PO  NALLAMPALLI- TK  DHARMAPURI-DT,636804
4414,DHARMAPURI,Nallampalli,GHS NAGARKOODAL,"HEADMASTER,GOVT HIGH SCHOOL,NAGARKOODAL\ DHARMAPURI,",636803
4415,DHARMAPURI,Nallampalli,GHS NARTHAMPATTI,GHS NARTHAMPATTINALLAMPALLI,636804
4416,DHARMAPURI,Nallampalli,GHS NATHATHAHALLI,"NATHATHAHALLI POST ,INDUR SO",636803
4417,DHARMAPURI,Nallampalli,GHS PALAVADI,PALAVADIPALAVADI,636809
4418,DHARMAPURI,Nallampalli,GHS PANGUNATHAMKOTTAI,"GHS PANGUNATHAMKOTTAI,SAMICHETTIPATTI (PO)
,NALLAMPALLI (TK) DHARMAPURI DT",636807
4419,DHARMAPURI,Nallampalli,GHS POOVALMADUVU,"POOVALMADUVU, DOKKUBODHANAHALLIDHARMAPURI",636807
4420,DHARMAPURI,Nallampalli,GHS RAJAGOLLAHALLI,RAJAGOLLAHALLIRAJAGOLLAHALLI(PO),636813
4421,DHARMAPURI,Nallampalli,GHS SANTHARAPPATTI,"GHS SANTHARAPATTI PANGUNATHAM POST , NALLAMPALLI",636803
4422,DHARMAPURI,Nallampalli,GHS SOMENAHALLI,"Government high school \somenahalli,Dharmapuri",636803
4423,DHARMAPURI,Nallampalli,GHS T GANIGARAHALLI,GOVT HIGH SCHOOL T.GANIGARAHALLI,636352
4424,DHARMAPURI,Nallampalli,GHS THAMMANAMPATTI,"GOVT HIGH SCHOOL, THAMMANAMPATTI, LALIGAM POST, DHARMAPURI",636804
4425,DHARMAPURI,Nallampalli,GHSS  VENKATTAMPATTI,GOVT HR SEC SCHOOLVENKATTAMPATTY,636705
4426,DHARMAPURI,Nallampalli,GHSS ADHIYAMANKOTTAI GIRLS,ADHIYAMANKOTTAIADHIYAMANKOTTAI,636807
4427,DHARMAPURI,Nallampalli,GHSS B AGRAHARAM,B.AGRAHARAMDHARMAPURI DT,636813
4428,DHARMAPURI,Nallampalli,GHSS BANDAHALLI,"BANDAHALLI, BANDAHALLI PO NALLAMPALLI.",636803
4429,DHARMAPURI,Nallampalli,GHSS ELAGIRI,ELAGIRI NALLAMPALLI DHARMAPURI,636807
4430,DHARMAPURI,Nallampalli,GHSS ERRABAIYANAHALLI,GOVT.HR.SEC.SCHOOL\ERRABAIYANAHALLI,636813
4431,DHARMAPURI,Nallampalli,GHSS INDUR,THALAVAIHALLI  INDUR,636803
4432,DHARMAPURI,Nallampalli,GHSS LALIGAM,GHSS LALIGAM,636804
4433,DHARMAPURI,Nallampalli,GHSS MANIYATHALLI,MANIYATHAHALLI PONALLAMPALLI TK,636807
4434,DHARMAPURI,Nallampalli,GHSS NALLAMPALLI,LALIGAM ROAD NALLAMPALLI,636807
4435,DHARMAPURI,Nallampalli,GHSS PALAYAMPUDUR,"Nallampalli via\palayampudur, Dharmapuri Dt.",636807
4436,DHARMAPURI,Nallampalli,GHSS THOPPUR,BANGALA STREET\THOPPUR,636352
4437,DHARMAPURI,Nallampalli,"ISHA VIDHYA INFOSYS MHSS, SAMYCHETTIPATTI","Kamalanatham RoadSamichettipatti(Vil&po),Dharmapuri",636807
4438,DHARMAPURI,Nallampalli,"National Child Labour Project, Special Training  Center",,
4439,DHARMAPURI,Nallampalli,"NEW HORIZON SENIORS ACADEMY MHSS, CHETTIYUR",Tholilmayam oppChettiur,636705
4440,DHARMAPURI,Nallampalli,PUMS ANUMANTHAPURAM,"ANUMANTHAPURAM, MANJANAIKANAHALLI
(PO), NALLAMPALLI(TK), DHARMAPURI(DT).",636813
4441,DHARMAPURI,Nallampalli,PUMS APPANAHALLI,APPANAHALLI/LALIGAM,636804
4442,DHARMAPURI,Nallampalli,PUMS B K VALAVU,"BUKKAMPATTIYAN KATTU VALAVUMOOLAKKADU POST, DHARMAPURI",636352
4443,DHARMAPURI,Nallampalli,PUMS BOMMASAMUDHIRAM,NathathahalliIndur,636803
4444,DHARMAPURI,Nallampalli,PUMS BOOTHANAHALLI,BOOTHANAHALLI POST\BOOTHANAHALLI*,636804
4445,DHARMAPURI,Nallampalli,PUMS CHIKKAGOUNDANAHALLI,b.agraharamnallampalli union,636813
4446,DHARMAPURI,Nallampalli,PUMS CHINNAIYANOOR,RAJAGOLLAHALLI(P0)NALLAMPALLI TK DHARMAPURI DT,636813
4447,DHARMAPURI,Nallampalli,PUMS DHANDUKARAMPATTI,DHANDUKARAMPATTIPALAYAMPUDHUR OST,636807
4448,DHARMAPURI,Nallampalli,PUMS DHINNAHALLI,MITTADHINNAHALLIDHINNAHALLI,636801
4449,DHARMAPURI,Nallampalli,PUMS E.K.PUDUR,PUMS E K PUDUR  INDUR POST,636803
4450,DHARMAPURI,Nallampalli,PUMS EACHAMPATTI,PUMS Eachampatti,636807
4451,DHARMAPURI,Nallampalli,PUMS EARUPALLI,"PUMS ERUPALLI
,ERUPALLI[PO],B.AGRAHARAM(VIA),PINCODE-636813",636813
4452,DHARMAPURI,Nallampalli,PUMS EASALPATTY,EASALPATTI VILLAGENALLAMPALLI BLOCK,636807
4453,DHARMAPURI,Nallampalli,PUMS ERRAHALLI,"A.JETTIHALLI POST, DHARMAPURI DISTRICT",636807
4454,DHARMAPURI,Nallampalli,PUMS GANAPATTI,PUMS GANAPATTIPALAVADI PO,636809
4455,DHARMAPURI,Nallampalli,PUMS GETTUPPATTI,DOKKUBODHANAHALLI\GETTUPATTI NALLAMPALLI(TK) DHARMAPURI(DT),636807
4456,DHARMAPURI,Nallampalli,PUMS KALEGOUNDANOOR,"KALEGOUNDANOOR, MANJANAIKANAHALLI(PO),
NALLAMPALLI(BLOCK), DHARMAPURI(DT).",636813
4457,DHARMAPURI,Nallampalli,PUMS KAMALANATHAM,"PUMS,KAMALANATHAM,SAMICHETTIPPATTI (PO),NALLAMPALLI VIA & TALUK,DHARMAPURI 636807.",636807
4458,DHARMAPURI,Nallampalli,PUMS KAMARAJNAGAR,"pums kamarajnagar,palayam(po)",636807
4459,DHARMAPURI,Nallampalli,PUMS KOMBAI,"palayam(po),palayam(po), nallampalli(tk)",636807
4460,DHARMAPURI,Nallampalli,PUMS KONANGIHALLI,"PANCHAYAT UNION MIDDLE SCHOOL
KOANANGIHALLI, RAJAGOLLAHALLI PO,
NMAALLLAAIYMUPRAKLALID. U,",636813
4461,DHARMAPURI,Nallampalli,PUMS MALAIYURKADU,"MOOLAKKADU POST, DHARMAPURI",636352
4462,DHARMAPURI,Nallampalli,PUMS MALLAPURAM,MALLAPURAM\SOMENAHALLI,636803
4463,DHARMAPURI,Nallampalli,PUMS MEL BOORUKKAL,"Pums Mel boorukkal\  Esalptti(po),Maniyathahalli.",636807
4464,DHARMAPURI,Nallampalli,PUMS MERKATHIYANKOTTAI,PUMS MERKATHIYANKOTTAIManiyathahalli(po),636807
4465,DHARMAPURI,Nallampalli,PUMS MUNDASU PURAVADAI,A.JETTIHALLI POSTNALLAMPALLI UNION,636807
4466,DHARMAPURI,Nallampalli,PUMS NADAPPANAHALLI,NadappanahalliIndur,636803
4467,DHARMAPURI,Nallampalli,PUMS NEKKUNDHI,ERRABAIYANAHALLI PONALLAMPALLI UNION,636813
4468,DHARMAPURI,Nallampalli,PUMS OMALNATHAM,OMALNATHAM\ ELAGIRI POST,636807
4469,DHARMAPURI,Nallampalli,PUMS OSHAHALLIPUDUR,PUMS OSAHALLIPUDUR\BEDRAHALLI,636803
4470,DHARMAPURI,Nallampalli,PUMS PAGALAHALLI,pagalahalli(po)pagalahalli,636807
4471,DHARMAPURI,Nallampalli,PUMS PALLAPPATTI,Pallapattiathathahalli,636803
4472,DHARMAPURI,Nallampalli,PUMS PAPPAMPATTI,"PAPPAMPATTIKAMMAMPATTI POST, DHARMAPURI",636352
4473,DHARMAPURI,Nallampalli,PUMS PAPPAMPATTI,"PAPPAMPATTI KAMMAMPATTI POST, DHARMAPURI",
4474,DHARMAPURI,Nallampalli,PUMS RAMARKOODAL,"PUMS Ramarkoodal, Pangutham post  Bandahalli, Nallampalli.",636803
4475,DHARMAPURI,Nallampalli,PUMS SAMICHETTIPATTI,SAMICHETTIPATTI\ELAGIRI POST NALLAMPALLI (TK) DHARMAPURI (DT),636807
4476,DHARMAPURI,Nallampalli,PUMS SIVADI,PUMS SIVADI PAGALAHALLI POST NALLAMPALLI TALUK,636807
4477,DHARMAPURI,Nallampalli,PUMS SOLIYANOOR,SOLIYANOOR MOOLAKADU POST DHARMAPURI,636352
4478,DHARMAPURI,Nallampalli,PUMS THADANGAM,PUMS THADANGAMTHOKKAMPATTY(PO),636705
4479,DHARMAPURI,Nallampalli,PUMS THALAVAIHALLI,Boyar StreetThalavaihalli,636803
4480,DHARMAPURI,Nallampalli,PUMS THENGAMARATHUPATTI,"PUM SCHOOL, THENGAMARATHUPATTI,
VENKATTAMPATTI POST, DHARMAPURI DT    636704",636704
4481,DHARMAPURI,Nallampalli,PUMS UMMIYAMPATTI,UMMIYAMPATTIT.KANIGARAHALLI POST & VILLAGE,636352
4482,DHARMAPURI,Nallampalli,"SENTHIL MHSS, ADHIYAMANKOTTAI",OLD HOSUR - ADHIYAMANKOTTAI ROADADHIYAMANKOTTAI,636807
4483,DHARMAPURI,Nallampalli,"SENTHIL PUBLIC SCHOOL, ADHIYAMANKOTTAI","OLD HOSUR - ADHIYAMANKOTTAI BYE-PASS ROAD, ADHIYAMANKOTTAI",636807
4484,Dharmapuri,Nallampalli,Sri Jansi High School,,
4485,DHARMAPURI,Nallampalli,"SRI RAMACHANDRA MATRIC SCHOOL, DHOMBARAKAMPATTI","DOKKUBOTHANAHALLI(PO),DHOMBARAKAMPATTI(VIL
),DHARMAPURI(DT)DOKKUBOTHANAHALLI(PO),DHOMB ARAKAMPATTI(VIL),DHARMAPURI(DT)",636807
4486,DHARMAPURI,Nallampalli,"SRI SIDDHI VINAYAKA MHSS, THADANGAM",Balaji NagarBehind Govt Arts College,636705
4487,DHARMAPURI,Nallampalli,"ST JOHNS  HIGH SCHOOL, KOVILUR","ST JOHNS HIGH SCHOOL,kovilur,NALLAMPALLI\DHARMAPURI. 636807",636807
4488,DHARMAPURI,Nallampalli,"ST. THOMAS GIRLS HIGH SCHOOL, KOVILUR",Kovilurallampalli Post,636807
4489,DHARMAPURI,Nallampalli,"UNITY MHSS, VETHALAIKARANKOTTAI","BEHIND COLLECTOR BUNGALOW, VETHALAIKARAN KOTTAI, A.JETTIHALLI POST",636807
4490,DHARMAPURI,Nallampalli,"VALLALAR ARIVALAYAM MATRIC SCHOOL, VALLUVAR NAGAR, DHARMAPURI","2/248 A, VALLUVAR NAGAR\DHARMAPURI",636705
4491,DHARMAPURI,Nallampalli,"VALLALAR ARIVALAYAM MIDDLE SCHOOL, KURINJI NAGAR",dokkubothanahalliNallampalli,636807
4492,DHARMAPURI,Palacode,"DHARMAPURI DIST. CO-OP SURGAR MILLS MATRIC SCHOOL, PALACODE",Sugarmill\Palacode,636808
4493,DHARMAPURI,Palacode,"Dr. KRISHNA VIKAS MHSS, MARANDAHALLI",NEAR ANGALAMMAN TEMPLEMARANDAHALLI,636806
4494,DHARMAPURI,Palacode,GHS AGARAM,"KENDENAHALLI POST, PALACODE TALUK,DHARMAPURI DISTRICT, PIN CODE-636806.",636806
4495,DHARMAPURI,Palacode,GHS AGARAM,"KENDENAHALLI POST, PALACODE TALUK,DHARMAPURI DISTRICT, PIN CODE-636806.",
4496,DHARMAPURI,Palacode,GHS BOOGANAHALLI,"GOVERNMENT HIGH
SCHOOL,BOOGANAHALLI,PADI(PO),PALACODE(TK),DHA RMAPURI(DT).",636809
4497,DHARMAPURI,Palacode,GHS BOPPIDI,PALACODE (PO)DHARMAPURI (DT),636808
4498,DHARMAPURI,Palacode,GHS EACHAMPALLAM,Seeriyanahalli-POPalacode,636808
4499,DHARMAPURI,Palacode,GHS GOLASANAHALLI,GOLASANAHALLIVEPPALAHALLI PO.,636805
4500,DHARMAPURI,Palacode,GHS JOGIPATTI,P.CHETTIHALLIPALACODE TALK,636808
4501,DHARMAPURI,Palacode,GHS KANNUKARAMPATTI,KannukarampattiPadi,636809
4502,DHARMAPURI,Palacode,GHS KOVILUR,PULIKARAI PO\PALACODE TK THARMAPURI DT.,636808
4503,DHARMAPURI,Palacode,GHS MATTIYAMPATTI,"GOVT. HIGHSCHOOL, MATTIYAMPATTIKADAGATHUR POST, DHARMAPURI DT",636809
4504,DHARMAPURI,Palacode,GHS SASTHIRAMUTULU,SASTHIRAMUTLU  VIL KENDENAHALLI PO,636806
4505,DHARMAPURI,Palacode,GHS SEKKODI,sekkodipauparapatti,636809
4506,DHARMAPURI,Palacode,GHS SOMANAHALLI,"GOVT HIGH SCHOOL, SOMANAHAHALLI VILLAGEPAPPINAYAKANAHALLI POST",636808
4507,DHARMAPURI,Palacode,GHS VALAITHOTTAM,"VALAITHOTTAM POST, PALACODE TALUK, DHARMAPURI DIST. 636808",636808
4508,DHARMAPURI,Palacode,GHSS  PANJAPPALLI,"PANJAPALLI,PALACODE",636812
4509,DHARMAPURI,Palacode,GHSS AMANIMALLAPURAM,Marandahalli roadPalacode Taluk,636806
4510,DHARMAPURI,Palacode,GHSS BELARAHALLI,BELARAHALLIBELARAHALLI,636808
4511,DHARMAPURI,Palacode,GHSS BELLUHALLI,THIRUMALVADI POPALACODE TK,636808
4512,DHARMAPURI,Palacode,GHSS KAMMALAPATTI,"KAMMALAPATTI, K.CHETTI HALLI POPALACODE TK, DHARMAPURI",636809
4513,DHARMAPURI,Palacode,GHSS MARANDAHALLI - BOYS,korovandahalli roadMARANDAHALLI,636806
4514,DHARMAPURI,Palacode,GHSS MARANDAHALLI - GIRLS,MARANDAHALLIMARANDAHALLI,636806
4515,DHARMAPURI,Palacode,GHSS PALACODE - BOYS,Near Taluk Office\Palacode,636808
4516,DHARMAPURI,Palacode,GHSS PALACODE - GIRLS,BYE PASS ROADNEAR GH,636808
4517,DHARMAPURI,Palacode,GHSS PULIKKARAI,PULIKARAI VILL\PULIKARAI POST,636808
4518,DHARMAPURI,Palacode,GHSS THIRUMALVADI,THIRUMALVADI ( KOTTUR )THIRUMALVADI PO,636808
4519,DHARMAPURI,Palacode,GOVT.THANTHAI PERIYAR JUVANILE,PANCHAPALLI(PO)PANJAPALLI,636812
4520,DHARMAPURI,Palacode,"JAI SAKTHI MHSS, KARTHARAPATTI, PALACODE","JAISAKTHI MATRIC HR.SEC SCHOOL,
KARTTHARAHALLI(VIL), P.N. HALLI(PO), PALACODE(TK). DHARMAPURI(DT)JAISAKTHI MATRIC",636808
4521,DHARMAPURI,Palacode,"KGBV RESIDENTIAL SCHOOL, AMANIMALLAPURAM",Kasthuriba Gandhi Balika Vidhyalaya Residential SchoolA.Mallapuram,636808
4522,DHARMAPURI,Palacode,MODEL SCHOOL - PALACODE,MookampattiPadi,636809
4523,DHARMAPURI,Palacode,"NEW GENERATION N&P SCHOOL, PANJAPALLI",,
4524,DHARMAPURI,Palacode,PUMS ATHIMUTLU,"PUMS ATHIMUTLUSAMANUR POST,DHARMAPURI DT",636806
4525,DHARMAPURI,Palacode,PUMS BALAPPANAHALLI,BALAPPANAHALLI GUMMANUR POST,636116
4526,DHARMAPURI,Palacode,PUMS BELAMARANAHALLI,belamaranahallithirumalvadi palacode,636808
4527,DHARMAPURI,Palacode,PUMS CHANDRAPURAM,CHANDRAPURAM kENDENAHALLI PO,636806
4528,DHARMAPURI,Palacode,PUMS CHENNAPPANKOTTAI,PALACODE(PO)CHENNAPPANKOTTAI,636808
4529,DHARMAPURI,Palacode,PUMS CHICKAMARANDAHALLI PUDUR,"CHIKKAMARANDAHALLI PUDUR MARANDAHALLI PO
PALACODE TK DHARMAPURI DT",636806
4530,DHARMAPURI,Palacode,PUMS CHIKKARTHANAHALLI,chikkarthanahalli  vill po PALACODE  TK   DHARMAPURI DT.,636808
4531,DHARMAPURI,Palacode,PUMS CHIKKATHORANABETTAM,PUMS-CHIKKADORANABETTAMPALACODE-BLOCK,636806
4532,DHARMAPURI,Palacode,PUMS DODDARADHANAHALLI,"pums doddarthanahalli, anupanthapuram po,palacode
tk,dharmapuri dtpums doddarthanahalli, anupanthapuram po,palacode tk,dharmapuri dt",636808
4533,DHARMAPURI,Palacode,PUMS ENDAPATTI,PUM SCHOOL ENDAPATTIPADI POST,636809
4534,DHARMAPURI,Palacode,PUMS ERRAGUNDAHALLI,PADI Post PALACODE TK,636809
4535,DHARMAPURI,Palacode,PUMS ERRANAHALLI,ERRANAHALLI VILLAGE\PALACODE TALUK,636808
4536,DHARMAPURI,Palacode,PUMS GENGANAHALLI,"AATHUKOTTAI,SEERIANAHALLI-POST,PALACODE- TK,DHARMAPURI-DIST.",636808
4537,DHARMAPURI,Palacode,PUMS GIDDAMPATTI,GIDDAMPATTI\DHODDATHIMMANAHALLI(PO),635116
4538,DHARMAPURI,Palacode,PUMS GUMMANUR,GUMMANOUR POST\PALACODE TK DHARMAPURI DT. PIN-635116,635116
4539,DHARMAPURI,Palacode,PUMS GUTHALAHALLI,kattampatti po\guthalahalli,636808
4540,DHARMAPURI,Palacode,PUMS JERTHALAV,JERTHALAV POSTJERTHALAV,636808
4541,DHARMAPURI,Palacode,PUMS KADAMADAI,"KADAMADAI,Erranahalli (po)
Palacode (TK)  Dharmapuri (DT) 636 808",636808
4542,DHARMAPURI,Palacode,PUMS KADATHIKOLLU,KADATHIKOLLU (VILL)A.MALLAPURAM (P.O),636801
4543,DHARMAPURI,Palacode,PUMS KADUKAPATTI,selliampatty post \kadukapatti,636809
4544,DHARMAPURI,Palacode,PUMS KANSALBELU,KansalbeluSeeriyampatti Post,636808
4545,DHARMAPURI,Palacode,PUMS KATTAMPATTI,"KATTAMPATTI,KATTAMPATTI POST",636808
4546,DHARMAPURI,Palacode,PUMS NALLAMPATTI,samnoor-postpalacode.taluk,636806
4547,DHARMAPURI,Palacode,PUMS NALLAMPATTI,samnoor-post palacode.taluk,
4548,DHARMAPURI,Palacode,PUMS NAMMANDAHALLI,NammandahalliNammandahalli po,636812
4549,DHARMAPURI,Palacode,PUMS PADI,PADI POPADI,636809
4550,DHARMAPURI,Palacode,PUMS PALACODE  URDU,PALACODE POSTPALACODE TK,636808
4551,DHARMAPURI,Palacode,PUMS PEDHANAHALLI,P.CHITTIHALLI POSTPALACODE,636808
4552,DHARMAPURI,Palacode,PUMS PERIYANURPUTHUPETTAI,"PERIYANUR PUDHUPETTAI-VILL, NAMMANDAHALLI- PO, PALACODE-TK, DHARMAPURI-DT",636806
4553,DHARMAPURI,Palacode,PUMS PERUNGADU,PERUNGADUGENDENAHALLI PO,636806
4554,DHARMAPURI,Palacode,PUMS SAKLINATHAM,SAKKILINATHAM\SEERIYANAHALLI PO,636808
4555,DHARMAPURI,Palacode,PUMS SAMANUR,PUMS SAMANURMel street,636806
4556,DHARMAPURI,Palacode,PUMS SEENGADU,"seengadu,Thirumalvadi-po,",636808
4557,DHARMAPURI,Palacode,PUMS SEERIYANAHALLI,SEERIYANAHALLISEERIYANAHALLI-PO,636808
4558,DHARMAPURI,Palacode,PUMS SOODANUR,SUDANURGUMMANUR-PO,635116
4559,DHARMAPURI,Palacode,PUMS THIMMAMPATTI,JERTHALAV PALACODE TK,636808
4560,DHARMAPURI,Palacode,PUMS THIRUMALVADI,THIRUMALVADITHIRUMALVADI-PO,636808
4561,DHARMAPURI,Palacode,PUMS ULAGANAHALLI,ULAGANAHALLIGENDENAHALLI PO,636806
4562,DHARMAPURI,Palacode,PUMS VEDAMPATTI,PUMS VEDAMPATTI/NAMMANDAHALLI PO,636812
4563,DHARMAPURI,Palacode,PUMS VEPPALAHALLI,VEPPALAHALLI VILLAGEVEPPALAHALLI,636805
4564,DHARMAPURI,Palacode,"RADHA MATRIC SCHOOL, VELLICHANDHAI, PALACODE","MADHAMPATTI
(VILL),DHANDUKARANAHALLI(PO),PALACODE(TK),DHA RMAPURI(DT)-636808",636808
4565,DHARMAPURI,Palacode,"SACRED HEART HR. SEC. SCHOOL, SELLIYAMPATTI",Selliampatty\Palacode,636809
4566,DHARMAPURI,Palacode,"SRI BHARATHI VIDYALAYA ACADEMY MHSS, MARANDAHALLI",NEAR RAILWAY GATE,636806
4567,DHARMAPURI,Palacode,"SRI VENKATESHWARA  MHSS, CHIKKADORANABETTAM, MARANDAHALLI",chikkaoranabettammaranahalli,636806
4568,DHARMAPURI,Palacode,"SRI VIDYA MANDIR MHSS, PALACODE","VIDYA NAGAR , PALACODE , PALACODE POST, DHARMAPURI DT  636 808",636808
4569,DHARMAPURI,Palacode,"ST. AROKIA ANNAI SCHOOL, SELLIYAMPATTI",SELLIYAMPATTISELLIAMPATTI,636809
4570,DHARMAPURI,Palacode,"St. LUCY'S MHSS, PALACODE","JERTHALAV VIL., PALACODE TK.  DHARMAPURI DT.",636808
4571,DHARMAPURI,Palacode,"WISDOMLAND MATRIC SCHOOL, KARAGATHAHALLI, PALACODE","2/232-5 Karagathahalli Village
Erranahalli Post Palacode TK",636808
4572,DHARMAPURI,Pappireddipatti,"AMG MHSS, NADUR, BOMMIDI","B.NADUR,BOMMIDI",635301
4573,DHARMAPURI,Pappireddipatti,"ANNAI INDIA MHSS, MALLAPURAM, BOMMIDI",PILPARUTHI MAIN ROAD/B.MALAPURAM,635301
4574,DHARMAPURI,Pappireddipatti,"BLESSING MIDDLE SCHOOL, MULLERIKADU","mullerikadu(vill)sitheri(po)pappireddy
patti(tk)dharumapuri(dt)mullerikadu(vill)sitheri(po)pappireddy pMaAttiT(tHk)AdhKaOruVmIaLpuri(dt)",636903
4575,DHARMAPURI,Pappireddipatti,"CARMEL HR. SEC. SCHOOL, B. PALLIPATTY","STREET,B.PALLIPATTI,PAPPIREDDIPATTY,DHARMAPURI
,ATLAAMPIULRNAAMDUPO",635301
4576,DHARMAPURI,Pappireddipatti,GHS ALAPURAM,PAPPIREDDIPATTI TK DHARMAPURI -636904,636904
4577,DHARMAPURI,Pappireddipatti,GHS B.THURINJIPATTI GIRLS,"GGHS ,B.THURINJIPATTI , DHARMAPURI (D.t)",635301
4578,DHARMAPURI,Pappireddipatti,GHS KOMBUR,"KOMBUR PO , PAPPIREDDIPATTI TK DHARMAPURI DT",636905
4579,DHARMAPURI,Pappireddipatti,GHS LAKSHMAPURAM,"LAKSHMAPURAM PO MANJAVADI VILL,PAPPIREDDIPATTI TK-636905",636905
4580,DHARMAPURI,Pappireddipatti,GHS MOLAYANOOR,"MOLAYANUR PO,PAPPIREDDIPATTI TK, DHARMAPURI DT. 636904",636904
4581,DHARMAPURI,Pappireddipatti,GHS PILPARUTHI,"PILPARUTHI VILL &PO , PAPPIREDDIPATTI (TK)DHARMAPURI (DT)",635301
4582,DHARMAPURI,Pappireddipatti,GHS S.AMMAPALAYAM,"S.Ammapalayam POPappireddipatti TK, Dharmapuri DT",636114
4583,DHARMAPURI,Pappireddipatti,GHS VASIGOUNDANOOR,VASIGOUNDANOORB.PALLIPATTI(PO),635301
4584,DHARMAPURI,Pappireddipatti,GHS VENKATASAMUDRAM,"VENKATASAMUDRAM,PAPPIREDDIPATTI TK,DHARMAPURI DT-636905",636905
4585,DHARMAPURI,Pappireddipatti,GHSS  ADIGARAPATTI,Adikarapatti vilAdikarapatti po,636905
4586,DHARMAPURI,Pappireddipatti,GHSS B.MALLAPURAM BOYS,"DHARMAPURI MAIN ROAD B.MALLAPURAM
PAPPIREDDIPATTI TK DHARMAPURI DT DHARMAPURI MAIN ROAD B.MALLAPURAM PAPPIREDDIPATTI TK",635301
4587,DHARMAPURI,Pappireddipatti,GHSS B.MALLAPURAM GIRLS,B.MALLAPURAM BOMMIDI PO  PAPPIREDDIPATTI TK DHARMAPURI DT,635301
4588,DHARMAPURI,Pappireddipatti,GHSS B.THURINJIPATTI,B thurinjipattiB Thurinjipatti,635301
4589,DHARMAPURI,Pappireddipatti,GHSS BAIRNATHAM,BAIRNATHAM POPAPPIREDDIPATTI TK,636905
4590,DHARMAPURI,Pappireddipatti,GHSS KALIPETTAI,KALIPETTAI\KALIPETTAI PO,636905
4591,DHARMAPURI,Pappireddipatti,GHSS MENASI,"Menasi POPappireddipatti TK, Dharmapuri DT",636904
4592,DHARMAPURI,Pappireddipatti,GHSS PAPPIREDDIPATTI - BOYS,"PAPPIREDDIPATTI (PO& TK) ,DHARMAPURI DT -636905",636905
4593,DHARMAPURI,Pappireddipatti,GHSS PAPPIREDDIPATTI GIRLS,"PAPPIREDDIPATTI ( PO &TK),DHARMAPURI DT-636905",636905
4594,DHARMAPURI,Pappireddipatti,"GOLDEN GATES MHSS, BAIRNATHAM",BAIRNATHAM,636905
4595,DHARMAPURI,Pappireddipatti,GTRHS KALASAPADI,"KALASAPADI(PO),PAPPIREDDIPATTI(TK),DHARMAPURI( DT)",636903
4596,DHARMAPURI,Pappireddipatti,GTRHSS SITHERI,sitheri popappiredipatti tk,636903
4597,DHARMAPURI,Pappireddipatti,GTRMS ARASANATHAM,"ARASANATHAM\KALASAPADI
POST,PAPPIREDDIPPATTY TALUK,DHARMAPURI DISTRICT",636903
4598,DHARMAPURI,Pappireddipatti,GTRMS ELANTHAKOTTAPATTI,"Elanthakottapatti Pattukonampatti PO,Pappireddipatti TK, Dharmapuri DT-636905",636905
4599,DHARMAPURI,Pappireddipatti,GTRMS KALLATHUPATTI,kallathupatti\lakshmapuram po,636905
4600,DHARMAPURI,Pappireddipatti,GTRMS MANKADAI,"Mankadai S.Ammapalayam POPappireddipatti TK, Dharmapuri DT",636114
4601,DHARMAPURI,Pappireddipatti,GTRMS MANNUR,"MANNUR( VILLAGE), SITHERI (POST),
PAPPIREDDIPATTI( TK), DHARMAPURI (DT) TAMILNADU(ST) PIN:636903",636905
4602,DHARMAPURI,Pappireddipatti,GTRMS NOCHIKUTTAI,Nochikuttai (po)Nochikuttai,636903
4603,DHARMAPURI,Pappireddipatti,GTRMS PERERI,"PERERI (village),PERERIPUDHUR(PO),PAPPIREDDPATTI(TK).",636903
4604,DHARMAPURI,Pappireddipatti,GTRMS VELLAMPALLI,Pereri puthur  post Sitheri via,636903
4605,DHARMAPURI,Pappireddipatti,KGV GHSS H.PUDUPATTI-BOYS,MOOKAREDDIPATTI VILL A.PALLIPATTI PO PAPPIREDDIPATTI TKDHARMAPURI DT,636905
4606,DHARMAPURI,Pappireddipatti,PKV GHSS MOOKAREDDIPATTI GIRLS,MOOKKAREDDIPATTI A PALLIPATTI (PO),636905
4607,DHARMAPURI,Pappireddipatti,PUMS A AMMAPALAYAM,"A.AMMAPALAYAM,
ALAPURAM(,P.O)
pappireddipatti (TK)",636904
4608,DHARMAPURI,Pappireddipatti,PUMS A PALLIPATTI,A PALLIPATTIPAPPIREDDIPATTI,636905
4609,DHARMAPURI,Pappireddipatti,PUMS AJJAMPATTI,"B.Pallipatti PO,Pappireddipatti TK,Dharmapuri DT",635301
4610,DHARMAPURI,Pappireddipatti,PUMS BOTHAKKADU,BOTHAKKADUBAIRNATHAM PO,636905
4611,DHARMAPURI,Pappireddipatti,PUMS GUNDALMADUVU,"Gundalamaduvu Menasi POPappireddipatti TK, Dharmapuri DT",636904
4612,DHARMAPURI,Pappireddipatti,PUMS KATHIRIPURAM,BAIRNATHAM POKATHIRIPURAM,636905
4613,DHARMAPURI,Pappireddipatti,PUMS MULLIKADU,"MULLIKKADUMULLIKKADU, PAPPIREDDIPATTI",636905
4614,DHARMAPURI,Pappireddipatti,PUMS ODDUPATTI,"ODDUPATTI,PILPARUTHI POPAPPIREDDIPATTI TK",635301
4615,DHARMAPURI,Pappireddipatti,PUMS PAPPAMBADI,"PAPPAMBADI (P.O) PAPPIREDDIPATTY (T.K)
DHARMAPURI ( D.T)  TAMILNADU. PIN.  636905.",636905
4616,DHARMAPURI,Pappireddipatti,PUMS PERERIPUDUR,"pereripudur po,pappireddipatti(TK)",636903
4617,DHARMAPURI,Pappireddipatti,PUMS SALOOR,SALOORALAMELUPURM PO,636905
4618,DHARMAPURI,Pappireddipatti,PUMS SAMIYAPURAM,"SAMIYAPURAM ,PATTUKONAMPATTY PO,PAPPIREDDIPATTI TK,DHARMAPURI DT-636905",636905
4619,DHARMAPURI,Pappireddipatti,PUMS SELUR,SELURS.AMMAPALAIYAM(RF),636114
4620,DHARMAPURI,Pappireddipatti,"SIGARAM MHSS, PAPPAMBADI , PAPPIREDDIPATTI","PAPPAMBADI, PAPPIREDDIPATTI",636905
4621,DHARMAPURI,Pappireddipatti,"SREE VETRI VIKAS MHSS, MOLAYANUR","SREE VETRI VIKAS METRIC HR SEC SCHOOL, MOLAYANUR-636904",636904
4622,DHARMAPURI,Pappireddipatti,"SRI VENKATESWARA MHSS, PAPPIREDDIPATTI","PAPPIREDDIPATTI(PO&TK),DHARMAPURI DT-636905",636905
4623,DHARMAPURI,Pappireddipatti,"ST.MARY'S MATRIC SCHOOL, B.PALLIPATTI, PAPPIREDDIPATTI",B.PallipattiB.Pallipatti,635301
4624,DHARMAPURI,Pappireddipatti,"STANLEY MHSS, PAPPIREDDIPATTI","PAPPIREDDIPATTI (PO& TK),DHARMAPURI DT-636905",636905
4625,DHARMAPURI,Pappireddipatti,"VAAGAI VIDHYALAYA MHSS, H.PUDUPATTI, PAPPIREDDIPATTI",H PUDUPATTI POSTPAPPIREDDIPATTI TK,636905
4626,DHARMAPURI,Pappireddipatti,"VENGANAR VAJRAM MHSS, PAPPIREDDIPATTI","ALAMELUPURAM -PO PAPPIREDDIPATTI TK,DHARMAPURI DT- 636905",636905
4627,DHARMAPURI,Pennagaram,"AASAN HIGH SCHOOL, KOTTAYUR, SATHIYANATHAPURAM","KOTTAYUR, SATHIYANATHAPURAM PO,PENNAGARAM TK, DHARMAPURI DT.",636813
4628,DHARMAPURI,Pennagaram,"ADHIYAMAN HIGH SCHOOL, RAMAKONDAHALLI",AVVAINAGAR/RAMAKONDAHALLI POST,636810
4629,DHARMAPURI,Pennagaram,"APPOLLO MHSS, PENNAGARAM","ETTIYAMPATTI, PERUMBALAI MAIN ROADPENNAGARAM",636810
4630,DHARMAPURI,Pennagaram,"BRINDHAVAN MATRIC SCHOOL, SENGANUR",CHINNAPALLATHUR\SENGANOO(PO),636810
4631,DHARMAPURI,Pennagaram,GHS ALAMARATHUPATTI,Bedrahalli(po)Pennagaram(TK),636803
4632,DHARMAPURI,Pennagaram,GHS ATHIMARATHUR,ATHIMARATHURATHIMARATHUR,636810
4633,DHARMAPURI,Pennagaram,GHS CHINNAMBALLI,"Chinnampalli,
Chinnampalli Post, Pennagaram Block -636811",636811
4634,DHARMAPURI,Pennagaram,GHS CHINNAVATHALAPURAM,CHINNAVATHALAPURAMAJJANAHALLI PO,636810
4635,DHARMAPURI,Pennagaram,GHS DASAMPATTI,"DHASAMPATTI (VILL), PENNAGARAM(TK), DHARMAPURI - 636810",636810
4636,DHARMAPURI,Pennagaram,GHS EARIMALAI,"NEAR  KOTTUR THIRUMALVADI, VIA SEENGADU, PENNAGARAM TK, DHARMAPURI",636808
4637,DHARMAPURI,Pennagaram,GHS ERRAPATTI,PENNAGARAM DHARMAPURI,636811
4638,DHARMAPURI,Pennagaram,GHS ETTIKUTTAI,NOOLAHALLI (PO)PENNAGARAM (TK),636817
4639,DHARMAPURI,Pennagaram,GHS HALEPURAM,HALEPURAM KOOTHAPPADI PO PENNAGARM 636810,636810
4640,DHARMAPURI,Pennagaram,GHS JELMARAMPATTI,DASAMPATTI POST PENNAGARAM BLOCK,636810
4641,DHARMAPURI,Pennagaram,GHS KARIAPPANAHALLI,KARIYAPPANAHALLI VILLAGE PALAVADI PO PENNAGARAM TK,636809
4642,DHARMAPURI,Pennagaram,GHS KOTTAYUR,GOVT. HIGH SCHOOL KOTTAYUR,636813
4643,DHARMAPURI,Pennagaram,GHS MANJANAIKANAHALLI,"GHS
MANJANAYAKKANAHALLIMANJANAYAKKANAHALLI (PO),",636813
4644,DHARMAPURI,Pennagaram,GHS PALLIPATTI,pallipattiO.G.HALLI(po),636809
4645,DHARMAPURI,Pennagaram,GHS PERIYUR,"GHS,PERIYUR
PIKKILI(PO) PIN CODE 636809",636809
4646,DHARMAPURI,Pennagaram,GHS POOCHUR,"GOVT HIGH SCHOOL POOCHURBADRAHALLI(Po),PENNAGARAM(Tk),",636810
4647,DHARMAPURI,Pennagaram,GHS PUDUBALASAMUTHIRAM,PUDHUBALASAMUDRAMMALAIYANOOR,636810
4648,DHARMAPURI,Pennagaram,GHS PUDUPATTI,"PUDUPATTI VILL, KALAPPAMBADI POPENNAGARAM TK, DHARMAPURI DT.",636811
4649,DHARMAPURI,Pennagaram,GHS RAMAKONDAHALLI,RAMAKONDAHALLI POSTPENNAGARAM TALUK,636810
4650,DHARMAPURI,Pennagaram,GHS SEELANAYAKKANOOR,"SEELANAYAKKANOOR\PENNAGARAM (TK),DHARMAPURI (DT),TAMILNADU.",636810
4651,DHARMAPURI,Pennagaram,GHS THIRUMALVADI,GIDDAMPATTI POPENNAGARAM,636809
4652,DHARMAPURI,Pennagaram,GHSS ERIYUR,SUNJALNATHAM PO PENNAGARAM TK DHARMAPURI,636810
4653,DHARMAPURI,Pennagaram,GHSS GIRLS PAUPARAPATTI,PAUPARAPATTIPENNAGARAM MAIN ROAD,636809
4654,DHARMAPURI,Pennagaram,GHSS KALAPPAMBADI,KALAPPAMBADI POPENNAGARAM TK,636811
4655,DHARMAPURI,Pennagaram,GHSS KULLANUR,DHARMAPURI-HOGENAKKAL ROADTHALAPPALLAM,636813
4656,DHARMAPURI,Pennagaram,GHSS MANGARAI,"MANGARAI(PO),B.AGRAHARAM(VIA), PENNAGARAM(TK), DHARMAPURI(DT).",636813
4657,DHARMAPURI,Pennagaram,GHSS NERUPPUR,"NERUPPUR, NERUPPUR PO\PENNAGARAM  TK, DHARMAPURI  DT",636810
4658,DHARMAPURI,Pennagaram,GHSS OOTTAMALAI,"OOTTAMALAI, HOGENAKKAL (POST), PENNAGARAM (TK), DHARMAPURI DT",636810
4659,DHARMAPURI,Pennagaram,GHSS P.GOLLAPATTI,"P.Gollapatti, Pikkili, PENNAGARAM, DHARMAPURI DT",636807
4660,DHARMAPURI,Pennagaram,GHSS PENNAGARAM Boys,"GOVT.BOYS.HR.SEC.SCHOOL, NAGAMARI ROAD
,PENNAGARAM",636810
4661,DHARMAPURI,Pennagaram,GHSS PENNAGARAM GIRLS,KAVERI ROADpennagaram,636810
4662,DHARMAPURI,Pennagaram,GHSS PERUMBALAI,"GHSS PERUMBALAI, PENNAGARAM TK, DHARMAPURI- 636811",636811
4663,DHARMAPURI,Pennagaram,GHSS SELLAMUDI,SELLAMUDIMANJARAHALLI POST,636810
4664,DHARMAPURI,Pennagaram,"KGBV RESIDENTIAL SCHOOL, PAUPPARAPATTI",KGBV  PAUPPARAPATTIKGBV  PAUPPARPATTI,636809
4665,DHARMAPURI,Pennagaram,"LOTUS MATRIC SCHOOL, PENNAGARAM",PODUR ROAD PENNAGARAM TK DHARMAPURI DT,636810
4666,DHARMAPURI,Pennagaram,MODEL HSS CHINNAMPALLI,CHINNAMPALLI\PENNAGARAM,636811
4667,DHARMAPURI,Pennagaram,"NETAJI SUBHASH CHANDRA BOSE AVASIYA VIDYALAYA, PENNAGARAM","Access Residential School, @ Govt. Boys Hr Sec School Pennagaram",636810
4668,DHARMAPURI,Pennagaram,NEWTONS APPLE PUBLIC SCHOOL,"MALAYANUR, RAMAKONDAHALLI PO, PENNAGARAM TK, DHARMAPURI DT.",636810
4669,DHARMAPURI,Pennagaram,"PARAMVEER MHSS, PAUPARAPATTI",THATTARAPATTI VILLPAPPARAPATTI PO,636809
4670,DHARMAPURI,Pennagaram,PUMS A.ETTIYAMPATTI,"PANCHAYAT UNION MIDDLE SCHOOL,
A.ETTIYAMPATTI VILLAGEA.PAUPARAPATTI PO, PENNAGARAM TK DHARMAPURI DT",636809
4671,DHARMAPURI,Pennagaram,PUMS A.PAUPARAPATTI,"PANCHAYAT UNION MIDDLE SCHOOL,
A.PAUPARAPATTIA.PAUPARAPATTI PO, PENNAGARAM TK DHARMAPURI DT",636809
4672,DHARMAPURI,Pennagaram,PUMS AARALKUNDHI,ARALKUNDHIBATHRAHALLI,636810
4673,DHARMAPURI,Pennagaram,PUMS AJJANAHALLI,"PANCHAYAT UNION MIDDLE SCHOOL,AJJANAHALLI,PENNAGARAM",636810
4674,DHARMAPURI,Pennagaram,PUMS ALAMARATHUR,"ALAMARATHUR,
PERUMBALAI (POST), PENNAGARAM TALUK, DHARMAPURI DIST.",636811
4675,DHARMAPURI,Pennagaram,PUMS ANJEHALLI,ARNGAPURAMANJEHALLI,636813
4676,DHARMAPURI,Pennagaram,PUMS ARAKASANAHALLI,"PUMS ARAKASANAHALLI, ARAKASANAHALLI
POST\PENNAGARAM TALUK, DHARMAPURI DISTRICT - 636810s",636811
4677,DHARMAPURI,Pennagaram,PUMS BADHARAHALLI,"VATHALPATTI, BADHRAHALLI POPENNAGARAM TK, DHARMAPURI DT",636810
4678,DHARMAPURI,Pennagaram,PUMS BALINJERAHALLI,"P.U.M.S BALINJARAHALLIANJEHALLI(PO), PENNAGRAM",636813
4679,DHARMAPURI,Pennagaram,PUMS BIKKAMPATTI,BIKKAMPATTI (VILL & POST)PENNAGARAM TALUK,636813
4680,DHARMAPURI,Pennagaram,PUMS BOOTHINATHAM,boothinathamanjahalli post,636813
4681,DHARMAPURI,Pennagaram,PUMS CHINNAPALLATHUR,panchayat union middle schoolnCHINNAPALLATHUR SENGANOOR(PO),636810
4682,DHARMAPURI,Pennagaram,PUMS CHINNAPERMANUR,B.AgraharamChinnaperamanoor,636813
4683,DHARMAPURI,Pennagaram,PUMS CHINNAPPANALLUR,"Ajjanahalli(p.o),Pennagaram(t.k), Dharmapuri(d.t)",636810
4684,DHARMAPURI,Pennagaram,PUMS DHONNAGUDDAHALLI,DHONNAGUTTAHALLI   PENNAGARAM TK DHARMAPURI.D.T,636810
4685,DHARMAPURI,Pennagaram,PUMS DIGILODU,MAKKANOOR POST\PENNAGARAM  TK,636803
4686,DHARMAPURI,Pennagaram,PUMS EAMANOOR,"PUNCHAYAT UNION MIDDLE
SCHOOL,EAMANOORAGAMARAI POST,PENNAGARAM T.K,DHARMAPURI DT.",636810
4687,DHARMAPURI,Pennagaram,PUMS ELUMALMANDHI,PUMS ELUMALMANDHAI DHASAMPATTI POPENNAGARAM TK DHARMAPURI DT,636810
4688,DHARMAPURI,Pennagaram,PUMS ETTIKUZHI,PUMS ETTIKUZHIKALAPPAMPADI (PO),636811
4689,DHARMAPURI,Pennagaram,PUMS GIDDANAHALLI,GIDDANAHALLIGIDDANAHALLI(PO),636809
4690,DHARMAPURI,Pennagaram,PUMS GODUPATTI,GODUPATTIDHASAMPATTI POST,636810
4691,DHARMAPURI,Pennagaram,PUMS GOWRICHETTIPATTI,"P.U.M.S.GOWRICHETTIPATTI, BIKKAMPATTI POST, PENNAGARAM TALUK, DHARMAPURI DISTRICT-636813",636813
4692,DHARMAPURI,Pennagaram,PUMS GURUKALAIYANUR,"PUMS GURUKALAIYANUR,NAGAMARAI
PO,PENNAGARAM TK,DHARMAPURI DTPUMS PGUUMRUS,KCAHLAATIRYAAMNUR,NAGAMARAI PO,PENNAGARAM",636810
4693,DHARMAPURI,Pennagaram,PUMS HOGENAKKAL,"HOGENAKKAL,
PEANNCAHGAAYRAATMUNION MIDDLE SCHOOL,",636810
4694,DHARMAPURI,Pennagaram,PUMS JANGAMAIYANUR,"JANGAMAIYANUR, SENGANOOR[PO],
pPaEnNchNaAyaGtAuRniAonMm[TidKd]l,eDscHhAooRlM, KA.APUGRIADHTARAM,",636810
4695,DHARMAPURI,Pennagaram,PUMS K.AGRAHARAM,"KOOTHAPADI POST, PENNAGARAM TALUK, PDAHNACRHMAAYPAUTRUNDIIOSNTRMICIDTDLE SCHOOL, K. PUTHUR,",636810
4696,DHARMAPURI,Pennagaram,PUMS K.PUDUR,"GENDAIYANAHALLI (POST), PENNAGARAM (Taluk), DHARMAPURI (Dist) 636811",636811
4697,DHARMAPURI,Pennagaram,PUMS KADAMADAI,P U M SCHOOL KADAMADAI. KALAPAMBADI (PO).PENNAGARAM.,636811
4698,DHARMAPURI,Pennagaram,PUMS KADAMADAI,P U M SCHOOL KADAMADAI. KALAPAMBADI (PO).PENNAGARAM.,
4699,DHARMAPURI,Pennagaram,PUMS KATTUKOTTAI,kattukottaipennagaram,636810
4700,DHARMAPURI,Pennagaram,PUMS KENDAYANAHALLI,PANCHAYAT UNION MIDDLE SCHOOLGENDAIYANAHALLI,636811
4701,DHARMAPURI,Pennagaram,PUMS KODIHALLI,JAKKAMPATTI VILLAGE ; KOOTHAPPADI POST ; PENNAGARAM TALUK ; DHARMAPURI DISTRICT,636810
4702,DHARMAPURI,Pennagaram,PUMS KOMBADIYUR,KOMBADIYURPERUMBALAI(PO),636811
4703,DHARMAPURI,Pennagaram,PUMS KONDAIYANUR,KONDAIYANURNAGAMARAI PO.PENNAGARAM TK.DHARMAPURI.DT,636810
4704,DHARMAPURI,Pennagaram,PUMS KOOKUTTAMARUDHAHALLI,PUMS KOOKUTTAMARUDHAHALLISENGANOOR (PO) PENNAGARAM (TK),636810
4705,DHARMAPURI,Pennagaram,PUMS KOOTHAPADI,"KOOTHAPADI PO, PENNAGARAM TK, DHARMAPURI DT",636810
4706,DHARMAPURI,Pennagaram,PUMS KOVALLIKOMBAI,pums kovalikombai\kalappambadi(pos),636811
4707,DHARMAPURI,Pennagaram,PUMS KRISHNAPURAM,"M.K. NAGAR,KRISHNAPURAM,PENNAGARAM. TK,",636810
4708,DHARMAPURI,Pennagaram,PUMS KRISHNAPURAM,"M.K. NAGAR,KRISHNAPURAM, PENNAGARAM. TK,",
4709,DHARMAPURI,Pennagaram,PUMS M.SANJEEVAPURAM,MAKKANOOR POSTPENNAGARAM,636803
4710,DHARMAPURI,Pennagaram,PUMS M.THANDA,"M. THANDA,
SUNJALNATHAM PANCHAYAT, ERIYUR,",636810
4711,DHARMAPURI,Pennagaram,PUMS MAKKANUR,"MAKKANUR (PO), INDUR (VIA), PENNAGARAM (TK), DHARMAPURI (Dt)",636803
4712,DHARMAPURI,Pennagaram,PUMS MAKKANUR,"MAKKANUR (PO), INDUR (VIA), PENNAGARAM (TK), DHARMAPURI (Dt)",
4713,DHARMAPURI,Pennagaram,PUMS MALAIYUR,"PANCHAYAT UNION MIDDLE SCHOOL MAIAIYUR, PIKKILI (PO),PENNAGARAM",636809
4714,DHARMAPURI,Pennagaram,PUMS MANGURUCHI,SEMMEDU (D SOLAPADI)MANKURUCHI,636810
4715,DHARMAPURI,Pennagaram,PUMS MANJARAHALLI,ERKOLPATTYSELLAMUDI(PO),636810
4716,DHARMAPURI,Pennagaram,PUMS MANJARAPATTI,MANJARAPATTYSELLAMUDI(PO),636810
4717,DHARMAPURI,Pennagaram,PUMS MOONGILMADUVU,"PANCHAYAT  UNION MIDDLE
SCHOOL,MOONGILMADUVU,AJJANAHALLI POST,PENNAGARAM TALUK,DHARMAPURI",636810
4718,DHARMAPURI,Pennagaram,PUMS NAGADASAMPATTI,BIKKAMPATTI (POST)PENNAGARAM TALUK,636813
4719,DHARMAPURI,Pennagaram,PUMS NAGAMARAI,PUMS NAGAMARAI POPENNAGARAM TK DHARAMAPURI DT,636810
4720,DHARMAPURI,Pennagaram,PUMS NAGANOOR,"NAGANOOR,SENGANOOR(PO),PENNAGARAM- TK,DHARMAPURI-DTDHARMAPURI-DT 636810",636810
4721,DHARMAPURI,Pennagaram,PUMS NALLAMPATTI,NALLAMPATTI (VILL)\B AGRAHARAM (PO) PENNAGARAM,636813
4722,DHARMAPURI,Pennagaram,PUMS NALLAPPANAYAKKANAHALLI,PUMS NALLAPPANAYAKKANAHALLA PAPPARAPATTI PO PENNAGARAM TK DHARAMAPURI DT,636809
4723,DHARMAPURI,Pennagaram,PUMS ODDANUR,"PUMSCHOOL, ODDANURAGAMARAI (POST)",636810
4724,DHARMAPURI,Pennagaram,PUMS ONDIKOTTAI,"PANCHAYAT UNION MIDDLE SCHOOL ONDIKOTTAI\PERUMBALAI(PO), PENNAGARAM(TK)",636811
4725,DHARMAPURI,Pennagaram,PUMS PALIKADU,"PUMS PALIKADU , ARAKASANAHALLI POSTPENNAGARAM TALUK, DHARMAPURI DISTRICT",636811
4726,DHARMAPURI,Pennagaram,PUMS PANAIKULAM,PUMS PANAIKULAM GIDDANAHALLI POSTPENNAGARAM TALUK DHARMAPURI DT,636809
4727,DHARMAPURI,Pennagaram,PUMS PAVALANDUR,PAVALANDUR\DHASAMPATTI POST,636810
4728,DHARMAPURI,Pennagaram,PUMS PERIYATHOTTAMPUDUR,"PANCHAYAT UNION MIDDLE
SCHOOLPERIYATHOTTAMPUDUR, SENGANOOR (P.O), PENNAGARAM 636810",636810
4729,DHARMAPURI,Pennagaram,PUMS PODUR,"PODUR VILLAGEPENNAGARAM(PO),(TK)",636810
4730,DHARMAPURI,Pennagaram,PUMS POOVANKADU COLONY,PANCHAYAT UNION MIDDLE SCHOOL POOVANKADUBADHARAHALLI(PO) PENNAGARAM (TK),636810
4731,DHARMAPURI,Pennagaram,PUMS PUDUKARAMBU,PIKKILI POST PENNAGARAM TK DHARMAPURI DT,636809
4732,DHARMAPURI,Pennagaram,PUMS PUDUNAGAMARAI,PUDUNAGAMARAIRAMAKONDAHALLI,636810
4733,DHARMAPURI,Pennagaram,PUMS PUDUR SOLAPADI,"PUMS,PUDUR
SOLAPPADI,DINNABELLUR(PO)PENNAGARAM(TK)DHAR MAPURI(DT)",636810
4734,DHARMAPURI,Pennagaram,PUMS RAJAVOOR,"PANCHAYAT UNION MIDDLE SCHOOL RAJAVOORSENGANOOR(PO), PENNAGARAM (T.K)",636810
4735,DHARMAPURI,Pennagaram,PUMS SAMATHAL,SAMATHAL  PERUMBALAI (PO)PENNAGARAM  (TK),636811
4736,DHARMAPURI,Pennagaram,PUMS SIDUMANAHALLI,"DHONNAKUTTAHALLI POST, PENNAGARAM TALUK, DHARMAPURI DIST.",636810
4737,DHARMAPURI,Pennagaram,PUMS SIDUVAMPATTI,SIDUVAMPATTIDHONNAKUTTAHALLI,636810
4738,DHARMAPURI,Pennagaram,PUMS SIGARALAHALLI,"Sigaralahalli , Ajjanahalli post,PennagaramSigaralahalli , Ajjanahalli post,Pennagaram",636810
4739,DHARMAPURI,Pennagaram,PUMS SITLAKARAMPATTI,PAPPARAPATTI POSTPENNAGARAM,636809
4740,DHARMAPURI,Pennagaram,PUMS SUNJALNATHAM,"SUNJALNATHAM,DINNABELLUR(PO),PENNAGARAM(TK)
,DHARMAPURI (DT), PIN;636810",636810
4741,DHARMAPURI,Pennagaram,PUMS TEAKADAI,PUMS TEAKADAIKOOTHAPADI (PO),636810
4742,DHARMAPURI,Pennagaram,PUMS THITHIOPPANAHALLI,"PUMS THITHIYOPPANAHALLI, MAKKANUR (PO)\PENNAGARAM (TK), DHARMAPURI (DT)",636809
4743,DHARMAPURI,Pennagaram,PUMS THOTLANAHALLI,PUMS THOTALANAHALLIGIDDANAHALLI(PO),636809
4744,DHARMAPURI,Pennagaram,PUMS VANNATHIPATTI,PANCHAYAT UNION MIDDLE SCHOOL VANNATHIPATTIMANGARAI PENNAGARAM,636813
4745,DHARMAPURI,Pennagaram,PUMS VARAGOORANKOTTAI,KALAPPAMBADIPENNAGARAM (T.K),636811
4746,DHARMAPURI,Pennagaram,PUMS VATHIMARATHAHALLI,VATHIMARUDHAHALLIGIDDAMPATTI  PO,636809
4747,DHARMAPURI,Pennagaram,PUMS VATTUVANAHALLI,"thirumalvadi post, pennagaram Tk, DHARMAPURI",636810
4748,DHARMAPURI,Pennagaram,PUMS VELAMANKADU,Vellamankadu\Gendayanahalli,636811
4749,DHARMAPURI,Pennagaram,PUMS VELAMPATTI,PUMS VELAMPATTIOG HALLI(PO),636809
4750,DHARMAPURI,Pennagaram,"SIVAM INTERNATIONAL SCHOOL, THITHIYOPANAHALLI, PENNAGARAM","2/416, SIVAM NAGARPAPPARAPATTI TO PENNAGARAM
MAIN ROAD, BEADERAHALLI PO, INDUR VIA, PENNAGARAM TK, DHARMAPURI DT",636803
4751,DHARMAPURI,Pennagaram,"SRI VINAYAGA MHSS, PENNAGARAM",DHASAMPATTI ROADPENNAGARAM-POST,636810
4752,DHARMAPURI,Pennagaram,"SRI VISALI VIDYALAYA MATRIC SCHOOL, AATHANOOR","SRI VISALI VIDYALAYA MATRIC SCHOOL,
VANNATHIPPATTI ( VI)MANGARAI (PO) DHARMAPURI
(1D/2T1)1PAEDNHNAARGMAARPAUMR(ITMKA) IN",636813
4753,DHARMAPURI,Pennagaram,"THE SPARTANS SCHOOL OF EXCELLENCE MATRIC SCHOOL, PARUVATHANAHALLI","ROAD,PARUVADHANAHALLI(Vill),NOOLAHALLI(P.O),PE NNAGARAM",636813
4754,DHARMAPURI,Pennagaram,TSSGHSS PAUPARAPATTI - MODEL BOYS,"PAUPARAPATTI, PENNAGARAM TK",636809
4755,DHARMAPURI,Pennagaram,"VIVEKANANDA MATRIC SCHOOL, PUDHUR SOLAPPADI","PUDHUR
SOLPPADI,THINNABELLUR(PO)PENNAGARAM(TK),DHAR MAPURI(DT)",636810
4756,DHARMAPURI,Pennagaram,"VIVEKANANDA VIDYALAYA MATRIC SCHOOL, JANGAMAIYANOOR","JANGAMAIYANOOR, SENGANOOR[PO],PENNAGARAM[TK], DHARMAPURI[DT]",636810
4757,DHARMAPURI,Pennagaram,"YESU RAJA MHSS, PAUPARAPATTI",POLICE COLONY PAPPARAPATTI,636809
4758,DINDIGUL,Athoor,"CHERAN GLOBAL MATRIC. HIGH SCHOOL, SEDAPATTI","Sedapatti, Sithayankottai",624708
4759,DINDIGUL,Athoor,"CHERAN VIDHYALAYA  MATRIC HIGHER SECONDARY SCHOOL, KALIKKAMPATTI","CHERAN NAGAR,KALIKKAMPATTI",624303
4760,DINDIGUL,Athoor,"CSI MIDDLE SCHOOL, PALAYAMKOTTAI","Csi middle school ,palayankottai",624708
4761,DINDIGUL,Athoor,"DEVANGAR (G) HS,CHINNALAPATTI",WARD NO 15N C C  ROAD,624301
4762,DINDIGUL,Athoor,"DEVANGAR HIGHER SECONDARY SCHOOL,CHINNALAPATTI",11/8/8 High School RoadChinnalapatti,624301
4763,DINDIGUL,Athoor,"DR ZAHIR HUSSIAN HSS,PILLAYARNATHAM","TMT. A.M. SIKKANDAR BEEVI
SCHOOL CAMPUSPILLAIYARNATHAM, PITHALAIPATTY-PO, DINDIGUL",624002
4764,DINDIGUL,Athoor,G.AD.WHSS-MURUGAMPATTI,muruganpattiperumalkovilpatti,624302
4765,DINDIGUL,Athoor,GANDHIJI MS-MALLAIAPURAM,"GANDHIJI MIDDLE SCHOOL,
MALLAIYAPURAM-624707 SEMPATTI-VIA   .ATHOOR-TK",624707
4766,DINDIGUL,Athoor,"GHS,DEVARAPPANPATTY","GOVT HIGH SCHOOL,DEVARAPPAN PATTI",624204
4767,DINDIGUL,Athoor,"GHSS, ATHOOR",ATHOOR DINDIGUL,624202
4768,DINDIGUL,Athoor,"GHSS, SITHAYANKOTTAI",SEDAPATTI MAIN ROADSITHAYANKOTTAI,624708
4769,DINDIGUL,Athoor,"GHSS,V.KOOTHAMPATTI","VEERAKKAL(POST)ATHOOR(TK), DINDIGUL(DT)",624303
4770,DINDIGUL,Athoor,"GOVERNMENT HIGH SCHOOL, CHINNALAPATTI",kamarasar salaichinnalapatti,624401
4771,DINDIGUL,Athoor,"GOVERNMENT HIGHER SECONDARY SCHOOL,CHETTIAPATTI","CHETTIYAPATTI, KAALIYAMMAN KOVIL ST",624302
4772,DINDIGUL,Athoor,"GOVERNMENT HIGHER SECONDARY SCHOOL,N.PANJAMPATTI",WEST STREETN PANJAMPATTI,624303
4773,DINDIGUL,Athoor,"GOVT. KALLAR HIGH SCHOOL, NELLUR","GOVT KALLAR HIGH SCHOOL, NELLUR-624204",624204
4774,DINDIGUL,Athoor,GTRHSS-PERUMPARAI,bus stand near \PERUMPARAI,624212
4775,DINDIGUL,Athoor,"HOLY CROSS MATRICULATION HIGHER SECONDARY SCHOOL,VAKKAMPATTI","Thirusiluvai Nagar, Vakkampatti",624303
4776,DINDIGUL,Athoor,"KASTHURIBA SEVIKASHRAM SPECIAL HIGHER SECONDRAY SCHOOL , GANDHIGRAM",KASTHURBA SEVIKASHRAMGANDHIGRAM,624302
4777,DINDIGUL,Athoor,"KENDRIYA VIDHYALAYA,GANDHIGRAM","Kendriya Vidyalaya, Gandhigram, DindigulKendriya Vidyalaya, Gandhigram, Dindigul",624302
4778,DINDIGUL,Athoor,"LEO MATRIC SCHOOL,ANNAMALAIYAR MILLS COLONY, DINDIGUL","Annamalayar Mills colony, Begumbur 624002",624002
4779,DINDIGUL,Athoor,"LUXOR WORLD SCHOOL, CHINNALAPATTI",EMARALD VALLEY KALIKAMPATTI PO DINDIGUL,624303
4780,DINDIGUL,Athoor,"NAGALAKSHMI MATRIC HR SEC SCHOOL,SITHAYANKOTTAI",NAICKER  STREET SITHAYANKOTTAI,624708
4781,DINDIGUL,Athoor,"NPR GHSS,AYYAMPALAYAM","DINDUGUL MAIN ROAD,Ganesapuram,AYYAMPALAYAM",624204
4782,DINDIGUL,Athoor,"ORCHIDS SPECIAL SCHOOL, RATHINAGIRI",3/24 RatinagiriN. Panjampatti,624303
4783,DINDIGUL,Athoor,"PANCHAYAT UNION MIDDLE SCHOOL
,PITHALAIPATTI","PANCHAYAT UNION  MIDDLE  SCHOOL
,PITHALAIPATTI .ATHOOR BLOCK",624002
4784,DINDIGUL,Athoor,"PANCHAYAT UNION MIDDLE SCHOOL, K.SINGARAKOTTAI.","K. Singarakottai, Athoor (TK)",624708
4785,DINDIGUL,Athoor,"PANCHAYAT UNION MIDDLE SCHOOL, SANGAREDDYKOTTAI .","Sangareddykottai,
Pattiveeranpatti (PO), Athoor (TK),",624211
4786,DINDIGUL,Athoor,"PRISM MATRIC HIGHER SECONDARY SCHOOL, AATHILAKSHMIPURAM",141-D AATHILAKSHMIPURAMSEMPATTY )PO) ATHOOR (TK),624707
4787,DINDIGUL,Athoor,"PUMS, A.KURUMBAPATTI","PUMS A. KURUMBAPATTIvia Nadupatty, athoor, dindigul",624302
4788,DINDIGUL,Athoor,"PUMS, BODIKAMMANVADI",BODIKAMANVADI\ATHOOR (TK),624708
4789,DINDIGUL,Athoor,"PUMS, J.PUDUKOTTAI","Panchayat Union Middle School,J.PudukottaiCHINNALAPATTY",624301
4790,DINDIGUL,Athoor,"PUMS, KEELAKOTTAI",panchyayat union middle school keelakottaiNear chinnalapatti bus stand,624301
4791,DINDIGUL,Athoor,"PUMS, PARAIPATTY",PUMS- S.PARAIPATTIS. PARAIPATTI (PO),624707
4792,DINDIGUL,Athoor,"RC MIDDLE SCHOOL, ARIYANELLURE","RC MIDDLE SCHOOL, Ariyanellure, \munnilaikottai post",624303
4793,DINDIGUL,Athoor,RC SACRED HEART MS-ATHOOR,karnam streetathoor,624701
4794,DINDIGUL,Athoor,"RC SAHAYARANI HIGH SCHOOL,CHINNALAPATTI",R.C.SAHAYARANI HIGH SCHOOL\CHINNALAPATTI,624301
4795,DINDIGUL,Athoor,RVLNA GHSS - SITHAREVU,"THANDIKUDI ROAD,SITHAREVU POST",624204
4796,DINDIGUL,Athoor,"SAKTHIVELAVAN VIDHYALAYA,CHINNALAPATTI",Sakthivelavan vidhyalayaChinnalapatti,624301
4797,DINDIGUL,Athoor,"ST AUGUSTINAR(G)HSS,N.PANJAMPATTI",AUGUSTINAR (G)HR.SEC.SCHOOLN.PANJAMPATTI,624303
4798,DINDIGUL,Athoor,"ST JOSEPH'S MATRICULATION SCHOOL,CHINNALAPATTI","T.V.K Nagar 1st StreetChinnalapatti,Dindigul (dt)",624301
4799,DINDIGUL,Athoor,"ST.MICHAEL'S MIDDLE SCHOOL, VANNAMPATTI",VannampattiSempatti via,624707
4800,DINDIGUL,Athoor,"THAMBITHOTTAM HSS,GANDHIGRAM",THAMBITHOTTAM HIGHER SECONDARY SCHOOLGANDHIGRAM,624302
4801,DINDIGUL,Athoor,"VICTORY MATRICULATION HR. SEC. SCHOOL,CHINNALAPATTI","NCC ROAD, METTUPATTICHINNALAPATTI",624301
4802,DINDIGUL,Athoor,"VIDYA SIKSHAA MATRIC HIGHER SECONDARY SCHOOL, BODIKAMANVADI","SITHAYANKOTTAI POST
NEAR SEMPATTI BOSIKAMANVADI",624708
4803,DINDIGUL,Batlagundu,"ANNA AIDED MIDDLE SCHOOL, MUTHALAPURAM",KKK StreetMuthulapuram,624202
4804,DINDIGUL,Batlagundu,ANNAI VAILANKANNI MATRICULATION HIGHER SECONDARY SCHOOL,MADURAI ROADBATLAGUNDU,624202
4805,DINDIGUL,Batlagundu,"APOORVAA PUBLIC SCHOOL (CBSE), M.VADIPATTY",PATTIVEERAN PATTI BYPASSM.VADIPATTI,624211
4806,DINDIGUL,Batlagundu,"CSI HSS, BATLAGUNDU",MADURAI ROAD BATLAGUNDU,624202
4807,DINDIGUL,Batlagundu,"FIRST STEP PUBLIC SCHOOL, KANAVAIPATTY",1/149/ MAIN ROAD KANAVAIPATTI,624202
4808,DINDIGUL,Batlagundu,"GHS, ELUVANAMPATTI",GOVT HIGH SCHOOL ELUVANAMPATTI,624202
4809,DINDIGUL,Batlagundu,"GHS, VIRALIPATTI","ANDIPATTI MAIN ROAD, VIRALIPATTI.",624202
4810,DINDIGUL,Batlagundu,"GHSS, KOMBAIPATTI","KOMBAIPATTI, NILAKOTTAI  Tk  DINDIGUL DT",624202
4811,DINDIGUL,Batlagundu,"GHSS, SEKKAPATTI",GHSS SEKKAPATTYKUNNUVARAYANKOTTAI,624220
4812,DINDIGUL,Batlagundu,GOVT BOYS HSS  BATLAGUNDU,govt.hr.sec.school streetbatlagundu,624202
4813,DINDIGUL,Batlagundu,GOVT HS OLD  BATLAGUNDU,oid batlagunduold batlagundu,624202
4814,DINDIGUL,Batlagundu,"GOVT KALLAR HSS, MALLANAMPATTI","GOVT KALLAR HR SEC SCHOOL, MALLANAMPATTI-
624202, NILAKOTTAI(TK).GOVT KALLAR HR SEC SCHOOL, MALLANAMPATTI-624202",624202
4815,DINDIGUL,Batlagundu,"GOVT MODEL HSS, VIRUVEEDU","MAIN ROAD,VIRUVEEDU",624220
4816,DINDIGUL,Batlagundu,GOVT. KALLAR HSS SEVUGAMPATTI,SEVUGAMPATTINILAKOTTAI,624211
4817,DINDIGUL,Batlagundu,"GOVT. KALLAR HSS, THEPPATHUPATTI",TheppathupattiTheppathupatti,624502
4818,DINDIGUL,Batlagundu,"GOVT. KALLAR MIDDLE SCHOOL, G.THUMMALAPATTI",Government Kallar Middle schoolG.Thummalapatty,624202
4819,DINDIGUL,Batlagundu,"GOVT.ADWHS, V.KURUMBAPATTI","GOVT ADW HIGH SCHOOL
V.KURUMBAPATTYVIRALIPATTY POST,KURUMBAPATTY,NILAKOTTAI TALUK",624202
4820,DINDIGUL,Batlagundu,HOLYCROSS GIRLSHSS  BATLAGUNDU,dindigul roadbatlagundu,624202
4821,DINDIGUL,Batlagundu,"IQBALIA  HIGH SCHOOL, BATLAGUNDU","2-3-1,Subbha Naicker StreetBatlagundu",624202
4822,DINDIGUL,Batlagundu,"JAYASEELAN PUBLIC SCHOOL, BATLAGUNDU","KANNAN NAGAR, KOMBAIPATTY VILLAGE NILAKOTTAI TALUK, BATLAGUNDU",624202
4823,DINDIGUL,Batlagundu,JEYASEELAN MEM MAT  BATLAGUNDU,"KANNAN NAGAR, BATLAGUNDU",624202
4824,DINDIGUL,Batlagundu,"LAKSHMI NARAYANA MATRICULATION SCHOOL, PATTIVEERANPATTI","BATLAGUNDU MAIN ROAD , PATTIVEERANPATTI",624211
4825,DINDIGUL,Batlagundu,MAHALAKSHMI GHSS  BATLAGUNDU,"9-3-3, MANJALAR STREET\BATLAGUNDU",624202
4826,DINDIGUL,Batlagundu,"MOUNT ZION MATRIC HR.SEC.SCHOOL, BATLAGUNDU","MELAKOIL PATTY ROAD,BATLAGUNDU",624202
4827,DINDIGUL,Batlagundu,"N.S.V.V MATRIC HSS, PATTIVEERANPATTI",GANDHIPURAM PATTIVEERANPATTI,624211
4828,DINDIGUL,Batlagundu,N.S.V.V.B HSS PATTIVEERANPATTI,GANDHIPURAMPATTIVEERANPATTI,624211
4829,DINDIGUL,Batlagundu,N.S.V.V.G HSS PATTIVEERANPATTI,GANDHIPURAMPATTIVEERANPATTI,624211
4830,DINDIGUL,Batlagundu,"PUMS, 1ST WARD BATLAGUNDU",pums 1st wardbatlagundu,624202
4831,DINDIGUL,Batlagundu,"PUMS, K.PUDUPATTI",kpudupattibattlagundu,624202
4832,DINDIGUL,Batlagundu,"PUMS, KATTAKAMANPATTI",PUM SCHOOL\KATTAKAMANPATTI,624202
4833,DINDIGUL,Batlagundu,"PUMS, KULIPATTI",PUMS KULIPATTYANAIPATTY ROAD,624202
4834,DINDIGUL,Batlagundu,"PUMS, M.VADIPATTI","8th ward main road, M. VadipattiSevugampatti town panchayath",624211
4835,DINDIGUL,Batlagundu,"PUMS, NADAKOTTAI",nadakottai nadakottai post,624220
4836,DINDIGUL,Batlagundu,"PUMS, SENGATTAMPATTI",Panchayat Union Middle SchoolSengattampatti,624708
4837,DINDIGUL,Batlagundu,"PUMS, VALAIYAPATTI",NORTH VALAYAPATTI\SOUTH VALAYAPATTI,624220
4838,DINDIGUL,Batlagundu,"PUMS,VERIYAPPANAICKENPATTY","Very yappanayakkanpatti,Via,Batlagundu",624202
4839,DINDIGUL,Batlagundu,"SREE RAMS MATRICULATION SCHOOL, KONNAMPATTY","konnampatty, venkatasthirikottaibatlagundu",624202
4840,DINDIGUL,Batlagundu,"SRI GURUKRISHNA MATRICULATION SCHOOL, BATLAGUNDU",MADURAIMAINROADBATLAGUNDU,624202
4841,DINDIGUL,Batlagundu,"SRI SARADHA VIDHYALAYA MATRIC HR SEC SCHOOL, BATLAGUNDU",Madurai Main Road Batlagundu,624202
4842,DINDIGUL,Batlagundu,"SWAMI VIVEKANANDA VIDYALAYA, BATLAGUNDU",batlagunduBatlagundu,624202
4843,DINDIGUL,Dindigul - Rural,"AKSHAYA MATRICULATION HR. SEC. SCHOOL,SELAPPADI",M.M.KOVILUR SEELAPADI,624005
4844,DINDIGUL,Dindigul - Rural,"AKV VIDYALAYA, KALLIPATTI, DINDIGUL","KALLIPATTI POST, THADICOMBU VIA DINDIGUL",624709
4845,DINDIGUL,Dindigul - Rural,"ANGUVILAS HIGHER SECONDARY SCHOOL- ANGU NAGAR, DINDIGUL",ANGU NAGARDINDIGUL,624004
4846,DINDIGUL,Dindigul - Rural,"ARVI SPECIAL SCHOOL FOR MR, SEELAPADI",0,624005
4847,DINDIGUL,Dindigul - Rural,CHEVALIER ACADEMY MATRICULATION HR. SEC. SCHOOL.,Kovilur JunctionSiluvathur Road,624306
4848,DINDIGUL,Dindigul - Rural,"CRESENT MAT HS, ANGUNAGAR","NH 7 BYPASS ROUNDANATHADI KOMBU ROAD, DINDIGUL",624004
4849,DINDIGUL,Dindigul - Rural,"CSMA HSS,M.M.KOVILUR",CSMA HSS MM KOVILUR DINDIGUL,624005
4850,DINDIGUL,Dindigul - Rural,"GHS, CHETTINAYAKANPATTI","Thaai moogambikai nagarkallipatti post , Dindigul",624709
4851,DINDIGUL,Dindigul - Rural,"GHS, NALLAMPATTY","GHS NALLAMPATTI -NALLAMPATTI(PO)  DINDIGUL- 3MUNIYAPPAN KOIL STREET, NALLAMPATTI",624003
4852,DINDIGUL,Dindigul - Rural,"GHS,MEENAKSHINAICKENPATTI","HEAD MASTER,GOVT HIGH SCHOOL\MEENATCHINAYAKKANPATTY, DINDIGUL",624002
4853,DINDIGUL,Dindigul - Rural,"GHSS,NALLAMANAYAKANPATTI",NALLAMANAICKANPATTYTHOTTANOOTHU VILLAGE,624003
4854,DINDIGUL,Dindigul - Rural,"GOVERNMENT HIGH SCHOOL ,SIRUMALAI PUDUR",GOVT HIGH SCHOOLSIRUMALAIPUDUR,624003
4855,DINDIGUL,Dindigul - Rural,GOVERNMENT HIGH SCHOOL -THADIKOMBU,GOVT HIGH SCHOOLTHADICOMBU,624709
4856,DINDIGUL,Dindigul - Rural,"GOVERNMENT HIGHER SECONDARY SCHOOL,AGARAM","GOVERNMENT HIGHER SECONDARY
SCHOOLAGARAM(PO) THADIKOMBU(VIA) DINDIGUL(DT) TAMILNADU",624709
4857,DINDIGUL,Dindigul - Rural,"GOVT. KALLAR HIGHER SECONDARY SCHOOL, CHENNAMANAYAKANPATTI",Govt Kallar Higher Secondary SchoolChennamanayakkanpatty,624004
4858,DINDIGUL,Dindigul - Rural,"GOVT. KALLAR MIDDLE SCHOOL, KOTTURAVARAMPATTI",kotturavarampattykotturavarampatty,624704
4859,DINDIGUL,Dindigul - Rural,"GOVT.HSS,NARASINGAPURAM","GHSS Narasingapuram, A.Vellodu (Via)",624307
4860,DINDIGUL,Dindigul - Rural,"GREEN VALLEY PUBLIC SCHOOL, PALLAPATTY",0,624002
4861,DINDIGUL,Dindigul - Rural,GURUKUL SPECIAL SCHOOL FOR MR,"536,THANTHAI PERIYAR NAGAR,BALAKRISHNAPURAM, DINDIGUL",624005
4862,DINDIGUL,Dindigul - Rural,"HAJI P C NAINAR MOHAMED ORIENTAL ARABIC HIGH SCHOOL, DINDIGUL",COLLECTOR OFFICE ROAD\COLLECTORATE POST,624004
4863,DINDIGUL,Dindigul - Rural,"HILLOCK INTERNATIONAL SCHOOL,SIRUMALAI","HILLOCK INTERNATIONAL SCHOOLINDRA NAGAR, SIRUMALAI",624003
4864,DINDIGUL,Dindigul - Rural,"HOLYCROSS CONVENT MATRIC HR SEC SCHOOL, RAMAYANPATTI","HOLY CROSS CONVENT MATRIC HR. SEC. SCHOOL,
RAMAYANPATTI, M. N. PATTY POST, PALANI ROAD, DINDIGUL.",624002
4865,DINDIGUL,Dindigul - Rural,"INFANT JESUS HS,MARAVAPATTI","MARAVAPATTY, VIRALIPATTY POST, THADICOMBU VIADINDIGUL DISTRICT",624709
4866,DINDIGUL,Dindigul - Rural,"J KAY SRI SANKARA PUBLIC SCHOOL, DINDIGUL",,
4867,DINDIGUL,Dindigul - Rural,"JEHOVAH REFORMED CHRISTIAN HIGH SCHOOL, SEELOVAMNAGAR",SEELOVAMNAGAR\B.K.PURAM (POST),624005
4868,DINDIGUL,Dindigul - Rural,"JMJ MATRIC, SIRUMALAIPUDUR",JMJ Matriculation school\Sirumalai Pudur,624003
4869,DINDIGUL,Dindigul - Rural,"KENNEDY MATRICULATION HIGHER SECONDARY SCHOOL, VAZHAKKAPATTI","MUTHAMIZH NAGAR, VALAKKAPATTY ROAD, DINDIGUL - 3",624003
4870,DINDIGUL,Dindigul - Rural,"KK AYYA NADAR GANGAMIRTHAMMAL MATRIC SCHOOL,BALAKRISHNAPURAM",Dindigul/Dindigul,624005
4871,DINDIGUL,Dindigul - Rural,"MVM GIRLS MATRIC HSS, ANGUNAGAR","2/680 Thadicombu Road
,Angu Nagar Collectorate (Po),",624004
4872,DINDIGUL,Dindigul - Rural,PANCHAYAT UNION MIDDLE SCHOOL SUKKAMPATTI,AgaramSukkampatty,624709
4873,DINDIGUL,Dindigul - Rural,"PANNAI MATRICULATION SCHOOL,MULLIPADI","AROCKIASAMY NAGAR, TRICHY ROAD, DINDIGUL - 5",624005
4874,DINDIGUL,Dindigul - Rural,"PANNAI PUBLIC SCHOOL(CBSE), MULLIPADI","AROCKIASAMY NAGARTRICHY ROAD, DINDIGUL",624005
4875,DINDIGUL,Dindigul - Rural,"PARVATHY'S ANUGRAHA INTERNATIONAL SCHOOL, DINDIGUL","Wisdom CityMadurai Main Road, Dindigul",624002
4876,DINDIGUL,Dindigul - Rural,"PRASIDDHI VIDYODAYA, SELAPPADI",karur roadseelapadi,624001
4877,DINDIGUL,Dindigul - Rural,"PRNP VIDHYA MANDHIR MATRIC HIGHER SECONDARY SCHOOL, MULLIPADI","19\M.M.KOVILUR ROAD,KAPILIYA PATTY(PO),DINDIGUL
-5",624005
4878,DINDIGUL,Dindigul - Rural,"PUMS, KALLIPATTI",PUMS KallipattiChettinaickanpatti,624709
4879,DINDIGUL,Dindigul - Rural,"PUMS,BALAKRISHNAPURAM",BALAKRISHNAPURAMBALAKRISHNAPURM PUDUR,624005
4880,DINDIGUL,Dindigul - Rural,"PUMS,KODANGINAYAKANPATTI",KODANGINAYAKKANPATTY\SEELAPADI (PO),624005
4881,DINDIGUL,Dindigul - Rural,"PUMS,PALAIYUR",PALAIYURPALAIYUR POST,624003
4882,DINDIGUL,Dindigul - Rural,"PUMS,SEELAPPADI",PUMS. seelapadi-624005,624005
4883,DINDIGUL,Dindigul - Rural,"PUMS,THAMARAIPADI",THAMARAIPADIDINDIGUL,624005
4884,DINDIGUL,Dindigul - Rural,"PUMS,THOTTANUTHU",ThottanuthuThottanuthu,624005
4885,DINDIGUL,Dindigul - Rural,"PUMS,UNDARPATTI","PANCHAYAT UNION MIDDLE SCHOOL, UNDARPATTY, THADIKOMBU",624709
4886,DINDIGUL,Dindigul - Rural,"QUAID-E-MILLETH HIGH SCHOOL,RAJAKKAPATTY",DAWOOD MARIYAM NAGAR,624306
4887,DINDIGUL,Dindigul - Rural,"SBC ACADEMY OF EXCELLENCE, SEELAPADI, DINDIGUL","40/5A, OLD KARUR ROAD,SEELAPADI VILLAGE PANCHAYAT, DINDIGUL",624005
4888,DINDIGUL,Dindigul - Rural,"SEVENTH DAY ADVENTIST MATRIC HSS,PONNAGARAM",Natham Road\Ponnagaram,624003
4889,DINDIGUL,Dindigul - Rural,"SHRI GURUMUKI VIDHYASHRAM,PUDHUKAPPLIAPATTI","S.F.No. 1395, PudhukappiliapattiThadicombu(Via), Dindigul",624709
4890,DINDIGUL,Dindigul - Rural,"SHRI MAHARISHI VIDYA MANDIR, SEELAPPADI",Seelapadi (Po)Dindigul,624005
4891,DINDIGUL,Dindigul - Rural,"SOUNDARARAJA VIDYALAYA, PONNAGARAM",Natham Road\Dindigul,624003
4892,DINDIGUL,Dindigul - Rural,"SRI LAKSHMI VIDYALAYA MATRIC HR.SEC.SCHOOL,THADIKOMBU",THIRUMANJANAM STREETTHADICOMBU,624709
4893,DINDIGUL,Dindigul - Rural,"ST.ANTONY'S AIDED MIDDLE SCHOOL, PUDUPATTI","PUDUPATTI  , PONNIMANTHURAI",624002
4894,DINDIGUL,Dindigul - Rural,"ST.ANTONY'S MIDDLE SCHOOL, IRENDALAPARAI","ST ANTHONYS CONVENT SCHOOL CAMPUSSIRUMALAI PIRIVU,IRENDELAI PARAI,DINDIGUL",624003
4895,DINDIGUL,Dindigul - Rural,"ST.JAMES HSS,A.VELLODU","ST. JAMES HR.SEC.SCHOOL, A. VELLODUTOWNSHIP OPPOSITE, DINDIGUL",624307
4896,DINDIGUL,Dindigul - Rural,"ST.JOSEPH'S MIDDLE SCHOOL, MULLIPADI",MULLIPADI \ MULLIPADI  POST,624005
4897,DINDIGUL,Dindigul - Rural,"ST.PATRICKS ACADEMY, C.KALANAMPATTI","PATRICK NAGAR, KALANAMPATTY POST",624710
4898,DINDIGUL,Dindigul - Rural,"ST.PAULS HS,ULAGAMPATTI","Ulagampatty, AgramAgram",624709
4899,DINDIGUL,Dindigul - Rural,"TAKSHASHILA VIDYA MANDIR, ANAIPATTI","S.NO.11/3B2,ANAIPATTY VILLAGE, PALAMRAJAKKAPATTI (PO), DINDIGUL WEST, DINDGUL",
4900,DINDIGUL,Dindigul - Rural,"VELAMMAL BODHI CAMPUS, DINDIGUL","19, M.M.Kovilur Road, M.Kappiliyapatti, Mullipadi, Periyakottai (Post), Dindigul",
4901,DINDIGUL,Dindigul - Rural,"VIDHYA PARTHI HSS,SEELAPPADI","Vidhya Parthi Hr.Sec.School,Seelapadi, Dindigul",624005
4902,DINDIGUL,Dindigul - Rural,"VIDHYA PARTHI NATIONAL ACADEMY, SEELAPADI","Vidhya Parthi National Academy, Seelapadi, Dindigul, Tamilnadu- 624005",624005
4903,DINDIGUL,Dindigul -Urban,"ACHYUTA ACADEMY CBSE SCHOOL, DINDIGUL",Thadicombu RoadDindigul,624001
4904,DINDIGUL,Dindigul -Urban,"ACHYUTA ACADEMY MATRIC HIGHER SECONDARY SCHOOL, DINDIGUL",Thadicombu Road\Dindigul,624001
4905,DINDIGUL,Dindigul -Urban,"ANNAMALAIAR MILLS GIRLS' HR.SEC.SCHOOL, DINDIGUL",KASTHURIBA HOSTEL ROADNAGAL NAGAR,624003
4906,DINDIGUL,Dindigul -Urban,"ARUL JOTHI VALLALAR HIGHER SECONDARY SCHOOL, DINDIGUL","N.S.KUPPUSAMY NAGARNATHAM ROAD,PONNAGARAM",624003
4907,Dindigul,Dindigul -Urban,AUSILIUM HIGH SCHOOL,,
4908,DINDIGUL,Dindigul -Urban,"BHARATHI MIDDLE SCHOOL, WARD-30","KAKKAN NAGAR,DINDIGUL",624003
4909,DINDIGUL,Dindigul -Urban,"CSI BOARDING MS,WARD 19, DINDIGUL",SALAI ROADDINDIGUL,624001
4910,DINDIGUL,Dindigul -Urban,"DNU SMBM PUBLIC SCHOOL(CBSE), DINDIGUL","35, G.T.N SALAI, DINDIGUL.",624005
4911,DINDIGUL,Dindigul -Urban,"DUDLEY HSS,DINDIGUL","DUDLEY HR SEC SCHOOL, AMC ROAD",624001
4912,DINDIGUL,Dindigul -Urban,"EQUITAS GURUKUL MATRICULATION HIGHER SECONDARY SCHOOL,DINDIGUL",NO 38 KASIMALLI NAGAR\KULLANAMPATTI NATHAM ROAD DINDIGUL,624003
4913,DINDIGUL,Dindigul -Urban,"G(G)HSS,KACHERITHERU",KATCHERI STREET\DINDIGUL,624001
4914,DINDIGUL,Dindigul -Urban,"GANDHIJI MEMORIAL MIDDLE SCHOOL, 5TH WARD, DINDIGUL",RAMASAMYPURAM STREETDINDIGUL,624001
4915,DINDIGUL,Dindigul -Urban,"GANDHIJI MS,WARD-24","20,MAKKAN STREET,DINDIGUL",624001
4916,DINDIGUL,Dindigul -Urban,"GHSS,PALANI ROAD",GHSS PALANI ROAD,624001
4917,DINDIGUL,Dindigul -Urban,"GREEN PARK MATRICULATION SCHOOL, BEGAMPUR, DINDIGUL","Mana Muna TownshipMadurai Road, Begumbur Post",624002
4918,DINDIGUL,Dindigul -Urban,"HAZRATH AMIRUNNISHA BEGAM ORIENTAL
HIGHER SECONDARY SCHOOL,WARD 38, DINDIGUL",BEGAMPURDINDIGUL,624002
4919,DINDIGUL,Dindigul -Urban,"JOHN PAUL ACADEMY CBSE SCHOOL,NEHRUJI NAGAR, DINDIGUL",Nehruji nagardindigul,624001
4920,DINDIGUL,Dindigul -Urban,"JOHN PAUL HSS,NEHRUJI NAGAR",NEHRUJI NAGARDINDIGUL,624001
4921,DINDIGUL,Dindigul -Urban,"KASUVALLUVAN MIDDLE SCHOOL, DINDIGUL","MURUGABHAVANAM PALANI ROAD , DINDIGUL",624001
4922,DINDIGUL,Dindigul -Urban,"LIONS MATRICULATION HIGHER SECONDARY SCHOOL,DINDIGUL","1\PANDIAN NAGAR , DINDIGUL-624001.",624001
4923,DINDIGUL,Dindigul -Urban,"LOURDU MATHA MATRICULATION SCHOOL,BEGAMPUR","MADURAI ROADBEGAMBUR , DINDIGUL",624002
4924,DINDIGUL,Dindigul -Urban,"METTUPATTI MUNCP HS, WARD-37",municipal high schoolmettupatti,624002
4925,DINDIGUL,Dindigul -Urban,"MSP SOLAI NADAR MEMORIAL HSS,GTN ROAD, DINDIGUL","54\8 G.T.N.SALAI,DINDIGUL",624005
4926,DINDIGUL,Dindigul -Urban,"NEHRUJI MEM HSS, DINDIGUL",west car streetdindigul,624001
4927,DINDIGUL,Dindigul -Urban,"OM SHANTHI CBSE SCHOOL,DINDIGUL","Thadicombu Road, Dindigul",624001
4928,DINDIGUL,Dindigul -Urban,"OUR LADY OF LOURDES GIRLS HIGHER SECONDARY SCHOOL, DINDIGUL-624002",MADURAI ROAD-BEGAMBUR DINDIGUL - 624002,624002
4929,DINDIGUL,Dindigul -Urban,"PUNITHA SOOSAIYAPPAR HSS,DINDIGUL",WEST AROCKIAMATHA STREETMENGLES ROAD,624003
4930,DINDIGUL,Dindigul -Urban,"RANIMANGAMMAL AIDED MS,WARD-33","KULLANAMPATTY, DINDIGUL",624003
4931,DINDIGUL,Dindigul -Urban,"SAHAYA MATHA MATRIC SCHOOL,DINDIGUL","East YMR pattiSiluvathur Road, Dindigul",624001
4932,DINDIGUL,Dindigul -Urban,"SANTHAI ROAD MUNICIPAL MIDDLE SCHOOL,WARD-48, DINDIGUL",BharathipuramNagal nagar,624005
4933,DINDIGUL,Dindigul -Urban,"SMBM MATRIC HSS,GTN ROAD, DINDIGUL","35, GTN SALAI, DINDIGUL.",624005
4934,DINDIGUL,Dindigul -Urban,"SOPHIYA MATRIC SCHOOL, DINDIGUL",Eastcar StreetEastcar Street,624001
4935,DINDIGUL,Dindigul -Urban,"SOWRASTRA SRI VARADHARAJA HS,WARD 47, DINDIGUL",209.Bharthipuram..Dindigul,624003
4936,DINDIGUL,Dindigul -Urban,"SRI KAMARAJAR MATRICULATION SCHOOL, DINDIGUL","No 20, Pandian Nagar, Dindigul",624001
4937,DINDIGUL,Dindigul -Urban,SRI SAVITHRI VIDHYASALA HS,"36,WEST GOVINDAPURAMDINDIGUL",624001
4938,DINDIGUL,Dindigul -Urban,"SRI VASAVI HSS,WARD 12",55.V.M.LANEMAIN ROAD,624001
4939,DINDIGUL,Dindigul -Urban,"SRI VASAVI MATRICULATION HR. SEC. SCHOOL, DINDIGUL",109 EAST GOVINDAPURAMDINDIGUL,624001
4940,DINDIGUL,Dindigul -Urban,"ST CECILIAS MS,WARD 13",SUB COLLECTOR OFFICE ROADMAIN ROAD,624001
4941,DINDIGUL,Dindigul -Urban,"ST CHINNAPPAR HS,DINDIGUL","EAST AROCKIAMATHA STREET, DINDIGUL-624003",624003
4942,DINDIGUL,Dindigul -Urban,"ST FRANCIS XAVIER HSS,WARD-23, DINDIGUL",MUTHALAGUPATTYDINDIGUL,624002
4943,DINDIGUL,Dindigul -Urban,"ST MARYS HSS,WARD-12","P.B. 6MAIN ROAD, DINDIGUL",624001
4944,DINDIGUL,Dindigul -Urban,"ST PHILOMINAS MS, WARD-42",METTUPATTYDINDIGUL,624002
4945,DINDIGUL,Dindigul -Urban,"ST XAVIER MS,DINDIGUL",st.xaviers middle school savariyarpalayam,624002
4946,DINDIGUL,Dindigul -Urban,"ST. JOSEPH'S GIRLS HSS,WARD13, DINDIGUL",SUB COLLECTOR OFFICE ROADDINDIGUL,624001
4947,DINDIGUL,Dindigul -Urban,"ST.JOSEPH'S MATRICULATION HSS, WARD 13, DINDIGUL",SUB COLLECTOR OFFICE ROADY.M.R. PATTY,624001
4948,DINDIGUL,Dindigul -Urban,"T E L C MS,WARD-18",mengles roadnagal nagar,624003
4949,DINDIGUL,Dindigul -Urban,"THIRU.NAMPERUMAL MIDDLE SCHOOL,WARD-31, DINDIGUL",ROUND ROAD  PUDURDINDIGUL,624005
4950,DINDIGUL,Dindigul -Urban,"TPKN MATRIC HIGHER SECONDARY SCHOOL,BEGAMPUR, DINDIGUL","2-C, Madurai Road, Yanaitheppam Dindigul",624001
4951,DINDIGUL,Gujiliamparai,CHINRAJ DHANA GHSS PULIAMPATTI,"puliyampatty, vadugampadi povedasandur Tk, Dindigul dt",624706
4952,DINDIGUL,Gujiliamparai,"GHS, K.ANAIPATTY",k.AANAIPATTIK.AANAIPATTI,624620
4953,DINDIGUL,Gujiliamparai,"GHS, R.P. PILLAMANAICKENPATTI",pillamanayakenpattipillamanaykenpatti,624706
4954,DINDIGUL,Gujiliamparai,"GHS,R.PUDUKKOTTAI",R.PUDUKOTTAI GUZILIAMPARAI (TALUK),624706
4955,DINDIGUL,Gujiliamparai,GHSS R.VELLODU,"R.VELLODU\VEDASANDUR (TK),",624620
4956,DINDIGUL,Gujiliamparai,"GHSS, GUZILIAMPARAI","WARD NO 7, KARUR ROAD, GUZILIAMPARAI",624703
4957,DINDIGUL,Gujiliamparai,"GHSS, LANTHAKOTTAI",LanthakottaiVedasandurTk,624620
4958,DINDIGUL,Gujiliamparai,"GHSS, SERVAIKARANPATTI",SERVAIKARANPATTISERVAIKARANPATTI,624620
4959,DINDIGUL,Gujiliamparai,"HAYAGREEVAR'S KONGUNAD ACADEMY SENIOR SECONDARY SCHOOL, D.GUDALUR","D.gudalore,Guziliamparai unionvedasandur taluk,dindigul district",624620
4960,DINDIGUL,Gujiliamparai,"KAMBAN VIDHYALAYA HS, SALIKARAI","salikarai,Ramagiri p.o Vedasantur (T.K)Dindigul (D.t)Salikarai,Ramagiri(p.o)Vedasantur(T.K)Dindigul(D.t)",624703
4961,DINDIGUL,Gujiliamparai,"KARUR VIVEGAM VIDHYALAYA HIGH SCHOOL, D.GUDALUR","KVV NAGAR ,D.GUDALUR POST,GUZILIAMPARAI TK
,DINDIGUL DT",624620
4962,DINDIGUL,Gujiliamparai,"PUMS, CCC QUARRY","PUMS CCC QUARRY,ALAMPADI MINES POST,GUJILIAMPARAI.",624703
4963,DINDIGUL,Gujiliamparai,"PUMS, CHINNALAGUNAICKANUR","Kovilur Post, VEDASANDUR TK",624706
4964,DINDIGUL,Gujiliamparai,"PUMS, JEGALAMMANPATTI","P.U.M.SCHOOL, JEGALAMMANPATTI, D.GUDALUR(P.O) DINDIGUL(D,T)",624620
4965,DINDIGUL,Gujiliamparai,"PUMS, KARIKKALI",karikkali (po)Guziliamparai Union) Dindigul D t,624703
4966,DINDIGUL,Gujiliamparai,"PUMS, KILAKUVADUGAMPADI","PUMS, KILAKUVADUGAMPADIVADUGAMPADI (PO)",624706
4967,DINDIGUL,Gujiliamparai,"PUMS, KONDAMANAICKENPATTI","KONDAMANAICKANPATTI,R.P.PILLAMANAICKANPATTI[ PO]VEDASANDUR[TK],DINDIGUL[DT]",624706
4968,DINDIGUL,Gujiliamparai,"PUMS, KOOMBURPUDUR",9.62603E+19,624710
4969,DINDIGUL,Gujiliamparai,"PUMS, L.CHETTIYUR",L.CHETTIYUR\LANDAKOTTAI,624620
4970,DINDIGUL,Gujiliamparai,"PUMS, PALLANATHAM","P.U.MIDDLE SCHOOL,PALLANATHAM",624703
4971,DINDIGUL,Gujiliamparai,"PUMS, PUNGAMPADI",PungampadiKovilur (po),624706
4972,DINDIGUL,Gujiliamparai,"PUMS, R.KOMBAI","R.KOMBAI, KOVILUR VIA VEDASANDUR TK
DINIDIGULR.KOMBAI, KOVILUR VIA VEDASANDUR TK DINIDIGUL",624706
4973,DINDIGUL,Gujiliamparai,"PUMS, RAMAGIRI",RAMAGIRIGUIZLIAMPARAI,624703
4974,DINDIGUL,Gujiliamparai,"PUMS, SUBRAMANIYAPILLAIYUR",SubramaniapillaiyurVadugampadi (po),624706
4975,DINDIGUL,Gujiliamparai,"PUMS, ULLIAKKOTTAI","p.u.m.s ,ulliyakkottaiguziliamparai",624703
4976,DINDIGUL,Gujiliamparai,"RANI MEYYAMMAI HSS, CCC QUARRY","CCC QUARRY, ALAMBADI MINES POST,GUZILIAMPARAI VIAVEDASANDUR TALUK ,DINDIGUL DIST",624703
4977,DINDIGUL,Gujiliamparai,SARASWATHI MS NARASINGAPURAM,SAMS Narasingapuram  Thirukoornam post,624620
4978,DINDIGUL,Gujiliamparai,"THIRUMURUGAN AIDED MIDDLE SCHOOL, PALAYAM",palayamguziliamparai tk,624620
4979,DINDIGUL,Gujiliamparai,"VOC HIGH SCHOOL, D.GUDALUR",voc high school  d gudalur post nvedasandur taluk  dindugul district,624620
4980,DINDIGUL,Kodaikanal,"ASSEFA VIDHYALAYA MATRICULATION SCHOOL, KAMANUR",KODALANGADU MAIN ROAD\KAMANUR,624216
4981,DINDIGUL,Kodaikanal,"BHARATIYA VIDYA BHAVAN'S GANDHI VIDYASHRAM, INTERNATIONAL RESIDENTIAL
PUBLIC SCHOOL(CBSE),KODAIKANAL","bhavans gandhi vidyahsram,post box:.9 golf club road,kodaikanal",624101
4982,DINDIGUL,Kodaikanal,"BRINDAVAN MHSS,KODAIKANAL",Gymkana Road\Kheelboomi,624101
4983,DINDIGUL,Kodaikanal,"CSI MIDDLE SCHOOL,PACKIAPURAM",naidupurampackiapuram,624101
4984,DINDIGUL,Kodaikanal,"CSI TOWN  MIDDLE SCHOOL,KODAIKANAL","CSI TOWN MIDDLE SCHOOL\wood vill road,kodaikanal",624101
4985,DINDIGUL,Kodaikanal,"GHS(GIRLS), PANNAIKADU",Aladipattipannaikadu,624210
4986,DINDIGUL,Kodaikanal,"GHS,KAVUNJI","Kodaikanal Road,kavunji",624103
4987,DINDIGUL,Kodaikanal,"GHS,KILAKKUCHETTIPATTI",KIZHAKKUCHETIPATTI\ADALUR ROAD,624212
4988,DINDIGUL,Kodaikanal,"GHS,POOLATHUR",west street J.P.Nagar road,624202
4989,DINDIGUL,Kodaikanal,"GHS,POONDI","POONDI,KODAIKANAL(TK)DINDIGUL(DT)",624103
4990,DINDIGUL,Kodaikanal,"GHS,VILPATTI",VILPATTI PIRIVUKODAIKANAL,624101
4991,DINDIGUL,Kodaikanal,"GHSS, MANNAVANUR","GHSS.MANNAVANUR, KAIKAATTY, MANNAVANUR POST, KODAIKANAL-624103",624103
4992,DINDIGUL,Kodaikanal,"GHSS,KODAIKANAL",LAWSGHAT ROAD KODAIKANAL 624101,624101
4993,DINDIGUL,Kodaikanal,"GHSS,PANNAIKADU","ALADIPATTI,PANNAIKADU",624210
4994,DINDIGUL,Kodaikanal,"GHSS,POOMPARAI","GOVT HR SEC SCHOOL, POOMPARAI",624103
4995,DINDIGUL,Kodaikanal,"JAYARAJ ANNAPACKIAM MATRICULATION SCHOOL, PANNAIKADU",JAYARAJ ANNAPACKIAM MATRICULARION SCHOOLPANNAIKADU,624210
4996,DINDIGUL,Kodaikanal,"KODAI PHSS,KODAIKANAL",mm street\kodaikanal,624101
4997,DINDIGUL,Kodaikanal,"KODAIKANAL INTERNATIONAL SCHOOL, KODAIKANAL",Seven Roads JunctionPO Box 25,624101
4998,DINDIGUL,Kodaikanal,"NMHS,THANDIKUDI","GP SALAI, THANDIKUDI-KODAIKANAL-TN.",624216
4999,DINDIGUL,Kodaikanal,"PRESENTATION CONVENT MATRICULATION HIGHER SECONDARY SCHOOL, NAIDUPURAM","DEO OFFICE,GOVT BOYS HR.SEC.SCHOOL",624103
5000,DINDIGUL,Kodaikanal,"PUMS, MANGALAMCOMBU",THANDIKUDI MAINROADMANGALAMCOMBU,624216
5001,DINDIGUL,Kodaikanal,"PUMS, NADUPATTI",govern ment high school batlagunugovern ment high school batlagunu,624202
5002,DINDIGUL,Kodaikanal,"PUMS,GUNDUPATTI","PANCHYAT UNION MIDDLE SCHOOL, VIDUTHALINAGAR,GUNDUPATTI, KODAIKANAL",624103
5003,DINDIGUL,Kodaikanal,"PUMS,KOOKAL",P.U.M.SchoolKookal,624103
5004,DINDIGUL,Kodaikanal,"PUMS,KUMBARIYUR",NAMBARASAN KOIL STREETKUMBARAIYUR,624202
5005,DINDIGUL,Kodaikanal,"PUMS,KUPPAMMALPATTI",mainroadkuppammalpatty,624212
5006,DINDIGUL,Kodaikanal,"PUMS,MELAKILAVARAI","PUMS.MELAKILAVARAI, POONDI POST, KODAIKANAL, DINDIGUL-624103",624103
5007,DINDIGUL,Kodaikanal,"PUMS,PACHALUR",KODAIKANAL TKPACHALUR,624212
5008,DINDIGUL,Kodaikanal,"PUMS,PALAMPUTHUR",puthuputhur postkodaikanal,624103
5009,DINDIGUL,Kodaikanal,"PUMS,POLUR",polurkodaikanal,624103
5010,DINDIGUL,Kodaikanal,"PUMS,VADAKAVUNJI",P U M Svadakavunji,624101
5011,DINDIGUL,Kodaikanal,"RC MIDDLE SCHOOL, KAMARAJAPURAM,KOMBAIKADU","Kamarajapuram, Pallangi kombaiKodaikanal",624103
5012,DINDIGUL,Kodaikanal,"RC TOWN HSS,KODAIKANAL",RC TOWN HIGHER SECONDARY SCHOOLMOONJIKKAL KODAIKANAL,624101
5013,DINDIGUL,Kodaikanal,"SAANTHAM MATRICULATION HIGHER SECONDARY SCHOOL,NAIDUPURAM","PLEASENT VIEWNAIDUPURAM,KODAIKANAL",624101
5014,DINDIGUL,Kodaikanal,"SHOLAI SCHOOL CENTRE FOR LEARNING ORGANIC AGRIC & APPROPRIATE TECHNOLOGY
BHARATHI ANNA NAGAR",Sholai SchoolBharathi Anna Nagar,624101
5015,DINDIGUL,Kodaikanal,"SRI SANKARA MHSS,KODAIKANAL",Anandagiri Vith streetmoonjikkal,624101
5016,DINDIGUL,Kodaikanal,ST JOHN'S GHSS KODAIKANAL,govt hr.sec.schoolbatlagundu,624202
5017,DINDIGUL,Kodaikanal,"ST PETERS MHSS,PAMBARPURAM",Fairy falls roadPambarpuram,624103
5018,DINDIGUL,Kodaikanal,"ST THERASA HS,PAMBARPURAM",Pambarpuram\Pambarpuram,624103
5019,DINDIGUL,Kodaikanal,"ST THOMAS AQUINAS MATRIC HIGHER SECONDARY SCHOOL,PETHUPARAI",PETHUPARAI PIRIVUPERUMALMALAI KODAIKANAL,624101
5020,DINDIGUL,Kodaikanal,"ST XAVIER'S HIGHER SECONDARY SCHOOL,SHENBAGANUR",SHENBAGANURKODAIKANAL,624101
5021,DINDIGUL,Kodaikanal,"ST XAVIER'S HSS, NAIDUPURAM, KODAIKANAL",PCK CONVENTNAIDUPURAM KODAIKANAL,624101
5022,DINDIGUL,Kodaikanal,"ST. JOSEPH'S HIGH SCHOOL,PERUMALMALAI, KODAIKANAL","PERUMALMALAI , KODAIKANAL",624101
5023,DINDIGUL,Kodaikanal,"ST. THOMAS MATRICULATION HR. SEC.SCHOOL,NAIDUPURAM",Naidupuram\Kodaikanal,624101
5024,DINDIGUL,Kodaikanal,"VIVEKANANDHA VIDYALAYA MATRIC HIGHER SECONDARY SCHOOL, PANNAIKADU","PANNAIKADU, KODAIKANAL,PANNAIKADU PIRIVU",624210
5025,DINDIGUL,Kodaikanal,"ZION INTERNATIONAL SCHOOL, KODAIKANAL","POST BOX NO:24, LAWS GHAT ROAD, KODAIKANAL  - 624101",624101
