S NO,DISTRICT,BLOCK NAME,SCHOOL NAME,SCHOOL ADDRESS,PINCODE
7906,KARUR,Kadavoor,"ST. XAVIER'S GOVT. AIDED MID.SCHOOL, SINNANDIPATTY","SINNANDIPATTY , KALAYAPATTY (PO) , KADAVUR (TK)
, KARUR (DT)",621301
7907,KARUR,Kadavoor,ST.Joseph's Matriculation School,"P. Udayapatti (po), kadavur(Tk),karur(Dt).",639119
7908,KARUR,Karur,"JAIRAM VIDYA BHAVAN MATRIC.HR.SEC. SCHOOL,THIRUGAMPULIYUR","SALEM BY-PASS ROAD NH-7 NEAR MAHAMARIYAMMAN TEMPLE , LNS (PO)",639002
7909,KARUR,Karur,"ADW MID.SCH,THIRUKKAMPULIYUR",LNS Postthirukampuliyur,639002
7910,KARUR,Karur,"BHARANI PARK MATRIC.HR.SEC. SCHOOL, VENNAIMALAI","Salem By Pass road, Vennaimalai Po, Karur",639006
7911,KARUR,Karur,"BHARANI VIDHYALAYA SCHOOL ,VENNAIMALAI","Bharani Gardens, Salem By pass road,Vennaimalai (PO),Karar",639006
7912,KARUR,Karur,"CHERAN MAT. HR.SEC.SCHOOL, VENNAMALAI",VENNAIMALAI\VENNAIMALAI,639006
7913,KARUR,Karur,"CHERAN MATRIC.HIGH.SCHOOL, KARUR","RAMAKRISHNAPURAM,KARUR",639001
7914,KARUR,Karur,"CSI BOY'S HR.SEC SCHOOL,KARUR.",AZAD ROADNEAR TOWN POLICE STATION,639001
7915,KARUR,Karur,"CSI GIRL'S HR.SEC SCHOOL,KARUR.",north prathatchanam roadkarur,639001
7916,KARUR,Karur,EQUITAS GURUKUL MATRIC HIGHER SECONDARY SCHOOL,"160/4 , 160/7MGR Nagar, Vengamedu, Karur",639001
7917,KARUR,Karur,"GANDHIYAR MID.SCHOOL,VELAYUTHAMPALAYAM",tnpl roadvelayuthampaayam,639117
7918,KARUR,Karur,"GOVERNMENT HIGH SCHOOL, SOMUR",Anna salaiSomur,639114
7919,KARUR,Karur,"GOVERNMENT HIGHER SECONDARY SCHOOL,PERIYAKULATHUPALAYAM",PERIYAKULATHUPALAYAMKARUR-6,639006
7920,KARUR,Karur,"GOVT GIRLS HR SEC SCHOOL, PUGALUR",MOOLIMANGALAM ROADKARUR,639113
7921,KARUR,Karur,"GOVT HIGH SCHOOL,ATHUR",GOVERNMENT HIGH SCHOOL ATHUR,639008
7922,KARUR,Karur,"GOVT.BOYS. HR.SEC SCHOOL,PUGALUR","GOVT. BOYS HIGHER SECONDARY SCHOOL
,PUGALURNEAR VELAYUTHAMPALAYAM BYEPASS-NH- 7",639113
7923,KARUR,Karur,"GOVT.GIRLS HR.SEC SCHOOL,KARUR","10,CAR STREET ,  KARUR",639001
7924,KARUR,Karur,"GOVT.GIRLS.HIGHER SECONDARY SCHOOL, VANGAL","Police Line Main Road, Vangal",639116
7925,KARUR,Karur,"GOVT.HIGH SCHOOL,VANGAPALAYAM",GOVT HIGH SCHOOLVANGAPALAYAM,639006
7926,KARUR,Karur,GOVT.HIGH.P.THOTTAKURUCHI,"PUNJAI THOTTAKURICHIMANMANGALAM,KARUR",639113
7927,KARUR,Karur,"GOVT.HIGH.SCHOOL,N.PUDUR","GOVT. HIGH SCHOOL, N.PUDUR, NANNIYUR (PO)MANMANGALAM (TK), KARUR",639113
7928,KARUR,Karur,"GOVT.HR.SEC.SCHOOL, MANMANGALAM",Manmangalam Taluk\ Manmangalam taluk,639006
7929,KARUR,Karur,"GOVT.HR.SEC.SCHOOL,NERUR",nerur northpalaiyur post,639004
7930,KARUR,Karur,"GOVT.HR.SEC.SCHOOL,RANGANATHANPETTAI",RENGANATHAMPETTAIRENGANATHAMPETTAI,639004
7931,KARUR,Karur,"GOVT.HR.SEC.SCHOOL,VANGAL(B)","MANMANGALAM MAIN  ROAD , NEAR POLICE STATION.VANGAL, MANMANGALAM TALUK, KARUR.",639116
7932,KARUR,Karur,GURUDEVAR MATRIC SCHOOL,"VALLALAR KOTTAM, VANGAL ROADMINNAMPALLI POST, KARUR",639116
7933,KARUR,Karur,"KARUR VETRI VINAYAKA MATRIC. HR.SEC.SCHOOL, KARUR","271, KVV NAGAR,  ELLAIMEDU, KARUR",639116
7934,KARUR,Karur,"KONGU  HR.SEC.SCHOOL, VENNAIMALAI","Dheeran chinnamalai nagar, vennaimalai, karur",639006
7935,KARUR,Karur,"KONGU VELLALAR MATRIC. HR.SEC.SCHOOL, KARUR","258-A, MG Road\Vaiyapuri Nagar",639002
7936,KARUR,Karur,"KVBOA MATRIC. HR.SEC. SCHOOL, KARUR",KOTHAI NAGARERODE ROAD,639008
7937,KARUR,Karur,"LITERA VALLEY ZEE SCHOOL,MANMANGALAM","S.no:301, Kadamban Kuruchi village, Vallipalayam RoadManmangalam, Karur",639006
7938,KARUR,Karur,"LITTLE ANGELS' ENGLISH HR.SEC.SCHOOL,KARUR","97 C, vanjiyamman kovil street\Krishna Gardens",639001
7939,KARUR,Karur,"MORNING STAR HIGH SCHOOL, KARUR",Sengundhapuram 6th cross Karurkarur,639002
7940,KARUR,Karur,"MPL (B) HR.SEC.SCHOOL,KARUR",AZAD ROAD OPP MUNICIPAL OFF,639001
7941,KARUR,Karur,"MPL KOTTAIMEDU HIGH SCHOOL, KARUR",BRAMMATHIRTHAM ROADKARUR,639001
7942,KARUR,Karur,"MPL KUMARAN HIGH SCH,KARUR",9 AATHI KRISHNAPURAMKARUR,639004
7943,KARUR,Karur,MPL PASUPATHIPALAYAM MID SCHOOL,TRICHY MAIN ROADPASUPATHIPALAYAM,639004
7944,KARUR,Karur,"MPL UMAIYAL MID SCHOOL, KARUR","32 mettu street,
Opp co oprative bank. Karur.",639001
7945,KARUR,Karur,"MUNICIPAL JAYAPRAKASH MIDDLE SCHOOL,KARUR","MUNICIPAL JAYAPRAKASH MIDDLE SCHOOL,ADHIVINAYAGAR KOIL STREETKARUR",639001
7946,KARUR,Karur,"MUNICIPAL MIDDLE SCHOOL,THIRUMANILAIYUR",west streetThirumanilaiyur,639003
7947,KARUR,Karur,"NAVJEEVAN MATRIC SCHOOL,PANCHAMADEVI","SF861,NERUR MAIN ROAD, PANCHAMADEVI, KARUR.",639004
7948,KARUR,Karur,"P.E.V.R. GOVT.HR.SEC.SCH,NOYYAL","NOYYAL   , PUGALUR  TK  KARUR DT",639117
7949,KARUR,Karur,"P.U.MID SCHOOL,V.V.G NAGAR","P.U.M..SCHOOL, V.V.G.NAGARKARUR(TK), KARUR",639006
7950,KARUR,Karur,P.U.MID.SCHOOL EAST THAVUTTUPALAYAM,"PANCHAYAT UNION MIDDLE SCHOOL, EAST THAVITTUPALAYAM",639113
7951,KARUR,Karur,"P.U.MID.SCHOOL,MOOLIMANGALAM",MOOLIMANGALAM POST\KARUR DT,639136
7952,KARUR,Karur,"P.U.MID.SCHOOL,N.PUDHUPALAYAM","N.PUDHUPALAYAM,NERUR SOUTH, KARURN.PUDUPALAYAM,NERUR SOUTH",639004
7953,KARUR,Karur,"P.U.MID.SCHOOL,N.PUGALUR","PUMS, N.PugalurN.Pugalur(PO)",639113
7954,KARUR,Karur,"P.U.MID.SCHOOL,P.PUGALUR",PANCHAYET UNION MIDDLE SCHOOL.      P PUGALUR.KARUR.,639113
7955,KARUR,Karur,"P.U.MID.SCHOOL,PERIYAKULATHUPALAYAM","PUMS  PERIYAKULATHUPALAYAM VENGAMEDU PO
KARURPUMS PERIYAKULATHUPALAYAM VENGAMEDU
PO Karur",639006
7956,KARUR,Karur,"P.U.MID.SCHOOL,SEVANTHIPALAYAM","P.U.M.SCHOOL,SEVANTHIPALAYAMNANNIYUR POST, MANMANGALAM (TK).KARUR",639113
7957,KARUR,Karur,"P.U.MID.SCHOOL,THANGARAJ,NAGAR",PUMSTHANGARAJNAGAR COLONY,639004
7958,KARUR,Karur,"P.U.MID.SCHOOL,THIRUMUKKUDALUR",THIRUMUKKUDALURKARUR,639004
7959,KARUR,Karur,"P.U.MID.SCHOOL,THIRUVALLUVAR","THIRUVALLUR NAGAR
VELAYUTHAM PALAYAM PO KARUR",639117
7960,KARUR,Karur,"P.U.MID.SCHOOL,V.PASUPATHIPALAYAM",VENNAMALAI PO KARURVENNAMALAI PO KARUR,639006
7961,KARUR,Karur,"P.U.MID.SCHOOL,VENGAMEDU","pums vengamedu
kulathupalayam (road) vengamedu (po)",639006
7962,KARUR,Karur,"P.U.MIDDLE SCHOOL, NOCHIPALAYAM",ATHUR\MANMANGALAM,639008
7963,KARUR,Karur,"P.U.MIDDLE SCHOOL,PANCHAMADEVI",Panchamadevi PostManmanagalam Taluk,639004
7964,KARUR,Karur,"P.U.MIDDLE SCHOOL,THALAVAPALAYAM",THALAVAPALAYAM\PUNCHAI THOTTAKURICHY,639113
7965,KARUR,Karur,"PASUPATHEESWARA MUNICIPAL GIRLS Hr. Sec.
School, Karur",16 Kootharasikara street Karur Town,639001
7966,KARUR,Karur,PON VIDHYA MANDIR CBSE,"SF NO.175, NH 7,
MANMANGALAM, KARUR.",639006
7967,KARUR,Karur,"RAJA AIDED MIDDLE SCHOOL,VEDICHIPALAYAM",VEDICHIPALAYAM POSTKARUR,639114
7968,KARUR,Karur,RANGASAMY GOUNDER HR.SEC.SCHOOL,RANGASAMY GOUNDER HIGHER SECONDARY SCHOOLNADAYANUR POST,639117
7969,KARUR,Karur,"RASAMMAL MATRIC. Hr.Sec.School, VETTAMANGALAM","KARUR-ERODE MAIN ROAD, P.K.NAGAR,
VETTAMANGALAM,MANMANGALAM TK,KARUR DT- PKIANR-6U3R91-1E7RP.OKD.NEAMGAAIRN, ROAD,",639117
7970,KARUR,Karur,"SHARVALAKSHA VIDHYAALAYAA,VETTAMANGALAM","P.K.NAGARVETTAMANGALAM, PUGALUR TK, KARUR DT",639117
7971,KARUR,Karur,"SRI  SARADA  GIRLS HIGHER  SECONDARY SCHOOL, PASUPATHIPALAYAM, KARUR-4","NEHRU NAGAR, PASUPATHIPALAYAM",639004
7972,KARUR,Karur,"SRI ANNAI VIDHYALAYA MATRICULATION SCHOOL,VENGAMEDU","Kamadhenu Nagar, Vengamedu, Karur.",639006
7973,KARUR,Karur,"SRI CHAITANYA TECHNO SCHOOL , KARUR","SF.no:113 A&114 LNS Village ,Behind jairam Vidhya Bhavan Matric School,Karur",639002
7974,KARUR,Karur,"SRI KRISHNA MATRIC.SCHOOL,VELAYUTHAMPALAYAM","NH-7, Bye Pass Road, Pugalur S.F (po) Karur (Dt)",639113
7975,KARUR,Karur,"SRI RAMAKRISHNA MATRICULATION SCHOOL, MUTHANUR","MUTHANUR, SEMANGI PO,
N. PUGALUR TK, KARUR D.T",639117
7976,KARUR,Karur,"SRI SARASWATHI VIDHYA MANDHIR  MATRIC HIGHER SECONDARY SCHOOL, MANMANGALAM","NH-7, KARUR-SALEM BYE-PASS ROAD, MANMANGALAM, KARUR",639006
7977,KARUR,Karur,"ST.MARY'S MATRIC HIGHER SECONDARY SCHOOL,VANGAL","ST.MARYS MATRIC.HR.SEC.SCHOOL
KARUR MAIN ROAD , VANGAL , KARUR-639116",639116
7978,KARUR,Karur,"ST.THERESA MATRIC. HR. SEC. SCHOOL,KARUR.",NORTH PRADAKSHNAM ROAD KARUR-1,639001
7979,KARUR,Karur,"TNPL MATRICULATION HR.SEC.SCHOOL, KAGITHAAPURAM",TNPL COLONYKAGITHAPURAM,639136
7980,KARUR,Karur,"TNPL PUBLIC SCHOOL,KAKITHAPURAM","TNPL PUBLIC SCHOOL, KAGITHAPURAM (PO), PUGALUR(TK), KARUR(DT), TAMIL NADU",639136
7981,KARUR,Karur,"VIVEKANANDA  MATRIC HIGHER SECONDARY SCHOOL,PASUPATHIPALAYAM","Pasupathipalayam, KARUR",639004
7982,KARUR,Karur,"VIVEKANANDA MIDDLE SCHOOL,PASUPATHYPALAYAM",VIVEKANANDA PRIMARY SCHOOLPASUPATHIPALAYAM,639004
7983,KARUR,Karur,"VIVEKANANTHA BOYS HR.SEC.SCHOOL,PASUPATHIPALAYAM","VIVEKANANDA HR SEC SCHOOL PASUPATHIPALAYAM, KARUR",639004
7984,KARUR,Karur,"VOC AIDED MIDDLE SCHOOL,KARUR.","voc street,Karurvoc street,Karur",639001
7985,KARUR,Krishnarayapuram,"ADWHS, NANTHANKOTAI",GOVT ADIDRAVIDAR WELFARE HIGH SCHOOLANDHANKOTTAI,639105
7986,KARUR,Krishnarayapuram,"ADWHSS, CHINNAMANAYAKKANPATTI",CHINNAMANAYAKKANPATTYVEERARAKKIAM,639114
7987,KARUR,Krishnarayapuram,"ADWMS , PILLAPALAYAM","pillapalayam,lalapet popillapalayam,lalapet po",639105
7988,KARUR,Krishnarayapuram,ANNAI INDRA MEMORIAL HIGHER SECONDARY SCHOOL,"CHINTHALAVADI \LALAPETTAI POST , KRISHNARAYAPURAM TALUK.KARUR DISTRICT.",639105
7989,KARUR,Krishnarayapuram,"GHS , METTU THIRUKAMPULIYUR",MAIN ROADMETTUTHIRUKKAMPULIYUR,639102
7990,KARUR,Krishnarayapuram,GHS MAYANUR,KARUR MAIN ROAD\MAYANUR,639108
7991,KARUR,Krishnarayapuram,"GHS, DESIYAMANGALAM","G.H.School, DesiyamangalamChinnayampalayam(P.O)",639120
7992,KARUR,Krishnarayapuram,"GHS, K.OTTAPATTY",K.OTTAPATTY,639120
7993,KARUR,Krishnarayapuram,"GHS, KATTALAI","GOVT HIGH SCHOOL, KATTALAI, KARUR-639108",639108
7994,KARUR,Krishnarayapuram,"GHS, KATTARIPATTY",KATTARIPATTI/PAPPAKKAPATTI,639119
7995,KARUR,Krishnarayapuram,"GHS, KUPPANDIYUR","KUPPANDIYUR,KOSURE (PO)KADAVUR-T.K-KARUR D.T 639120",639120
7996,KARUR,Krishnarayapuram,"GHS, MUTHAMPATTY",POTHURAVUTHANPATTI(PO)KRISHNARAYAPURAK(TK),639119
7997,KARUR,Krishnarayapuram,"GHS, VEERARAKKIAM",VEERARAKIYAMVEERARAKKIYAM,639114
7998,KARUR,Krishnarayapuram,"GHSS , KRISHNARAYAPURAM",WEST AGRAHARAMKRISHNARAYAPURAM,639102
7999,KARUR,Krishnarayapuram,"GHSS , LALAPET",KODIKKAL STREETLALAPETTAI,639105
8000,KARUR,Krishnarayapuram,"GHSS , PALAYAJAYANKONDAM",PALAYAJAYANKONDAM PO KRISHNARAYAPURAM TK,639102
8001,KARUR,Krishnarayapuram,"GHSS , VENGAMPATTY",VAYALUR ROAD,639120
8002,KARUR,Krishnarayapuram,"GHSS, CHINNA SENKAL",CHINNA SENGALSENGAL,639102
8003,KARUR,Krishnarayapuram,"GOVERNMENT HIGHER SECONDARY SCHOOL , PUNAVASIPATTY",PUNAVASIPATTY  KRISHNARAYAPURAM TK,639105
8004,KARUR,Krishnarayapuram,"GOVERNMENT HIGHER SECONDARY SCHOOL , SENGULAM",VEERAPUR ROADSENGULAM,621313
8005,KARUR,Krishnarayapuram,"GOVT MODEL  HR SEC  SCHOOL,  PANJAPATTY KARUR","PANJAPATTY
KRISHNARAYAPURAM KARUR-639119",639119
8006,KARUR,Krishnarayapuram,"HOLY MADONA MATRIC HR.SEC.SCHOOL
,LALAPET",kanchi nagarpillapalayam,639105
8007,KARUR,Krishnarayapuram,ISHA VIDHYA JUSTDIAL MATRICULATION SCHOOL,"Chinna Sengal,Sengal Village,Krishnarayapuram Taluk,Karur",639102
8008,KARUR,Krishnarayapuram,Karur District Government Model School,"Karur Government Model School,Mayanur",
8009,KARUR,Krishnarayapuram,"KSRV HIGHER SECONDARY SCHOOL , KOVAGULAM","KOVAKKULAM POST, KRISHNARAYAPURAM TALUK,
KARUR DISTRICT.mahanadhanapuram",639102
8010,KARUR,Krishnarayapuram,"PUMS , KRISHNARAYAPURAM (B)",PUMS KRISHNARAYAPURAM BOYSKRISHNARAYAPURAM,639102
8011,KARUR,Krishnarayapuram,"PUMS , KRISHNARAYAPURAM (G)","P.U.M.S, KRISHNARAYAPURAM (GIRLS)KRISHNARAYAPURAM",639102
8012,KARUR,Krishnarayapuram,"PUMS , KUPPUREDDYPATTY",KUPPUREDDIPATTI (PO)KRISHNARAYAPURAM (TK) KARUR(DT),639105
8013,KARUR,Krishnarayapuram,"PUMS , LALAPET WEST",vittukattiChinthalavadi,639105
8014,KARUR,Krishnarayapuram,"PUMS , MATHIPATTY","PUMS MATHIPATTI, KRISHNARAPURAM, KARUR DT.",639105
8015,KARUR,Krishnarayapuram,"PUMS , METUMAHADANAPURAM",Mettumahadhanapuram East street,639105
8016,KARUR,Krishnarayapuram,"PUMS , PICHAMPATTY",KUDI THERU PICHAMPATTIK R PURAM TK KARUR DT,639102
8017,KARUR,Krishnarayapuram,PUMS MANAVASI,"PUMS,MANAVASI,KRISHNARAYAPURAM,KARURPUMS, MANAVASI,KRISHNARAYAPURAM",639108
8018,KARUR,Krishnarayapuram,PUMS VAYALUR,"PUMS VAYALURVAYALUR (PO) KRISHNARAYAPURAM T.K, KARUR D.T",639119
8019,KARUR,Krishnarayapuram,"PUMS, GOUNDAMPATTY","THONDAMANGINAM POST,KADAVUR TALUK",621313
8020,KARUR,Krishnarayapuram,"PUMS, IRUMBOOTHIPATTY",IRUMBOOTHIPATTISIVAYAM NORTH,639120
8021,KARUR,Krishnarayapuram,"PUMS, KANNAMUTHAMPATTY",KannamuthampattiVeeriyapalayam,639119
8022,KARUR,Krishnarayapuram,"PUMS, KATTUR","P.U.M.S.,KATTUR, MAYANUR POST.KRISHNARAYAPURAM TALUK",639108
8023,KARUR,Krishnarayapuram,"PUMS, KEELADAI","PUMS, KEELADAI,
MANICKAPURAM POST, KRISHNARAYAPURAM TALUK",639102
8024,KARUR,Krishnarayapuram,"PUMS, KOVAGULAM",KOVAKKULAM POSTKRISHNARAYAPURAM TALUK,639102
8025,KARUR,Krishnarayapuram,"PUMS, KUPPAMETTUPATTI",kosur post\karur dt,621313
8026,KARUR,Krishnarayapuram,"PUMS, MAHADANAPURAM",PUMS    MAHADHANAPURAM,639102
8027,KARUR,Krishnarayapuram,"PUMS, MALAIPATTY",MalaipattiMalaipatti,639108
8028,KARUR,Krishnarayapuram,"PUMS, METTANKINAM","P.U.M.SCHOOL.
METTANKINAM.MANAVASI(P.T)K.R.PURAM(T.K) KARUR(D.T)P.UM.SCHOOL. METTANKINAM. MANAVASI",639108
8029,KARUR,Krishnarayapuram,"PUMS, PANJAPATTY",pums panjappattykrishnarayapuram union karu,639119
8030,KARUR,Krishnarayapuram,"PUMS, PAPPAKKAPATTY",PUMS pappakkappattyPappakkappatty Post,639119
8031,KARUR,Krishnarayapuram,"PUMS, S.MUNAYANUR",PUMS MUNAIYANURKRISHNARAYAPURAM TALUK,639102
8032,KARUR,Krishnarayapuram,"PUMS, SENGAL",PUMS SENGAL,639102
8033,KARUR,Krishnarayapuram,"PUMS, VADAKKUKALLUPATTY",VADAKKUKALLUPATTYKADAVUR TALUK,621313
8034,KARUR,Krishnarayapuram,"PUMS,KAMBALIYAMPATTY","kosur, kadavur tk, karur",639120
8035,KARUR,Krishnarayapuram,"PUMS,KUPPACHIPATTY",KUPPACHIPATTIKuppachipatti(po),639120
8036,KARUR,Krishnarayapuram,"PUMS,POTHURAVUTHANPATTY",Pums PothuravuthanpattiPums Pothuravuthanpatti,639119
8037,KARUR,Krishnarayapuram,"PUMS,VELANKATTUPATTY",Government boys hr sec schoolKulithalai,639104
8038,KARUR,Krishnarayapuram,SARASWATHY VIDYALAYA  MATRIC SCHOOL,"OLD KARUR MAIN ROAD, LALAPET",639105
8039,Karur,"Krishnarayapura
m",Sri Krishna School,,
8040,KARUR,Krishnarayapuram,TANCEM MATRIC SCHOOL MAYANUR,"ARASU NAGAR \MAYANUR-639108 KRISHNARAYAPURAM(Tk), KARUR (DT)",639108
8041,KARUR,Kulithalai,AUROBINDO MATRIC HR SEC SCHOOL NACHALUR KARUR.,NACHALUR\KULITHALAI,639110
8042,KARUR,Kulithalai,"BHARATHI VIDYALAYA HIGH SCHOOL, KULITHALAI",TOWN HALL STREET\KULITHALAI,639104
8043,KARUR,Kulithalai,"GHS, NACHALUR",GHS NACHALUR-KULITHALAI BLOCK -KARUR DT-639110,639110
8044,KARUR,Kulithalai,"GHS, THIMMACHIPURAM","TRICHY -  KARUR NATIONAL HIGH WAYSTHIMMACHIPURAM, KULITHALAI, KARUR.",639105
8045,KARUR,Kulithalai,"GHS,THIMAMPATTY",SIVAYAM POSTTHIMMAMPATTY,639120
8046,KARUR,Kulithalai,"GHSS, AYYARMALAI",MAIN ROAD\SATHIYAMANGALAM,639120
8047,KARUR,Kulithalai,"GHSS, INUNGUR",GOVT HR SEC SCHOOL  INUNGURKULITHALAI  KARUR,639110
8048,KARUR,Kulithalai,"GHSS, KULITHALAI (B)","TOWNHALL ST ,KULITHALAI",639104
8049,KARUR,Kulithalai,"GHSS, KULITHALAI (G)","KARUR-TRICHY MAIN ROAD,KULITHALAI-639104",639104
8050,KARUR,Kulithalai,"GOVT ADW HSS, KOTTAMEDU","KOTTAMEDUVAIGAINALLUR (PO), KULITHALAI",639120
8051,KARUR,Kulithalai,"JOHN MAT. H.S., SIVAYAM EAST",SIVAYAMSIVAYAM (PO),696397
8052,KARUR,Kulithalai,"LITTLE FAIRIES MAT. SCHOOL, KULITHALAI",31 MBS AGRAHARAM ST.KULITHALAI,639104
8053,KARUR,Kulithalai,MOUNT GIRIS MATRIC HR SEC SCHOOL AYYARMALAI KARUR,"MOUNT GIRIS MATRIC. HR. SEC. SCHOOL,
AYYARMALAI, SIVAYAM (PO), KULITHALAI(TK).KARUR- DT",639120
8054,KARUR,Kulithalai,"N.N.R.HIGH SCHOOL, NANGAVARAM","N.N.RAMANATHAIYER HIGH SCHOOL , NANGAVARAM,KULITHALAI Tk, KARUR Dt",639110
8055,KARUR,Kulithalai,"NALANTHA MATRICULATION SCHOOL,KARUNGALPATTI","Karungalpatti, Ganesapuram(Po)Kulithalai(Tk), Karur",639107
8056,KARUR,Kulithalai,"PUMS, ADINATHAM","ADINATHAM, GANESAPURAM POSTKULITHALAI TALUK, KARUR DISTRICT",639107
8057,KARUR,Kulithalai,"PUMS, BANGALAPUDUR","PUMS.Bangalaputhur, Bangalaputhur, Kulithalai Taluk, Karur Dt.",639110
8058,KARUR,Kulithalai,"PUMS, I.PUDUPATTY",I.PUDUPATTIINUNGUR PO,639110
8059,KARUR,Kulithalai,"PUMS, KADAMBARKOIL","ELEMENTRY SCHOOL STREET, KADAMBARKOVIL, KULITHALAIKULITHALAI KARUR DISTRICT",639104
8060,KARUR,Kulithalai,"PUMS, KUMARAMANGALAM","panchayat union middle school,kumaramangalammettu maruthur",639102
8061,KARUR,Kulithalai,"PUMS, KURICHI","PUMS KURICHIKURICHI POST,KULITHALAI (TK)",639110
8062,KARUR,Kulithalai,"PUMS, KURICHI","PUMS KURICHI KURICHI POST,KULITHALAI (TK)",
8063,KARUR,Kulithalai,"PUMS, MADUVILUNDANPARAI","MADUVIZHUNTHANPAARAI, SAVARIMEDU POSTKULITHALAI TALUK, KARUR DISTRICT",639110
8064,KARUR,Kulithalai,"PUMS, MANATHATTAI","PUMS.MANATHATTAiI, KULITHALAI, KARUR",639104
8065,KARUR,Kulithalai,"PUMS, MARIYAMMAN KOVIL, KULITHALAI","MARIYAMMAN KOVIL STREET, KULITHALAIKULITHALAI TALUK, KARUR DISTRICT",639104
8066,KARUR,Kulithalai,"PUMS, MARUDUR",PUMS MARUDHUR MARUDHURKULITHALAI(TK) KARUR(DT),639110
8067,KARUR,Kulithalai,"PUMS, MELAKUPPUREDDIPATTY","MELAKUPPURETTIPATTY, ADINATHAM POST, KULITHALAI TALUK, KARUR DISTRICT",639107
8068,KARUR,Kulithalai,"PUMS, NALLUR",NallurNALLUR.,639110
8069,KARUR,Kulithalai,"PUMS, NALLUR",Nallur NALLUR.,
8070,KARUR,Kulithalai,"PUMS, NANGAVARAM","PUMS NANGAVARAM, NANGAVARAM POSTKULITHALAI TALUK, KARUR DISTRICT",639110
8071,KARUR,Kulithalai,"PUMS, POYYAMANI",panchayat union middle school poyyamani,639110
8072,KARUR,Kulithalai,"PUMS, SATHIYAMANGALAM",Sthyamangalamkulithalai,639120
8073,KARUR,Kulithalai,"PUMS, SIVAYAM WEST","AYYARMALAI.,SIVAYAM(PO)AYYARMALAI.,SIVAYAM(P O)",639120
8074,KARUR,Kulithalai,"PUMS, THALIYAMPATTI",KULITHALAI (TK)KARUR(DT),639120
8075,KARUR,Kulithalai,"PUMS, THANEERPALLI",THANNEERPALLI (PO) KULITHALAI (TK)KARUR (DT),639107
8076,KARUR,Kulithalai,"PUMS, THIRUCHAPUR",PUMS-THIRUCHAPPUR POYYAMANI(PO)KULITHALAI(TK) KARUR(DT),639110
8077,KARUR,Kulithalai,"PUMS, V. PUDUR",v.pudur\sathiyamangalam-p.o,639120
8078,KARUR,Kulithalai,"PUMS,SUKKAMPATTY","Sukkampatti,Inungur post,Nangavaram.viakulithalai Taluk,Karur DT",639110
8079,KARUR,Kulithalai,"R.C. AMALARAKINI MID. SCHOOL, KULITHALAI",RAILWAY STATION ROAD\KULITHALAI,639104
8080,KARUR,Kulithalai,"RENGA AID. MID. SCHOOL, PARALI","PARALI - POST ,KULITHALAI TK KARUR DISTRICT",639107
8081,KARUR,Kulithalai,"SHREE SAI VIDHYALAYA CBSE SCHOOL,V.PUDUR",Manaparai main roadv.pudur,639120
8082,KARUR,Kulithalai,SIDDHARTH PUBLIC SCHOOL,ThannerpalliThannerpalli,639107
8083,KARUR,Kulithalai,SITA RAJARAM PUBLIC SCHOOL,"IRANIYAMANGALAMMettupatti, Kulithalai Tk,Karur Dt",639107
8084,KARUR,Kulithalai,SRI KALAIMAGAL MATRIC HR SEC SCHOOL KULITHALAI KARUR,SHREE KALAIMAGAL MATRIC HR SEC SCHOOL PERIYAPALAM KULITHALAI KARUR 639104 .7402493058,639104
8085,KARUR,Kulithalai,"SRI VIDYA BHARATHI MATRIC HIGHER SECONDARY. SCHOOL, KULITHALAI",14 vaigainallur agraharamkulithalai,639104
8086,KARUR,Kulithalai,"SRI. VIVEKANANDA AIDED MIDDLE SCHOOL, KANDIYUR","KANDIYUR, VATHIYAM POST, KULITHALAI",639105
8087,KARUR,Kulithalai,"ST. DOMINIC SAVIO MAT. SCHOOL, KULITHALAI","V. PUTHUR, VAIGAINALLUR SOUTH, KULITHALAIV. PUTHUR, VAIGAINALLUR SOUTH, KULITHALAI",639120
8088,KARUR,Kulithalai,THIRU.V.KA.AID.HIGH SCHOOL,"KALIYAMMAN KOVIL STREET,PANICKAMPATTI POST, KULITHALAI(TK), KARUR DISTRICT",639107
8089,KARUR,Thanthoni,"ADW HIGH SCHOOL, SANAPRETTI",SanappirattiThozhilpettai,639004
8090,KARUR,Thanthoni,"ASHRAM HR. SEC. SCHOOL,MANAVADI","ASHRAM HR.SEC.SCHOOL, MANAVADI, KARUR",639005
8091,KARUR,Thanthoni,BHARATHI HIGH SCHOOL,"BHARATHI NAGAR, VELLIYANAI, KARUR(DT)NEAR MARIYAMMAN KOVIL",639118
8092,KARUR,Thanthoni,CHETTINAD RANI MEYYAMMAI MATRIC SCHOOL,"Chettinad rani meyyammai matric schoolPuliyur cf, Karur,Tamilnadu",639114
8093,KARUR,Thanthoni,CHETTINAD VIDYA MANDIR CBSE,"Chettinad Vidya Mandir, Chettipalayam, Puliyur C.F, Karur.",639114
8094,KARUR,Thanthoni,DR.M.A.M.RAMASAMY CHETTIAR GHS,"DR MAM RC GHS KAVANDAMPALAYAM PULIYUR
CF(PO) KARUR DTDR MAM RC GHS KAVANDAMPALAYAM PULIYUR CF(PO) KARUR DT",639114
8095,KARUR,Thanthoni,"G.H.S,KARRUPUR",GHS KARUPPURKARUPPUR POST,639108
8096,KARUR,Thanthoni,"G.H.SCHOOL, T.SELLANDIPALAYAM",sellandipalayam\Thattankaadu,639003
8097,KARUR,Thanthoni,"G.HIGH SCHOOL, KOYAMPALLI",VADAKKU SELLIPALAYAMKOYAMPALLI,639114
8098,KARUR,Thanthoni,"G.HR.SEC.SCHOOL,VELIYANAI","GBHSS,VELLIYANAI-639118",639118
8099,KARUR,Thanthoni,"GOVERNMENT GIRLS HIGHER SECONDARY.SCHOOL,VELLIYANAI","GOVT. GIRLS. HR. SEC.
SCHOOL,VELLIYANAI,KARUR(Dt)GOVT. GIRLS. HR. SEC. SCHOOL,VELLIYANAI,KARUR(Dt)",639118
8100,KARUR,Thanthoni,"Government Higher Secondary School ,Uppidamangalam",NORTH GATEUPPIDAMANGALAM,639114
8101,KARUR,Thanthoni,"GOVERNMENT HIGHER SECONDARY SCHOOL, THAMMANAICKANPATTI",THAMMANAICKANPATTIMOOKKANANGKURICHI,639005
8102,KARUR,Thanthoni,"GOVERNMENT HIGHER SECONDARY SCHOOL,JEGATHABI -MODEL",GOVT HR SEC SCHOOL JEGATHABI KARUR DT,639118
8103,KARUR,Thanthoni,"GOVERNMENT HIGHER SECONDARY SCHOOL,PORANI","GOVT.HR.SEC.SCHOOL,PORANI,KARUR- DTGOVT.HR.SEC.SCHOOL,PORANI,KARUR-DT",639118
8104,KARUR,Thanthoni,"GOVERNMENT.HIGH SCHOOL, ANDANKOIL EAST","GOVT HIGH SCHOOL, ANDANKOVIL EAST L.N.S POST,KARUR",639002
8105,KARUR,Thanthoni,"GOVT. HR. SEC SCHOOL, MANAVADI",MANAVADIMANAVADI,639005
8106,KARUR,Thanthoni,"GOVT.HIGH.SCHOOL, PALLAPALAYAM",CHINNATHARAPURAM  ROAD\PALLAPALAYAM,639002
8107,KARUR,Thanthoni,"GOVT.HR.SEC.SCHOOL,K.P.THALAIPATTY",pitachampatti po\karur Dt.,639118
8108,KARUR,Thanthoni,"GOVT.HR.SEC.SCHOOL,THANTHONI",THANTHONIMALAYKARUR,639007
8109,KARUR,Thanthoni,GURU VIDHYALAYA MATRIC HR.SEC.SCHOOL,"GURU VIDHYALAYA MATRIC HR. SEC. SCHOOLSUKKLAIYUR, KARUR",639003
8110,KARUR,Thanthoni,KARUR PUBLIC SCHOOL(CBSE),,
8111,KARUR,Thanthoni,"KARUR SARASWATHI VIDHYA MANDHIRR, THULASIKODUMBU, KARUR",KSV NAGAR\THULASIKODUMBU,639118
8112,KARUR,Thanthoni,KARUR SARASWATHI VIDHYALAYA HSS,KSV NAGAR\THULASIKODUMBU,639118
8113,KARUR,Thanthoni,"LITTLE FLOWER MATRIC  HR. SEC. SCHOOL,MANAVADI",MANAVADITHANTHONIMALAI (PO),639005
8114,KARUR,Thanthoni,LORD'S PARK MATRIC. HR.SEC. SCHOOL,"GANDHIGRAMAM TRICHY MAIN ROAD, S.VELLALAPATTI (PO), KARUR",639004
8115,KARUR,Thanthoni,MALAR MATRIC SCHOOL,"EMUR ROAD, THANTHONIMALAI, KARUR",639007
8116,KARUR,Thanthoni,N.R.M.G & R MATRIC SCHOOL,"South car street,ThanthonimalaiKARUR",639005
8117,KARUR,Thanthoni,"P.A.VIDHYABHAVAN HR.SEC.SCHOOL,KAKKAVADI","3, Kakhavadi Cross, Thalapatti Post,Karur",639003
8118,KARUR,Thanthoni,"P.U.M.SCHOOL,ACHIMANGALAM",panchayat union middle school. Aachimangalam.Thanthoni union. Karur district,639005
8119,KARUR,Thanthoni,"P.U.M.SCHOOL,ALLALIGOUNDANUR",JEGADABIKARUR,639118
8120,KARUR,Thanthoni,"P.U.M.SCHOOL,AYYAMPALAYAM","P.U.M.SCHOOL, AYYAMPALAYAMJAGADABI-PO, KARUR",639118
8121,KARUR,Thanthoni,"P.U.M.SCHOOL,BOMMANUTHUPATTY","PORANI POSTJEGADABI (VIA), KARUR",639118
8122,KARUR,Thanthoni,"P.U.M.SCHOOL,CHINNAMOOKANAKURUCHI",CHINNAMOOKANANGKURICHIVelliyanai (VIA),639118
8123,KARUR,Thanthoni,"P.U.M.SCHOOL,GANDHI GRAMAM",GANDHIGRAMAM \GANDHIGRAMAM PO,639004
8124,KARUR,Thanthoni,"P.U.M.SCHOOL,JALLIPATTY","P.U.P.SCHOOL, JALLIPATTYKRISHNARAYAPURAM, KARUR",639118
8125,KARUR,Thanthoni,"P.U.M.SCHOOL,KODANKIPATTY","Achimangalam gramam,Thanthoni\KODANGIPATTI, & (PO)",639005
8126,KARUR,Thanthoni,"P.U.M.SCHOOL,KUMARAPALAYAM","kumarapalayam,cellandipatty post,karur.",639118
8127,KARUR,Thanthoni,"P.U.M.SCHOOL,MACHANNA NAGAR","P.U.M.SCHOOL, MACHANNANAGARTHALAPPATTI VILLAGE , KARUR",639003
8128,KARUR,Thanthoni,"P.U.M.SCHOOL,P. VELLALAPATTY",pums p.vellalapattypuliyur. karur dt,639114
8129,KARUR,Thanthoni,"P.U.M.SCHOOL,PAGANATHAM","PANCHAYAT UNION MIDDLE SCHOOL, PAGANATHAM, PAGANATHAM ( POST), KARUR - DT, 639 005.",639005
8130,KARUR,Thanthoni,"P.U.MID.SCHOOL,RAYANOOR","RAYANOOR,
THORANAKKALPATTY (PO),KARUR.",639003
8131,KARUR,Thanthoni,"P.U.MID.SCHOOL,SUKKALIYUR",sukkaliyursukkaliyur,639003
8132,KARUR,Thanthoni,"PANCHAYAT.UNION MIDDLE
.SCHOOL,RETTIPALAYAM",Andankoil EastKarur,639008
8133,KARUR,Thanthoni,"PANCHAYAT.UNION.MIDDLE.SCHOOL,GOVINDHA MPALAYAM","P.U.M.SCHOOL, GOVINDAMPALAYAMTHANTHONI BLOCK , KARUR",639002
8134,KARUR,Thanthoni,RANI MEYYAMMAI HR. SEC. SCHOOL,"RANI MEYYAMMAI HIGHER SECONDARY SCHOOL,
PULIYUR - C.F.POST, KARUR",639114
8135,KARUR,Thanthoni,SHRI GURU BRAMMA VIDHYALAYA MATRICULATION SCHOOL,,
8136,KARUR,Thanthoni,SHRI VIJAYALAKSHMI  VIDHYALAYAA INTERNATIONAL SCHOOL,south gandhigramamkarur,639004
8137,KARUR,Thanthoni,"SRI MEENATCHI MATRIC SCHOOL,KARUR",AACHIMANGALAM/KARUR,639005
8138,KARUR,Thanthoni,SRI SANKARA VIDHYALAYA,"SF NO. 2347,48,49, SRI SANKARA GARDEN,CHINNANDANKOVIL, KARUR",639001
8139,KARUR,Thanthoni,SRINIVASA VIDHYALAYA MATRIC SCHOOL,13 SAKTHI NAGARSOUTH GANDHIGRAMAM,639004
8140,KARUR,Thanthoni,ST.ANTONY'S MATRIC SCHOOL,ANDANKOIL EASTKARUR,639008
8141,KARUR,Thanthoni,ST.MARY'S AIDED HIGH SCHOOL,PASUPATHIPALAYAM,639004
8142,KARUR,Thanthoni,"ST.THERASA GIRLS.HIGHER SECONDARY SCHOOL, KARUR-4","2,ST.THERESA'S GHSSTRICHY MAIN ROAD, THERESA NAGAR, KARUR",639004
8143,KARUR,Thanthoni,STAR SCHOOL CBSE,"2/58 Covai Road, Andankovil",639008
8144,KARUR,Thanthoni,THE ADRIAN LOYAL SCHOOL (CBSE),,
8145,KARUR,Thanthoni,VELAMMAL MATRIC SCHOOL,VELAMMAL MATRIC HIGHER SECONDARY SCHOOLKAKKAVADI,639003
8146,KARUR,Thanthoni,VELAMMAL VIDHYALAYA SCHOOL,"VELAMMAL VIDYALAYA SR.SEC SCHOOL, NH-7 KARUR TO MADURAI, KAKKAVADI, KARUR",639003
8147,KARUR,Thanthoni,VENUS MATRIC SCHOOL,"289, KUMARAN NAGARCHINNANDANKOIL ROAD, KARUR",639001
8148,KARUR,Thanthoni,"VIJAY VIDHYA MANDIR ,EMOOR",EMOOR ROAD/EMOOR,639005
8149,KARUR,Thogaimalai,"Adi-Dravida Welfare High School,NEITHALUR",SOUTH NEITHALURNEITHALUR SOUTH,639110
8150,KARUR,Thogaimalai,"BAGAVATHY GOVERNMENT AIDED HIGH SCHOOL, KAVANDAMPATTY","KAVANDAM
PATTI,KURICHI(PO),KULITHALAI(TK),KARUR(DT),639110 KAVANDAM",639110
8151,KARUR,Thogaimalai,"G.H.S.SCHOOL, RACHANDAR THIRUMALAI",RACHANDAR THIRUMALAI. KULITHALAI 621313,621313
8152,KARUR,Thogaimalai,"G.H.SCHOOL,  NAGANOOR",KULITHALAI TALUKKARUR DISTRICT,639120
8153,KARUR,Thogaimalai,"G.H.SCHOOL, A.UDAYAPATTY","A.UDAYAPPATTI, Kalugur PO, Kulithalai TK, Karur Dt.",639120
8154,KARUR,Thogaimalai,"G.H.SCHOOL, KAVALKARANPATTY",thogaimalai blockkulithalai taluk,621313
8155,KARUR,Thogaimalai,"G.H.SCHOOL, PILLUR","GHS,PILLUR,KULITHALAI",621312
8156,KARUR,Thogaimalai,"G.H.SCHOOL, VADASERI",vadaseriVADASERI POST,621313
8157,KARUR,Thogaimalai,"GGHS,RACHANDAR THIRUMALAI",RACHANDARTHIRUMALAIKARUR,621313
8158,KARUR,Thogaimalai,"GHS,BOMMANAYAKKANPATTY","sukkampatty post, kulithalai tk",639120
8159,KARUR,Thogaimalai,"GHSS, G.UDAIYAPATTY",RAKKAMPATTY POST \KULITHALAI T.K,639120
8160,KARUR,Thogaimalai,"GOVERNMENT HIGH SCHOOL, BALASAMUTHIRAPATTI, KARUR","BALASAMUTHIRAPATTI, VADASERI POST,KARUR DISTRICT PIN-621313.",621313
8161,KARUR,Thogaimalai,"GOVERNMENT HIGH SCHOOL, KALLAI",GHS - Kallai,639110
8162,KARUR,Thogaimalai,"GOVERNMENT HIGH SCHOOL, PATHIRIPATTY","PATHIRIPATTY,KULITHALAI, KARUR DT",621306
8163,KARUR,Thogaimalai,"GOVERNMENT HIGHER SECONDARY SCHOOL, ALATHUR",ALATHUR POSTTHOGAMALAI VIA,621313
8164,KARUR,Thogaimalai,"GOVERNMENT HIGHER SECONDARY SCHOOL, NEITHALUR","GOVERNMENT HIGHER SECONDARY
SCHOOLNEITHALUR PO KULITHALAI TALUK KARUR
DGIHSSTSR, ITCHTOGAIMALAI",639110
8165,KARUR,Thogaimalai,"GOVERNMENT HIGHER SECONDARY SCHOOL, THOGAIMALAI",KARUR DT,621313
8166,KARUR,Thogaimalai,"GOVERNMENT HIGHER SECONDARY SCHOOL,KEELAVELIYUR","GOVT. HR. SEC. SCHOOL,KEELAVELIYURKULITHALAI TK, KARUR DT.",621313
8167,KARUR,Thogaimalai,"GOVT.A.D.W.H.SCHOOL,THELUNGAPATTY",ThelungapattiPorunthalur,621313
8168,KARUR,Thogaimalai,OMSAKTHI MATRICULATION SCHOOL A. NADUPATTI,South streetMainroad,621313
8169,KARUR,Thogaimalai,"P.U.M.SCHOOL, CHINNAPANAIYUR",PUMS CHINNAPANAIYURTHOGAIMALAI UNION KARUR DT,639110
8170,KARUR,Thogaimalai,"P.U.M.SCHOOL, CHINNAREDDIPATTY",p.u.m.s chinnareddiyapattyporunthalur post,621313
8171,KARUR,Thogaimalai,"P.U.M.SCHOOL, MOOTAKKAMPATTY","MOOTTAKKAMPATTY\KALUGUR VILLAGE, THOGAIMALAI",621313
8172,KARUR,Thogaimalai,"P.U.M.SCHOOL, NADAKKAPATTY",pums nadakkapatti\THOGAIMALAI UNION KARUR DT,621313
8173,KARUR,Thogaimalai,"P.U.M.SCHOOL, NALLAKAVUNDAMPATTY",PUMS NALLAKAVUNDAMPATTYTHOGAMAIMALAI POST KULITHALAI TK,621313
8174,KARUR,Thogaimalai,"P.U.M.SCHOOL,A.NADUPATTY",a.naduppattyputhur po,621313
8175,KARUR,Thogaimalai,"P.U.M.SCHOOL,MAHALIPATTY",MAHALIPATTY\KALUGUR POST,639120
8176,KARUR,Thogaimalai,Panchayat union middle school Muthalaipatti,"MUTHALAIPATTI AND POST, KULITHALAI TALUK, KARUR DISTRICT",639103
8177,KARUR,Thogaimalai,Panchayat union middle school Sepalapatti,NEITHALUR COLONY POST\SEPALAPATTI,639110
8178,KARUR,Thogaimalai,"PANCHAYAT UNION MIDDLE SCHOOL, ARCHAMPATTY","ARCHAMPATTI, R.T.MALAI POST, THOGAIMALAI UNION, KULITHALAI TALUK, KARUR DISTRICT",621313
8179,KARUR,Thogaimalai,"Panchayat union middle school, PURASAMPATTY",RENKATCHIPATTI PONATCHALUR VIA,639110
8180,KARUR,Thogaimalai,"panchayat union middle school, veeramalaikoundanpatty","PUMS, Veeramalaikavandampatty, Muthalaipatti (Post),
Kulithalai (T.k), Karur(D.t)PUMS, Veeramalaikavandampatty, Muthalaipatti (Post), Kulithalai (T.k), Karur(D.t)",639103
8181,KARUR,Thogaimalai,"PUMS, INAM  PULUTHERI",MAIN ROAD\PULUDERI,621313
8182,KARUR,Thogaimalai,"PUMS,Chinnaiyampalaiyam","P.U.M.SCHOOL, CHINNAIYAMPALAYAMCHINNAIYAMPALAYAM",639120
8183,KARUR,Thogaimalai,S.V.C PUBLIC SCHOOL,"S.V.C Public School,R.T.Malai, Thogaimalai Block,  Kulithalai TK,Karur Dt.,",
8184,KARUR,Thogaimalai,"SERVITE MAT.SCHOOL,THOGAIMALAI","THERKUPPALLAM, THOGAIMALAI",621313
8185,KARUR,Thogaimalai,"ST.ANNES HIGH SCHOOL, KALLADAI","KALLADAI ,THOGAIMALAI (via), KULITHALAI(TK), KARUR(DT) 621313",621313
8186,KARUR,Thogaimalai,ST.FATHIMA AIDED MID.SCHOOL,"muthanampattykalladai(po),thogaimalai,karur",621313
8187,KRISHNAGIRI,Bargur,AES HSS PERIYAPANAMUTLU,"PERIYAPANAMUTLU VILLAGE, ANCHOOR POST, BARGUR TALUK, KRISHNAGIRI DISTRICT",635203
8188,KRISHNAGIRI,Bargur,ANNA ARIVAGAM HSS,"pochampalli, POCHAMPALLI(TK), KRISHNAGIRI(DT)POCHAMPALLI(PO & TK)",635206
8189,KRISHNAGIRI,Bargur,"C.S.I. MIDDLE SCHOOL, MGR NAGAR",M.G.R. NAGARBARUGUR POST,635104
8190,KRISHNAGIRI,Bargur,CONCORDIA HSS  BARGUR,"TPT Road, Mission Compound, Barugur TK, Krishnagiri Dt.",635104
8191,KRISHNAGIRI,Bargur,DURAI MODERN SCHOOL,"Thanneer Pallam Village, Jagadevi Post",
8192,KRISHNAGIRI,Bargur,GHS ALERAHALLI,"GOVT HIGH SCHOOL ,ALERAHALLI ,KALARPATHY PO,POCHAMPALLI TK",635203
8193,KRISHNAGIRI,Bargur,GHS BALETHOTTAM,pochampallikrishnagiri,635206
8194,KRISHNAGIRI,Bargur,GHS BELAVARTHI,"GOVERNMENT HIGH
SCHOOL,BELAVARTHY,BELAVARTHY (VILL & POST),BARGUR (TALUK) ,KRISHNAGIRI (DISTRICT)",635120
8195,KRISHNAGIRI,Bargur,GHS EMAKKALNATHAM,EMAKALNATHAMBARUGUR TK,635104
8196,KRISHNAGIRI,Bargur,GHS GUNDIYALNATHAM,GUNDIYALNATHAMANKINAYANAPALLI PO,635104
8197,KRISHNAGIRI,Bargur,GHS GUTTUR,AMPALLI (PO) BARGUR (TK)KRISHNAGIRI,635104
8198,KRISHNAGIRI,Bargur,GHS JINJAMPATTI,"JINJAMPATTI VIL ,BATLAPALLI PO,BARGUR TK,KRISHNAGIRI DT ,PIN:635104",635104
8199,KRISHNAGIRI,Bargur,GHS KALIKOIL,Kalikoil VillageGuruvinayanapalli Post,635120
8200,KRISHNAGIRI,Bargur,GHS KARAKUPPAM,"GHS, KARAKUPPAM.EMAKKALNATHAM POST",635104
8201,KRISHNAGIRI,Bargur,GHS KONDAPPANAYANAPALLI,BARGUR TK\ KRISHNAGIRI DT,635104
8202,KRISHNAGIRI,Bargur,GHS MINDIGIRI,MATHURPOCHAMPALLI,635203
8203,KRISHNAGIRI,Bargur,GHS NACKALPATTI,GHS NAKKALPATTINAKKALPATTI,635203
8204,KRISHNAGIRI,Bargur,GHS OPPATHAVADI,OPPATHAVADIOPPATHAVADI,635104
8205,KRISHNAGIRI,Bargur,GHS PERIYAPANAMUTLU,"PERIYAPANAMUTLU (VILL) ANCHOOR PO,",635203
8206,KRISHNAGIRI,Bargur,GHS SOOLAMALAI,"SOOLAMALAI VILLAGE, MARUDEPALLI POST, BARGUR TK, KRISHNAGIRI DT.",635108
8207,KRISHNAGIRI,Bargur,GHS VENNAMPALLI,Ghs Vennampallighs vennampalli,635102
8208,KRISHNAGIRI,Bargur,GHS VEPPALAMPATTI,VeppalampattiPOCHAMPALLI(TK),635206
8209,KRISHNAGIRI,Bargur,GHSS ANCHOOR-JAGADEVI,CHENDARAPALLI VILLANCHOOR - JAGADEVI,635203
8210,KRISHNAGIRI,Bargur,GHSS BARGUR BOYS,"GOVT.BOYS.HR.SEC.SCHOOL, BRG MADEPALLI BARUGUR",635104
8211,KRISHNAGIRI,Bargur,GHSS BOYS POCHAMPALLI,GOVT BOYS HR SEC SCHOOL POCHAMPALLI KALLAVI ROAD,635206
8212,KRISHNAGIRI,Bargur,GHSS CHINTHAGAMPALLI,chinthagampalli       chinthagampalli,635104
8213,KRISHNAGIRI,Bargur,GHSS GIRLS POCHAMPALLI,"RASI NAGARKALLAVI ROAD, POCHAMPALLI",635206
8214,KRISHNAGIRI,Bargur,GHSS IKUNDAM,IKUNDAMIKUNDAM,635203
8215,KRISHNAGIRI,Bargur,GHSS KAPPALVADI,KAPPALVADI VILLAGE\VENKATASAMUDRAM P O,635104
8216,KRISHNAGIRI,Bargur,GHSS MALLAPADI,MALLAPPADI\MALLAPPADI POST,635104
8217,KRISHNAGIRI,Bargur,GHSS MELKOTTAI,GURUVINAYANAPALLI POSTBARGUR UNION,635120
8218,KRISHNAGIRI,Bargur,GHSS ORAPPAM,"GHSS, CHENNAI SALAICHINNAORAPPAM, ORAPPAM",635108
8219,KRISHNAGIRI,Bargur,GHSS PERUGOPANAPALLI,"GHSS PERUGOPANAPALLI \PERUGOPANAPALLI post
Bargur taluk",635203
8220,KRISHNAGIRI,Bargur,GHSS PULIYAMPATTI,"PULIYAMPATTI PO,POCHAMPALLI TK,KRISHNAGIRI DT 635206",635206
8221,KRISHNAGIRI,Bargur,GHSS SANTHUR BOYS,"Santhur vill, Santhur po, Pochampalli tk",635206
8222,KRISHNAGIRI,Bargur,GHSS SIGARALAPALLI,GOVT HR SEC SCHOOLSIGARALAPALLI,635104
8223,KRISHNAGIRI,Bargur,GHSS THOGARAPALLI BOYS,"THOGARAPALLI X ROAD, KRISHNAGIRI ( DT)",635203
8224,KRISHNAGIRI,Bargur,GHSS VARATANAPALLI,GOVT HR SEC SCHOOLVARATANAPALLI,635120
8225,KRISHNAGIRI,Bargur,GHSS-GIRLS  BARGUR,"GOVT. HOSPITAL ROAD,BARGUR",635104
8226,KRISHNAGIRI,Bargur,GHSS-GIRLS  SANTHUR,santhurgghss,635206
8227,KRISHNAGIRI,Bargur,GHSS-GIRLS THOGARAPALLI,GGHSSThogarapalli x road,635203
8228,KRISHNAGIRI,Bargur,GONZAGA MHSS KATHANPALLAM,"KATHAMPALLLAM VILL, ORAPPAM VIA, ELATHAGIRI
PO, Krishnagiri DT",635108
8229,KRISHNAGIRI,Bargur,IELC BLIND BARGUR,46/2 IELC MISSION COMPOUNDBARGUR.KRISHNAGIRI DIST,635104
8230,KRISHNAGIRI,Bargur,K.E.T. MATRICULATION PUBLIC SCHOOL,KET MATRIC PUB;IC SCHOOLCHINNAPANAMUTULU (VIL) ANCHOOR (PO),635203
8231,KRISHNAGIRI,Bargur,KAMESHVER VIDYA MATRIC SCHOOL,SIGARALAPALLIBARGUR KRISHNAGIRI,635104
8232,KRISHNAGIRI,Bargur,KINGSLEY GARDEN'S MHSS KANDIKUPPAM,KINGSLEY GARDENS MHSSKANDHIKUPPAM,635108
8233,KRISHNAGIRI,Bargur,KKP Matriculation School,,
8234,KRISHNAGIRI,Bargur,MGM HSS PERANDAPALLI,"KALLAVI ROAD, PARANDAPALLI, KRISHNAGIRI DT",635206
8235,KRISHNAGIRI,Bargur,NOTRE DAME ACADEMY MATRIC SCHOOL KUNNANUR,Kullanur Vill Pochampalli Po & Tk,635206
8236,KRISHNAGIRI,Bargur,PUMS AGAMUDINAGAMANGALAM,PUMS AGAMUDINAGAMANGALAM ACHAMANGALAM,635108
8237,KRISHNAGIRI,Bargur,PUMS AMBALLI,PUMS AMPALLIBARGUR,635104
8238,KRISHNAGIRI,Bargur,PUMS ANAKODI,"P.U.M.SCHOOL, ANAKODI
ANAKODI POST, POCHAMPALLI TALUK,",635209
8239,KRISHNAGIRI,Bargur,PUMS BANDASEEMANUR,"P,U,M,SCHOOL,BANDASEEMANOOR",635104
8240,KRISHNAGIRI,Bargur,PUMS CHETTIPALLI,chettipallichettipalli,635108
8241,KRISHNAGIRI,Bargur,PUMS CHINNAMATTARAPALLI,"chinnamattarapalli vill and post , Bargur taluk Krishnagiri  Dt -635120",635120
8242,KRISHNAGIRI,Bargur,PUMS DESUPALLI,"DESUPALLI  VILLAGE    VARATTANAPALLI  PO
BARGUR  TK KRISHNAGIRI  DT",635120
8243,KRISHNAGIRI,Bargur,PUMS DHINNUR,P.U.M.SCHOOLdhinnoor,635120
8244,KRISHNAGIRI,Bargur,PUMS GANGAVARAM,P.U.M.SCHOOLGANGAVARAM,635206
8245,KRISHNAGIRI,Bargur,PUMS GENGINAYAKKANPATTI,"GENGINAYAKANPATTI,ANGAMPATTI(POST),POCHAMPA
LLI(T.K),KRISHNAGIRI(D.T).GENGINAYAKANPATTI,ANG AMPATTI(POST),POCHAMPALLI(T.K),KRISHNAGIRI(D.T).",630206
8246,KRISHNAGIRI,Bargur,PUMS GOLRUR,KolrurAnchoor,635203
8247,KRISHNAGIRI,Bargur,PUMS KANAMOOR,KANAMOOR VILLAGEOPPATHAVADI POST,635104
8248,KRISHNAGIRI,Bargur,PUMS KARADI GOLLAPATTI,karadigollapatti (vil)\perugopanapalli(po &tk),635203
8249,KRISHNAGIRI,Bargur,PUMS KEEL POONGURTHI,keel poonguruthychinnamattarapalli post,635120
8250,KRISHNAGIRI,Bargur,PUMS KONGANSERU,Konganseru villBatalapali,635104
8251,KRISHNAGIRI,Bargur,PUMS KULLAMPATTI,kullampattipochampalli,635203
8252,KRISHNAGIRI,Bargur,PUMS MADHEPALLI,"madhepalli po
bargur tk, Krishnagiri dt",635104
8253,KRISHNAGIRI,Bargur,PUMS MAGADEVAGOLLAHALLI,P.U.M.SCHOOLMAHADEVAGOLLAHALLI,635206
8254,KRISHNAGIRI,Bargur,PUMS MAJITH GOLLAHALLI,MAJEETHGOLLAHALLIMAJEETHGOLLAHALLI,635203
8255,KRISHNAGIRI,Bargur,PUMS MARIMANAPALLI,PUMS MARIMANAPALLIBARGUR,635104
8256,KRISHNAGIRI,Bargur,PUMS MARUDEPALLI,MARUDEPALLIMARUDEPALLI,635108
8257,KRISHNAGIRI,Bargur,PUMS MITTAPALLI,MITTAPALLI VILLAGEBALINAYANAPALLI POST,635108
8258,KRISHNAGIRI,Bargur,PUMS NALLAPPANAYAKKANUR,santhur postpochampalli taluk,635206
8259,KRISHNAGIRI,Bargur,PUMS NERALAKOTTA,"BARUGUR TALUK, KRISHNAGIRI DISTRICT.",635104
8260,KRISHNAGIRI,Bargur,PUMS PARAVEPPANAPALLI,valluvarpuramnMc palli Post,635120
8261,KRISHNAGIRI,Bargur,PUMS PONGANUR,ponganur vilAnakodi po,635206
8262,KRISHNAGIRI,Bargur,PUMS PONNATHUR,PONNATHUR VILLAGEOPPATHAVADI POST,635104
8263,KRISHNAGIRI,Bargur,PUMS PUDHU MOTTUR,THIRUPATTUR TO DHARMAPURI MAIN ROADPANAGATTUR JINGAL KATHIRAM PATTI,635201
8264,KRISHNAGIRI,Bargur,PUMS SEEMANUR,SEEMANOORACHAMANGALAM,635108
8265,KRISHNAGIRI,Bargur,PUMS SRINIVASAPURAM,"PANCHAYAT MIDDLESCHOOL
,SRINIVASAPURAMBARGUR BLOCK KRISHNAGIRI DISTRICT",635206
8266,KRISHNAGIRI,Bargur,PUMS SRINIVASAPURAM,"PANCHAYAT MIDDLESCHOOL  ,SRINIVASAPURAM BARGUR BLOCK KRISHNAGIRI DISTRICT",
8267,KRISHNAGIRI,Bargur,PUMS SUNDAGAPATTI,PUMS SUNDAGAPATTI POCHAMPALLI TK KRISHNAGIRI DT,635206
8268,KRISHNAGIRI,Bargur,PUMS THATHEMPATTI,THATHAMPATTI\Pochampall (TK),635201
8269,KRISHNAGIRI,Bargur,PUMS THELLABENDA,PUMS THELLABENDA BORDERBARGUR,635104
8270,KRISHNAGIRI,Bargur,PUMS VARAMANAGUNDA,VARAMANAGUNDA VILLAGEOPPATHAVADI POST,635104
8271,KRISHNAGIRI,Bargur,SELVA INTERNATIONAL SCHOOL,SELVA INTERNATIONAL SCHOOLBRG MADHEPALLI,635104
8272,KRISHNAGIRI,Bargur,SELVA MHSS,Bangalore -Chennai bye pass road\BRG Madhepalli,635104
8273,KRISHNAGIRI,Bargur,SIVAGAMIAMMAL INTERNATIONAL PUBLIC SCHOOL,Sivagamiammal NagarOrappam Village & Post,635108
8274,KRISHNAGIRI,Bargur,SRI VIJAYA VIHAS MATRIC SCHOOL,Thiruvanamalai NH RoadAnchoor,635203
8275,KRISHNAGIRI,Bargur,SRV MATRIC HSS ONDIMAVATHUR,DHARMAPURI TO THIRUVANNAMALAI MAIN ROADPOCHAMPALLI TALUK,635201
8276,KRISHNAGIRI,Bargur,"ST. JOSEPH'S INTERNATIONAL SCHOOL, PERIYAPANAMUTLU",soolaalai bus stopanchoor post,635203
8277,KRISHNAGIRI,Bargur,ST. KANAKADASA PUBLIC SCHOOL,"KANAKADASA AVENUE, AMMERI, EMAKKALNATHAM POST, BARGUR",635104
8278,KRISHNAGIRI,Bargur,ST.ANTONY'S HSS ELATHAGIRI,"Elathagiri post,Krishnagiri TK & DTElathairi V & PO., Krishnagiri Dt",635108
8279,KRISHNAGIRI,Bargur,ST.KANAKADASA MHSS AMMERI,"AMMERI (VILL), BARGUR (TK), KRISHNAGIRI (DT),",635104
8280,KRISHNAGIRI,Bargur,ST.PAULS MATRIC. BARGUR,"Gov. High school road, Mallapadi, Bargur. Krishnagiri dt.",635104
8281,KRISHNAGIRI,Bargur,"ST.XAVIER MS, KANDIKUPPAM",KandikuppamBargur,635108
8282,KRISHNAGIRI,Bargur,VAILANKANNI HIGHER SECONDARY SCHOOL BARGUR,"Chinthagampalli Road, Bargur Town Panchayat & Taluk, Bargur - 635104, Krishnagiri Dt, Tamil Nadu.",635104
8283,KRISHNAGIRI,Bargur,VAILANKANNI HSS BARGUR KRISHNAGIRI,CHINTHAGAMPALLI ROAD BARGUR BARGUR TK KRISHNAGIRI DT,635104
8284,KRISHNAGIRI,Bargur,VAILANKANNI MHSS BARGUR,NEAR BDO OFFICE KRISHNAGIRI MAIN ROAD BARGUR KRISHNAGIRI DT,635104
8285,KRISHNAGIRI,Bargur,"VICTORIA MATRIC,HSS",VICTORIA MATRIC HR SEC SCHOOLMALLAPADI VILL & POST,635104
8286,KRISHNAGIRI,Hosur,ACHIEVERS ACADEMY MATRIC.HSS HOSUR,"GOKUL NAGAR VIA , RAYAKOTTA ROAD",635109
8287,KRISHNAGIRI,Hosur,"ADITI VIDYA MANDIR MATRICULATION SCHOOL, THIMMASANDRAM, AVALAPALLI",THIMMASADRAMHOSUR,635109
8288,KRISHNAGIRI,Hosur,ADVAITH INTERNATIONAL ACADEMY,5/330 INNAPASANDIRAM - NALLUR ROAD,635103
8289,KRISHNAGIRI,Hosur,AGASTHYA VIDYA MANDIR,,
8290,KRISHNAGIRI,Hosur,ALPHA ELITE HIGH,"Berigai road, Bagalur, Belathur Post, Hosur Taluk, Krishnagiri Dist, TN",635124
8291,KRISHNAGIRI,Hosur,ANNAI ARAVINTHAR SPECIAL SCHOOL,1/4 9th A Cross bharathi dasan nagar Hosur,635109
8292,KRISHNAGIRI,Hosur,ASIAN CHRISTIAN HIGH SCHOOL,"Asian Christian High School\Jeemangalam, Bagalur Post Hosur (TK) TN",
8293,KRISHNAGIRI,Hosur,BETHEL MATRIC SCHOOL,ZUZUVADI\HOSUR,635126
8294,KRISHNAGIRI,Hosur,BHAGAVANSHREE RAMAKRISHNA MHSS,"Near Railway station
Denkanikottai Road Hosur-635109",635109
8295,KRISHNAGIRI,Hosur,"BHARATHIYAR MAT.SCHOOL, BALAJI NAGAR, CHINNAELASAGIRI, HOSUR","PLOT NO. 74&75, BALAJI NAGAR,CHINNA ELASAGIRI, HOSUR, KRISHNAGIRI DISTRICT.",635126
8296,KRISHNAGIRI,Hosur,BLOSSOM MATRIC,"2/736,M.M NAGAR,MOOKANDAPALLI, HOSUR2/736,M.M NAGAR,MOOKANDAPALLI, HOSUR",635126
8297,KRISHNAGIRI,Hosur,BMR GLOBAL SCHOOL,,
8298,KRISHNAGIRI,Hosur,BRUNDAVANA SCHOOL,,
8299,KRISHNAGIRI,Hosur,CAMBRIDGE MAT.SCHOOL,"OPPOSITE MARUTHI NAGARKRISHNAGIRI MAIN ROAD,HOSUR.",635109
8300,KRISHNAGIRI,Hosur,CARMEL INTERNANATIONAL SCHOOL,KARAPALLI TO JONNABONDA ROADONNALVADI POST,635109
8301,KRISHNAGIRI,Hosur,CSI CHRIST MATRIC. HSS HOSUR,"SHANTHI NAGAR,HOSUR-635 109.",635109
8302,KRISHNAGIRI,Hosur,DAVID SIRONMANI MAT.,NTR CIRCLEZUZUVADI,635126
8303,KRISHNAGIRI,Hosur,GHS ANDIVADI,"GHS, ANDHIVADI, HOSUR(TK)KRISHNAGIRI(DT)",635110
8304,KRISHNAGIRI,Hosur,GHS BHARATHIYAR NAGAR,GHSBHARATHIYARNAGAR,635109
8305,KRISHNAGIRI,Hosur,GHS CHOODAPURAM,GHS CHOODAPURAMHOSUR BLACK,635124
8306,KRISHNAGIRI,Hosur,GHS DASARAPALLIDINNA,"GOVT HIGH SCHOOL, DASARAPALLI DHINNA.MUTHALI PO, HOSUR TK. 635109.",635109
8307,KRISHNAGIRI,Hosur,GHS DEVEERAPALLI,DEVEERAPALLI POSTDEVEERAPALLI,635103
8308,KRISHNAGIRI,Hosur,GHS KOTHAPALLI,"GHS KOTHAPALLI, SEVAGANAPALLI POST,HOSUR TALUK-635103",635103
8309,KRISHNAGIRI,Hosur,GHS MOOKANDAPALLI,MOTHAM AGRAHARAM NEAR SUDAPPA KALYANA MANTAPAM,635109
8310,KRISHNAGIRI,Hosur,GHS MUTHALI,MUTHALI  VILL MUTHALI POST AND VILLAGE,635109
8311,KRISHNAGIRI,Hosur,GHS NANDHIMANGALAM,NANDHIMANGALAMNANDHIMANGALAM,635105
8312,KRISHNAGIRI,Hosur,GHS ONNALVADI,GOVT HIGH SCHOOL ONNALVADI,635109
8313,KRISHNAGIRI,Hosur,GHS SAMATHUVAPURAM,GHS SAMATHUVAPURAM,635103
8314,KRISHNAGIRI,Hosur,GHS THORAPALLI AGRAHARAM,GHS THORAPALLI AGRAHARAM HOSUR 635109 KRISHNAGIRI,635109
8315,KRISHNAGIRI,Hosur,GHS-GIRLS  HOSUR,GGHS  SEETHARAM NAGAR HOSURGGHS,635109
8316,KRISHNAGIRI,Hosur,GHSS MACHINAYAKANAPALLI,MACHINAYAKANAPALLI\HOSUR,635001
8317,KRISHNAGIRI,Hosur,GHSS MATHIGIRI,"GOVT HIGHER SECONDARY SCHOOL, MATHIGIRI,",635110
8318,KRISHNAGIRI,Hosur,GHSS NALLUR,NALLUR VILLAGE & POallur,635103
8319,KRISHNAGIRI,Hosur,GHSS NALLUR,NALLUR VILLAGE & PO Nallur,
8320,KRISHNAGIRI,Hosur,GHSS ZUZUVADI,"RAJESHWARI LAYOUT, SIPCOT 1ZUZUVADI",635126
8321,KRISHNAGIRI,Hosur,"GHSS, MULLAINAGAR, HOSUR","Mullai Nagar Rayakottai Raod, Hosur",635109
8322,KRISHNAGIRI,Hosur,GHSS-BOYS  BAGALUR,"GOVT BOYS HR SEC SCHOOL,BAGALURBELATHUR POST,HOSUR TK,KRISHNAGIRI DT",635124
8323,KRISHNAGIRI,Hosur,GHSS-GIRLS  BAGALUR,"MALUR MAIN ROAD, BAGALUR.",635103
8324,KRISHNAGIRI,Hosur,GOVT URDU HR. SEC. SCHOOL - HOSUR,SEETHARAM NAGARHOSUR,635109
8325,KRISHNAGIRI,Hosur,GOVT. MODEL GIRLS HR SEC SCHOOL  HOSUR,"IIIRD CROSS,KAMARAJ COLONY ,HOSUR",635109
8326,KRISHNAGIRI,Hosur,GREEN VALLEY MAT.HSS,"KALAHASTHIPURAM, AVALAPALLI (PO), BAGALUR RD, HOSUR",635109
8327,KRISHNAGIRI,Hosur,"GREEN VALLEY SCHOOL, HOSUR","Kalahasthipuram (Vill), Avalapalli (Po), Bagalur Rd, Hosur",635109
8328,KRISHNAGIRI,Hosur,GURUDHURONACHARIA HIGH SCHOOL,ONNALVADI\HOSUR,635109
8329,KRISHNAGIRI,Hosur,HOSUR PUBLIC  SCHOOL-KARAPALLI,"RAYAKOTTAI HIGHWAY, KARAPALLI, HOSUR",635109
8330,KRISHNAGIRI,Hosur,JOHN BOSCO GIRLS HSS HOSUR,SHANTHI NAGARDENKANIKOTTAI ROAD,635109
8331,KRISHNAGIRI,Hosur,LITERA VALLEY ZEE SCHOOL,"SF NO 606/2A&2B, MARUTHI GREEN FIELDSKASAVAGATTA VILLAGE",635109
8332,KRISHNAGIRI,Hosur,MAHARISHI VIDYA MANDIR HSS HOSUR,"SWAMY BRAHMANANDA SARASWATHI NAGAR, SIPCOT, HOSUR -635126",635126
8333,KRISHNAGIRI,Hosur,MAHARISHI VIDYA MANDIR SENIOR SECONDARY SCHOOL HOSUR,SWAMY BRAHAMANANDA SARASWATHI NAGAR\SIPCOT,635126
8334,KRISHNAGIRI,Hosur,MOUNT CARMEL MATRI HR.SEC. SCHOOL HOSUR,"Carmel Nagar,Chinnaelasagiri,Sipcot Post, Hosür,Krishnagiri District.",635126
8335,KRISHNAGIRI,Hosur,NALANDA INTERNATIONAL PUBLIC SCHOOL HOSUR,KELAMANGALAM MAIN ROADACHETTIPALLI POST,635110
8336,KRISHNAGIRI,Hosur,NATIONAL MATRIC.HR SEC SCHOOL,POONAPALLI(VILL) BELAGONDAPALLI (PO) HOSUR (TK),635114
8337,KRISHNAGIRI,Hosur,NEW BRILLIANT IDEAL MATRIC HR SEC SCHOOL,"JOGIKALASAMANAPALLI;BATTUVARAPALLI (VIL),BAGALUR (p.o),HOSUR (T.K)KRISHNAGIRI (",635103
8338,KRISHNAGIRI,Hosur,NIMAI PUBLIC SCHOOL,"Nimai Public School, Onnalvadi Village,Royakottai Road, Hosur Taluk",
8339,KRISHNAGIRI,Hosur,"OPEN ARMS INTERNATIONAL SCHOOL,HOSUR","1/154, 6th km, Bagalur Road, Hosur1/154, 6th km, Bagalur Road, Hosur",635103
8340,KRISHNAGIRI,Hosur,"PARIMALAM MATRIC SCHOOL, HOSUR",OPP OLD TELEPHOENE EXCHANGE ANNA NAGAR HOSUR 635109,635109
8341,KRISHNAGIRI,Hosur,PARIMALAM MHSS,"DENKANIKOTTA ROAD, DIINURHOSUR",635110
8342,KRISHNAGIRI,Hosur,PUMS ACHETTIPALLI,ACHETTIPALLI (VIL)&(POST)MATHIGIRI HCF POST,635110
8343,KRISHNAGIRI,Hosur,PUMS ALASANATHAM,ALASANATHAMHOSUR,635109
8344,KRISHNAGIRI,Hosur,PUMS ARASANATTI,ARASANATTIMOOKANDAPALLI,635126
8345,KRISHNAGIRI,Hosur,PUMS BAGALUR -URUDU,SHARJAPUR ROADBAGALUR,635103
8346,KRISHNAGIRI,Hosur,PUMS BEDARAPALLI -TEL,sipcotHosur,635129
8347,KRISHNAGIRI,Hosur,PUMS BEGAPALLI,"PUMS BEGEPALLI,HOSUR BLOCK\PUMS BEGEPALLI",635126
8348,KRISHNAGIRI,Hosur,PUMS BOMMANDAPALLI,BOMMANDAPALLI VILLAGEKOTHAGONDAPALLI POST,635109
8349,KRISHNAGIRI,Hosur,PUMS CHENNASANDIRAM,"CHENNASANDIRAM , AVALAPALLI POST",635109
8350,KRISHNAGIRI,Hosur,PUMS CHENNATHUR,"p.u.m.school ,chennathur.hosur",635109
8351,KRISHNAGIRI,Hosur,PUMS GOLLAPALLI -URUDU,GOLLAPALLI VILLAGETHORAPALLI AGRAHARAM POST,635109
8352,KRISHNAGIRI,Hosur,PUMS GOPANAPALLI,PUMS school gopanapalli HOSUR BLOCK,635110
8353,KRISHNAGIRI,Hosur,PUMS HANUMANTHAPURAM -TEL,Hanumanthapuramhosur,635110
8354,KRISHNAGIRI,Hosur,PUMS HOSUR,"1ST CROSS ,KAMARAJ COLONY,HOSUR",635109
8355,KRISHNAGIRI,Hosur,PUMS HOSUR -TEL&KAN,KAMARAJ COLONYHOSUR,635109
8356,KRISHNAGIRI,Hosur,PUMS KELAVARAPALLI,"PUMS,KELAVARAPALLI,AVALAPALLI(PO),HOSUR.635109",635109
8357,KRISHNAGIRI,Hosur,PUMS KOTHAGONDAPALLI,Pums kothagondapalli tamil Kothagondapalli post,635109
8358,KRISHNAGIRI,Hosur,PUMS KUMUDEPALLI -TEL,Thippalam RaodKumudepalli,635109
8359,KRISHNAGIRI,Hosur,PUMS MATHIGIRI BOYS -URUDU,Sippai palayamMathigiri,635110
8360,KRISHNAGIRI,Hosur,PUMS MUGALUR -TEL,MUGALUR POSTHOSUR TALUK,635110
8361,KRISHNAGIRI,Hosur,PUMS MUGULAPALLI,"Mugalapalli,Thummanapalli post and panchayatHosur Taluk",635105
8362,KRISHNAGIRI,Hosur,PUMS NAGONDAPALLI,VIA HOSUR CATTLE FARMAGONDAPALLI POST &VILLAGE,635110
8363,KRISHNAGIRI,Hosur,PUMS POONAPALLI -TEL,"Poonapally  village beddha belagondapally post hosur taluk
,krishnagiri dist",635114
8364,KRISHNAGIRI,Hosur,PUMS PUNGANDODDI,Avalapalli PostPunugandoddi,635109
8365,KRISHNAGIRI,Hosur,PUMS RAM NAGAR- URUDU,RAMNAGARHOSUR,635109
8366,KRISHNAGIRI,Hosur,PUMS SEETHARAM NAGAR,"Seetharam nagar, Hosur",635109
8367,KRISHNAGIRI,Hosur,PUMS THORAPALLI -TELUGU,THORAPALLI AGRAHARAMTHORAPALLI AGRAHARAM,635109
8368,KRISHNAGIRI,Hosur,PUMS ZEEMANGALAM,"Zeemangalam,Bagalur post,Hosur.",635103
8369,KRISHNAGIRI,Hosur,RV GHSS-BOYS HOSUR,RAYAKOTTAI ROAD\HOSUR,635109
8370,KRISHNAGIRI,Hosur,SAPTHAGIRI MAT.HSS,VENKATESH NAGAR HOSUR,635109
8371,KRISHNAGIRI,Hosur,SEVENTHDAY HSS,"Appavu Nagar, Thally Road, Hosur.",635109
8372,KRISHNAGIRI,Hosur,"SHANTHI NIKETHAN MATRIC SCHOOL, HOSUR","No.71, Behind Sub -Treasury\Rayakottai Road,  Hosur, Krishnagiri -Dt",635109
8373,KRISHNAGIRI,Hosur,"SHANTHI NIKETHAN MHSS, S.MUDUGANAPALLI",S. MUDUGANAPALLI HOSUR 635110S. MUDUGANAPALLI HOSUR 635110,635110
8374,KRISHNAGIRI,Hosur,SHANTHIBAVAN RESIDENTIAL SCHOOL,SHANTHIBAVAN RESIDENTIAL SCHOOL,635103
8375,KRISHNAGIRI,Hosur,SIDDARTH VILLAGE SCHOOL,"MADIVALAM VILLAGE, NALLUR POST, HOSUR - 635103",635103
8376,KRISHNAGIRI,Hosur,SISHYA SCHOOL HOSUR,"Sishya School, #636, Mugalur Post Via D - Barandur, Hosur Taluk, Krishnagiri Dist",635110
8377,KRISHNAGIRI,Hosur,SREE SARASWATHI VID. MHSS,sathiamangalam\bagalur,635105
8378,KRISHNAGIRI,Hosur,SREE SHIRDI SAI VIDYALAYA MATRICULATION SCHOOL,"SF NO 607/1,EDAPALLIACHETTIPALLI",635110
8379,KRISHNAGIRI,Hosur,SRI BHARATHI VIDYALAYA MHSS ALASANATHAM,ALASANATHAMTHOTTAGIRI ROAD,635109
8380,KRISHNAGIRI,Hosur,SRI CHAITANYA TECHNO SCHOOL,"SRI CHAITANYA TECHNO SCHOOL,  S.NO:36/6 & 36/7,
BEHIND TREND CITY LAYOUT, SANTHAPURAM AGRAHARAM VILLAGE, VIA BAGALUR ROAD, HOSUR",635109
8381,KRISHNAGIRI,Hosur,SRI CHAITANYA TECHNO SCHOOL,"BEHIND TREND CITY LAYOUT, SANTHAPURAM AGRAHARAM VILLAGE,  VIA BAGALUR ROAD, HOSUR",
8382,KRISHNAGIRI,Hosur,SRI CHAITANYA TECHNO SCHOOL DINNUR,"Sy.No:116/2, Opposite to El-forge\denkanikottai Road",635109
8383,KRISHNAGIRI,Hosur,"SRI GURUKULAM SENIOR SECONDARY SCHOOL, HOSUR","SF 527/1, NALLUR VILLAGE AND POST , HOSURHOSUR",635103
8384,KRISHNAGIRI,Hosur,SRI SATHYA SAI BALAGURUKULAM,"S:NO:137/1,KUSHNIPALAYAM,HOSUR CATTLE FARM,\MATHIGIRI,HOSUR(TK)-635110",635110
8385,KRISHNAGIRI,Hosur,SRI SHARADA VIDYA MANDIR MHSS,"953, RAJAJI NAGAROPP SUB TREASURY, HOSUR",635109
8386,KRISHNAGIRI,Hosur,SRI VENKATESWARA MHSS AVALAPALLI,"K.P. DAM ROAD, AVALAPALLIHOSUR",635109
8387,KRISHNAGIRI,Hosur,SRI VIJAY VIDHYASHRAM SCHOOL HOSUR,225A-Old Astc HudcoHosur,635109
8388,KRISHNAGIRI,Hosur,SRI VIJAY VIDYALAYA MHSS HOSUR,33B BAGALUR HUDCOHOSUR,635109
8389,KRISHNAGIRI,Hosur,SRI VIJAY VIDYASHRAM BAGALUR,"BAGALUR VILLAGE ,HOSUR",635103
8390,KRISHNAGIRI,Hosur,ST. XAVIER'S ACADEMY SCHOOL,,
8391,KRISHNAGIRI,Hosur,ST.ANNE'S MAT.SCHOOL BAGALUR,"BELATHUR ,
VILLAGE CHOODAPURAM",635124
8392,KRISHNAGIRI,Hosur,ST.ANN'S MATRICULATION.SCHOOL,"ST.ANN'S Matriculation schoolold vasanth nagar, Hosur",635109
8393,KRISHNAGIRI,Hosur,ST.AUGUSTINE MAT.HR SEC SCHOOL ONNALVADI,"Onnalvadi (V&P),Hosur(tk),Krishnagiri(dis.)Krishnagiri District",635109
8394,KRISHNAGIRI,Hosur,"ST.JOSEPH'S ACADEMY, HOSUR",SIPCOT HOUSING COLONYDHARGA,635126
8395,KRISHNAGIRI,Hosur,ST.JOSEPH'S MHSS,MOOKANDAPALLI\SIPCOT,635126
8396,KRISHNAGIRI,Hosur,"SWAMY  VIVEKANANDA MATRIC HSS, HOSUR","KADHIRGANADHINNAALASAPALLI, BELATHUR",635124
8397,KRISHNAGIRI,Hosur,SWATHI MHSS HOSUR,Onnalvadi\Hosur,635109
8398,KRISHNAGIRI,Hosur,THE ASHOK LEYLAND SCHOOL HOSUR,"E-1,SIPCOT INDUSTRIAL COMPLEX, PHASE-II, HOSUR",635130
8399,KRISHNAGIRI,Hosur,THE OAKRICH INTERNATIONAL SCHOOL,,
8400,KRISHNAGIRI,Hosur,THE TITAN SCHOOL,"Titan Township,Mathigiri HCF Post, Hosur",635110
8401,KRISHNAGIRI,Hosur,VAILANKANNI MHSS HOSUR,"Near central excise office\Thally Road, hosur",635109
8402,KRISHNAGIRI,Hosur,VANAPRASTHA INTERNATIONAL MATRIC HR SEC SCHOOL-THUMMANAPALLI,VANAPRASTHA ACADEMYMUGULAPALI,635105
8403,KRISHNAGIRI,Hosur,"VANAPRASTHA INTERNATIONAL SCHOOL, MUGALAPALLI",MUGULAPALLI VILLAGETHUMMANAPALLI POST,635105
8404,KRISHNAGIRI,Hosur,VISWA BHARATHI MATRIC.HSS,"BEDARAPALLI, SIPCOT [POST],HOSUR.",635126
8405,KRISHNAGIRI,Hosur,YOGI VEMANA MATRIC.HSS,"8th km Hosur- BagalurMain Road, near Eluvapalli Bus stop,Avalapalli (p),Hosur(tk),Krishnagiri(d).Eluvapalli",635109
8406,KRISHNAGIRI,Kaveripatinam,ASHOK MISSION MATRIC.HSS,Ashok Missions Matric Hr Sec SchoolKottavur (Vill) Nedungal (PO) Krishnagiri (Tk)(Dt),635112
8407,KRISHNAGIRI,Kaveripatinam,"CAMBRIDGE PUBLIC e-SCHOOL, KAVERIPATTINAM",kakkankarai roadkaveripattinam,635112
8408,KRISHNAGIRI,Kaveripatinam,GHS BALEGULI,BALEGULIBALEGULI,635204
8409,KRISHNAGIRI,Kaveripatinam,GHS BANNIHALLI,"Bannihalli VILLAGE & POST, CHAPPARTHI VIA
,KRISHNAGIRI  DT",635106
8410,KRISHNAGIRI,Kaveripatinam,GHS BANNIHALLI PUDUR,GHSBANNIHALLIPUDUR,635106
8411,KRISHNAGIRI,Kaveripatinam,GHS CHETTIMARAMPATTI,"CHETTIMARAMPATTI , MALAIYANDAHALLI POST,KAVERIPATTINAM VIA,KRISHNAGIRI DISTRICT",635112
8412,KRISHNAGIRI,Kaveripatinam,GHS DEVEERAHALLI,"DEVEERAHALLI POST, POCHAMPALLI TKKRISHNAGIRI DT",635123
8413,KRISHNAGIRI,Kaveripatinam,GHS GUNDALAPATTI,"GOVERNMENT HIGH SCHOOL GUNDALAPATTI, GUNDALAPATTI",635101
8414,KRISHNAGIRI,Kaveripatinam,GHS JAGADAP,"GOVT HIGH SCHOOL, JAGADAB
POST,KAVERIPATTINAM BLOCK, KRISHNAGIRI TALUK, KRISHNAGIRI DISTRICT.",635112
8415,KRISHNAGIRI,Kaveripatinam,GHS KADHIRIPURAM,"Kadhipuram,Krishnagiri (TK & DT)",635112
