S NO,DISTRICT,BLOCK NAME,SCHOOL NAME,SCHOOL ADDRESS,PINCODE
20060,TIRUVALLUR,Poonamallee,GOVERNMENT GIRLS HIGHER SECONDARY SCHOOL KAMARAJ NAGAR,"NO.10, MAIN ROAD, KAMARAJ NAGAR, AVADI",600071
20061,TIRUVALLUR,Poonamallee,GOVERNMENT GIRLS HIGHER SECONDARY SCHOOL KEELMANAMBEDU,"T H ROAD, KEELMANAMBEDU",600124
20062,TIRUVALLUR,Poonamallee,GOVERNMENT GIRLS HIGHER SECONDARY SCHOOL POONAMALLEE,"NO.5,BRADEE'S ROADPOONAMALLEE",600056
20063,TIRUVALLUR,Poonamallee,GOVERNMENT HIGH SCHOOL BANAVEDU THOTTAM,"GOVT.HIGH SCHOOL,  BANAVEDUTHOTTAM, THANDURAI MAIN ROAD, PIDARITHANGAL,",600056
20064,TIRUVALLUR,Poonamallee,GOVERNMENT HIGH SCHOOL GUDAPAKKAM,GOVERNMENT HIGH SCHOOLGUDAPAKKAM,600124
20065,TIRUVALLUR,Poonamallee,GOVERNMENT HIGH SCHOOL KOTTAMEDU,kottambedukottambedu post,602024
20066,TIRUVALLUR,Poonamallee,GOVERNMENT HIGH SCHOOL NAZARATHPET,"GOVT HIGH SCHOOL , BANGALORE HIGH ROAD,NAZARATHPETTAI",600123
20067,TIRUVALLUR,Poonamallee,GOVERNMENT HIGH SCHOOL NEMILICHERY,CTH RoadMAINROAD,602024
20068,TIRUVALLUR,Poonamallee,GOVERNMENT HIGH SCHOOL SEMBARAMBAKKAM,"PADASALAI STREET, CHEMBARAMBAKKAMPADASALAI STREET, CHEMBARAMBAKKAM",600123
20069,TIRUVALLUR,Poonamallee,"GOVERNMENT HIGHER SECONDARY SCHOOL , SUNDARASOZHAVARAM","Sundara sozhavaram, thiruverkadu, chennai -77Sundara sozhavaram, thiruverkadu, chennai -77",600077
20070,TIRUVALLUR,Poonamallee,GOVERNMENT HIGHER SECONDARY SCHOOL FOR THE VISUALLY IMPAIRED POONAMALLEE,GOVERMENT HIGHER SECONDARY SCHOOL FOR THE BLINDP,600056
20071,TIRUVALLUR,Poonamallee,GOVERNMENT HIGHER SECONDARY SCHOOL KUTHAMBAKKAM THEN COLONY,PADUR MAIN ROAD\kuthambakkam,600124
20072,TIRUVALLUR,Poonamallee,GOVERNMENT HIGHER SECONDARY SCHOOL SENNEERKUPPAM,AVADI MAIN ROADSENNEERKUPPAM,600056
20073,TIRUVALLUR,Poonamallee,GOVERNMENT HIGHER SECONDARY SCHOOL THANDURAI,POONAMALLEE MAIN ROADTHANDURAI-PATTABIRAM,600072
20074,TIRUVALLUR,Poonamallee,GOVERNMENT HIGHER SECONDARY SCHOOL THIRUMAZHISAI,Thiruvallur high road Thirumazhisai,600124
20075,TIRUVALLUR,Poonamallee,GOVERNMENT HIGHER SECONDARY SCHOOL THIRUNINRAVUR,GOMATHIPURAMTHIRUNINRAVUR,602024
20076,TIRUVALLUR,Poonamallee,Govt. Girls Model Hr. Sec. School,,
20077,TIRUVALLUR,Poonamallee,"GRACE PARK CONVENT MATRIC HR SEC SCHOOL, THIRUNINRAVUR.","No.80, 4th Main Road, Babuji Nagar, Thiruninravur",602024
20078,TIRUVALLUR,Poonamallee,GRACE PARK PUBLIC SCHOOL,,
20079,TIRUVALLUR,Poonamallee,HOLY CRESENT MATRIC HR SEC SCHOOL POONAMALLEE,"31A, TRUNK ROADPOONAMALLEE",600056
20080,TIRUVALLUR,Poonamallee,HOLY IMMANUEL MATRICULATION SCHOOL AVADI,"6th Street, J B Estate\Avadi Chennai",600054
20081,TIRUVALLUR,Poonamallee,HOLY INFANT JESUS MATRIC HR SEC SCHOOL PATTABIRAM,"NO 7, FIRST CROSS STREET,
MG ROAD, PATTABIRAM",600072
20082,TIRUVALLUR,Poonamallee,"IMMACULATE HEART OF MARY'S GIRLS HIGHER SECONDARY SCHOOL, AVADI","Immaculate Heart of Mary's Girls Hr.Sec.School, CTH Road, Avadi Chennai 600054",600071
20083,TIRUVALLUR,Poonamallee,IMMANUEL MATRIC HR SEC SCHOOL PATTABIRAM,"NO. 27, B.O.D ROAD,PATTABIRAM, CHENNAI",600072
20084,TIRUVALLUR,Poonamallee,"INFANT JESUS MATRIC HR SEC SCHOOL, THANDURAI, PATTABIRAM.","INFANT JESUS MAT HSS THANDURAI,PATTABIRAM",600072
20085,TIRUVALLUR,Poonamallee,"JAI HIND MATRICULATION SCHOOL,THIRUMAZHISAI",kavalseri roadthirumalisai,600124
20086,TIRUVALLUR,Poonamallee,JAI HIND PUBLIC SCHOOL,"JAI HIND PUBLIC SCHOOL , KAVALASERI ROAD,THIRUMALASAI,CHENNAI - 600124",
20087,TIRUVALLUR,Poonamallee,"JAIGOPAL GARODIA VIVEKANANDA VIDYALAYA
HIGHER SECONDARY SCHOOL, AVADI, CHENNAI -
J5A4 IGOPAL GARODIA VIVEKANANDA","vivekananda nagar , avadi - poonamallee road , Avadi , chennai",600054
20088,TIRUVALLUR,Poonamallee,"VIDYALAYA,MATRICULATION SCHOOL,KAMARAJ NAGAR, AVADI, CHENNAI-600071","NO 3 ,KARUMARIAMMAN KOIL STREET, KAMARAJ
NAGAR , AVADI, CHENNAI - 600 071.",600071
20089,TIRUVALLUR,Poonamallee,JAWAHARLAL NEHRU VIDYALAYA MATRICULATION SCHOOL KUMANANCHAVADI,2.67928E+17,600056
20090,TIRUVALLUR,Poonamallee,JAYA JAYA SANKARA INTERNATIONAL SCHOOL NAZARATHPET,"3/495,CHENNAI -BANGALORE HIGH WAY, NAZARATHPET.",600077
20091,TIRUVALLUR,Poonamallee,"JAYA MATR SCHOOL, THIRUNINRAVUR.","C.T.H Road, Thirunindravur- 602024",602024
20092,TIRUVALLUR,Poonamallee,"JAYA MATRICULATION SCHOOL, KRISHNAPURAM.","NO. 1, 3RD CROSS STREET, KRISHNAPURAM, THIRUNINRAVUR",602024
20093,TIRUVALLUR,Poonamallee,"JAYA PUBLIC SCHOOL, Thiruninravur",thiruninravur main road\thiruninravur,602024
20094,TIRUVALLUR,Poonamallee,JOSEPH VIDYA KSHETRA,"No:22, Muthukumaran Nagar, Joseph Town, Poonamallee",600056
20095,TIRUVALLUR,Poonamallee,"JOY BELL MATRICULATION SCHOOL
,POONAMALLEE",Mohana NagarPoonamallee,600056
20096,TIRUVALLUR,Poonamallee,"KALAIMAGAL MATRIC HR SEC SCHOOL, ANNA NAGAR PATTABIRAM",Balammal Streetrajiv gandhi nagar,600072
20097,TIRUVALLUR,Poonamallee,KARTHIK MATRICULATION HIGHER SECONDARY SCHOOL POONAMALLEE,"No.54/6 AMBAL NAGAR, (BEHIND SENNEERKUPPAM EB)POONAMALLEE, CHENNAI",600056
20098,TIRUVALLUR,Poonamallee,KARTHIKEYAN MATRIC SCHOOL,"279, kasthuri bai avenue thiruverkadu",600077
20099,TIRUVALLUR,Poonamallee,LCVKS HIGH SCHOOL KATTUPAKKAM,"SENTHURPURAM MAIN ROAD,KATTUPAKKAM",600056
20100,TIRUVALLUR,Poonamallee,MAHALAKSHMI VIDHYA MANDHIR,"No.1, Mahalashmi Nagar, Kolady Road, Paruthipattu, Avadi, Chennai",600071
20101,TIRUVALLUR,Poonamallee,MAHALASHMI MATRICULATION HSS PARUTHIPATTU,"1, MAHALASHMI NAGAR, KOLADI ROAD,PARUTHIPATTU",600071
20102,TIRUVALLUR,Poonamallee,"MAHARISHI VIDYA MANDIR SR SEC SCHOOL, MELPAKKAM, AVADI-77",SORANCHERY ROADMELPAKKAM,600077
20103,TIRUVALLUR,Poonamallee,MAHATMA GANDHI HIGH SCHOOL UTKOTTAI,"utkottai,kuthambakkam postpoonamallee taluk,Thiruvallur district",600124
20104,TIRUVALLUR,Poonamallee,"MAHAVEER RAJASTHANI INTERNATIONAL SCHOOL, GUDAPAKKAM",CHIEF EDUCATIONAL OFFICE\THIRUVALLUR,602001
20105,TIRUVALLUR,Poonamallee,"NABI CRESCENT MATRICULATION  SCHOOL, AVADI","6/14,Pillaiyar koil street,Avadi",600054
20106,TIRUVALLUR,Poonamallee,"NAZARETH MATRIC HR  SEC SCHOOL, KAMARAJ NAGAR, AVADI",NO: 8 KUMARAN NAGAR EAST KAMARAJ NAGAR AVADI CHENNAI,600071
20107,TIRUVALLUR,Poonamallee,"NAZARETH MATRIC HR SEC SCHOOL TNHB, AVADI.",NO 1 SECTOR II TNHB AVADI CHENNAI,600054
20108,TIRUVALLUR,Poonamallee,"OXFORD MATRICULATION  HR SEC SCHOOL, THIRUNINRAVUR.",No 16  Mandapam Street  Thiruninravur,602024
20109,TIRUVALLUR,Poonamallee,OXFORD MATRICULATION SCHOOL SENNERKUPPAM,6/19 AVADI ROADSENNEERKUPPAM,600056
20110,TIRUVALLUR,Poonamallee,OXFORD PUBLIC SCHOOL,"NSK Nagar, Kosavanpalayam, Thiruninravur",602024
20111,TIRUVALLUR,Poonamallee,PANCHAYAT UNION MIDDLE SCHOOL AGARAMEL,sannadhi street Agaramel,600123
20112,TIRUVALLUR,Poonamallee,PANCHAYAT UNION MIDDLE SCHOOL ANAIKATTUCHERY,THANDURAI MAIN ROADANAIKATTUCHERI,600072
20113,TIRUVALLUR,Poonamallee,PANCHAYAT UNION MIDDLE SCHOOL KAMMAVAR KANDIGAI,Near NH RoadKAMMAVARKANDIGAI,600124
20114,TIRUVALLUR,Poonamallee,PANCHAYAT UNION MIDDLE SCHOOL KAVALCHERY,BAJANAI  KOIL STREET THIRUMANAM ROAD,600072
20115,TIRUVALLUR,Poonamallee,PANCHAYAT UNION MIDDLE SCHOOL KUTHAMBAKKAM,"Big street, Kuthambakkam",600124
20116,TIRUVALLUR,Poonamallee,PANCHAYAT UNION MIDDLE SCHOOL MELMANAMBEDU,PUMS melmanambedumothirambedu,600124
20117,TIRUVALLUR,Poonamallee,PANCHAYAT UNION MIDDLE SCHOOL MEPPUR THANGAL,"V.O.C.STREET, MEPPURTHANGAL",600123
20118,TIRUVALLUR,Poonamallee,PANCHAYAT UNION MIDDLE SCHOOL NADUKUTHAGAI,no 11    pada  salai streetnadukuthagai,602024
20119,TIRUVALLUR,Poonamallee,PANCHAYAT UNION MIDDLE SCHOOL NAZARATHPET,"EVR STREET
opposite to panchayat office, NAZARATHPET",600123
20120,TIRUVALLUR,Poonamallee,PANCHAYAT UNION MIDDLE SCHOOL PAPPANCHATRAM,PADASALAI STREETPAPPANCHATRAM,600123
20121,TIRUVALLUR,Poonamallee,PANCHAYAT UNION MIDDLE SCHOOL PARIVAKKAM,PILLAIYAR KOIL STREET PARIVAKKAM,600056
20122,TIRUVALLUR,Poonamallee,PANCHAYAT UNION MIDDLE SCHOOL PRAYAMBATH,GANDHI STREET PRAYAMBATH THIRUMAZHISAI,600124
20123,TIRUVALLUR,Poonamallee,PANCHAYAT UNION MIDDLE SCHOOL SENEERKUPPAM,school streetSenneerkuppam,600056
20124,TIRUVALLUR,Poonamallee,PANCHAYAT UNION MIDDLE SCHOOL SENEERKUPPAM (NORTH),M M KOVIL STREETSENNEERIKUPPAM(NORTH),600056
20125,TIRUVALLUR,Poonamallee,PANCHAYAT UNION MIDDLE SCHOOL THIRUMANAM,"Panchayat union Middle School Thirumanam, Vayalanallur post",600072
20126,TIRUVALLUR,Poonamallee,PANCHAYAT UNION MIDDLE SCHOOL THIRUMAZHISAI,Tiruvallur High road Thirumazhisai,600124
20127,TIRUVALLUR,Poonamallee,PANCHAYAT UNION MIDDLE SCHOOL VARADHARAJAPURAM,"PADASALAI STREET,VARADHARAJAPURAM PADASALAI STREET, VARADHARAJAPURAM",600123
20128,TIRUVALLUR,Poonamallee,PANCHAYAT UNION MIDDLE SCHOOL VAYALANALLUR,PATTABIRAM MAIN ROAD   VAYALANALLUR,600072
20129,TIRUVALLUR,Poonamallee,PANCHAYAT UNION MIDDLE SCHOOL VEERARAGAVAPURAM,"No;1 PILLAIYAR KOIL ST,Veeraragavapuram.Chennai;600077.",600077
20130,TIRUVALLUR,Poonamallee,"PENGUIN MATRIC HR SEC SCHOOL, AVADI","NO. 6, I st MAIN ROAD, J B ESTATE AVADI, CHENNAI",600054
20131,TIRUVALLUR,Poonamallee,PUSHKARA PUBLIC SCHOOL,"No - 203/9A,IYAPPA NAGAR MAIN ROAD, THIRUVERKADU, CHENNAI",600077
20132,TIRUVALLUR,Poonamallee,"RBS NURSERY AND PRIMARY KONAMBEDU, AVADI",no.3 TONAKELA CAMP ROAD,600077
20133,TIRUVALLUR,Poonamallee,RCM HIGH SCHOOL KARAYANCHAVADI,SCHOOL STREET KARAYANCHAVADI,600056
20134,TIRUVALLUR,Poonamallee,RCM HSS KAMARAJ NAGAR,"No. 8, 4th st, tagore st, Kamaraj Nagar, Avadi",600071
20135,TIRUVALLUR,Poonamallee,"RCM MATRICULATION SCHOOL, KAMARAJ NAGAR, AVADI","NO.8, TAGORE STREET , 4TH STREET , KAMARAJ NAGAR
, AVADI , CHENNAI",600071
20136,TIRUVALLUR,Poonamallee,"RCM MATRICULATION SCHOOL, OLD AGRAHARAM, AVADI",21 old agraharam streetavadi chennai,600054
20137,TIRUVALLUR,Poonamallee,RMK CBSE SCHOOL,"R S M  Nagar Sundaracholapuram, Thiruverkadu, Chennai-600 077",600077
20138,TIRUVALLUR,Poonamallee,ROUNDTABLE 30 VIVEKANANDA VIDYALAYA,MEPPUR SALAIAGARAMEL CHENNAI,600123
20139,TIRUVALLUR,Poonamallee,S.S.CITIZEN SCH,"9TH STREET,THENDRAL NAGAR, GOPALAPURAM, PATTABIRAM",600072
20140,TIRUVALLUR,Poonamallee,SAFA N&P SCHOOL AVADI,"No:1, NM Road, Avadimasjid mubarak",600054
20141,TIRUVALLUR,Poonamallee,SANA MODEL SCHOOL KATTUPAKKAM,"4/122, GOPARASANALLURPOONAMALLEE, KATTUPAKKAM",600056
20142,TIRUVALLUR,Poonamallee,SAROJINI VARADAPPAN GIRLS HIGHER SECONDARY SCHOOL,NO.18 KANDASAMI NAGARPOONAMALLEE,600056
20143,TIRUVALLUR,Poonamallee,"SB VIJAYA REDDIAR MATRIC HR SEC SCHOOL, AVADI",NO 565 CTH ROAD AVADI CHENNAI,600054
20144,TIRUVALLUR,Poonamallee,SHRI.M.A.KRISHNASWAMY MATRICULATION HIGHER SECONDARY SCHOOL.AVADI,"V th Block Avadi\TNHB,Avadi",600054
20145,TIRUVALLUR,Poonamallee,SINDHI MODEL SCHOOL OF EXCELLENCE,"146, Poonamallee High Road, Numbal, Chennai - 600077",600077
20146,TIRUVALLUR,Poonamallee,SPARTAN INTERNATIONAL SCHOOL CHEMBARAMBAKKAM,570 KANNADASAN ST CHEMBARAMBAKKAM,600123
20147,TIRUVALLUR,Poonamallee,"SRI ANNAI VIDYASHARAM, MATRIC HIGHER SECONDARY SCHOOL, THIRUVERKADU.","NO: 20, SUNDARACHOZHAVARAM MAIN RDTHIRUVERKADU, CHENNAI",600077
20148,TIRUVALLUR,Poonamallee,"SRI BUDDHA VIDYA MANDIR MATRIC HR SEC SCHOOL, THIRUMAZHISAI","RAJESHWARI NAGARKAVALCHERY ROAD,THIRUMAZHISAI",600124
20149,TIRUVALLUR,Poonamallee,"SRI CHAITANYA TECHNO SCHOOL, POONAMALLEE","Pattabiram road, sokkanallur, Ponamallee - 600072",600072
20150,TIRUVALLUR,Poonamallee,SRI GURU AKKASAMY VELAMMAL MATRIC HIGHER SECONDARY SCHOOL POONAMALLEE,"19,Srinivasa Nagar , sorancherry",600072
20151,TIRUVALLUR,Poonamallee,SRI KRISHNA MOOLCHAND VIVEKANANDHA VIDYALAYA MHSS THIRUNINRAVUR.,"NACHIYAR CHATRAM, THIRUNINRAVUR",602024
20152,TIRUVALLUR,Poonamallee,SRI RAM VIDHYA MANDIR KOTTAMEDU,kottamedu  main road\kottamedu main road,602024
20153,TIRUVALLUR,Poonamallee,"SRI RAMAKRISHNA MATRIC . HR .SEC .SCHOOL , PATTABIRAM , CH-72","NO:53,SOUTH BAZAAR,THANDURAI,PATTABIRAM,CHENNAI-600072.",600054
20154,TIRUVALLUR,Poonamallee,SRI RANI BAI MATRICULATION SCHOOL POONAMALLEE,"39,vaitheeswaran koil streetpoonamallee",600056
20155,TIRUVALLUR,Poonamallee,SRI SATHYA MATRICULATION SCHOOL POONAMALLEE,"NO : 09 , J.C.N STREETPOONAMALLEE",600056
20156,TIRUVALLUR,Poonamallee,SRI VIDHYA ACADEMY INTERNATIONAL RESIDENCIAL SCHOOL KOLAPPANCHERY,PATTABIRAM MAIN ROADSOKKANALLUR,600072
20157,TIRUVALLUR,Poonamallee,"ST ANTHONY MIDDLE SCH, AVADI",St. Antony'smiddle schoolAvadi,600054
20158,TIRUVALLUR,Poonamallee,"ST CLARET MATRIC HIGHER SECONDARY SCHOOL NADUKUTHAGAI, THIRUNINRAVUR","17, Periyapalayam Road, Thiruninravur.",602024
20159,TIRUVALLUR,Poonamallee,ST JOHNS INTERNATIONAL RESIDENTIAL SCHOOL PAZHANJUR,"Palanjur, Nazarethpet PO Chennai 600123",600123
20160,TIRUVALLUR,Poonamallee,ST JOHN'S MATRICULATION  SCHOOL MELMANAMBEDU,"No.1,vasantham nagarmelmanambedu",600124
20161,TIRUVALLUR,Poonamallee,ST JOSEPH MATRIC HIGHER SECONDARY SCHOOL POONAMALLEE,"22, Muthukumaran NagarPoonamallee, Chennai",600056
20162,TIRUVALLUR,Poonamallee,ST JOSEPH MATRICULATION SCHOOL AVADI,"NO.1, RAMAKRISHNA PARAMAHAMSAR STGANDHI NAGAR, AVADI, CHENNAI",600054
20163,TIRUVALLUR,Poonamallee,"ST PAULS MATRICULATION SCHOOL, AVADI","NO.84, KULAKKARAI STREET\AVADI, CHENNAI.",600054
20164,TIRUVALLUR,Poonamallee,"ST.JOHN'S ACADEMY RESIDENTIAL
MATRICULATION HIGHER SECONDARY SCHOOL,PALANJUR",NAZARETHPET POSTCHENNAI,600123
20165,TIRUVALLUR,Poonamallee,"ST.JOHNS MATRIC HR SEC SCHOOL, LAKSHMIPURAM, THIRUNINRAVUR",SELVARAJ NAGAR THIRUNINRAVUR,602024
20166,TIRUVALLUR,Poonamallee,"ST.THOMAS MATRIC HR SEC SCHOOL, THANDURAI, PATTABIRAM","NO 1, WATERWELL STREETTHANDURAI, PATTABIRAM,CHENNAI",600072
20167,TIRUVALLUR,Poonamallee,SUDHARSANAM VIDYAASHRAM,"POONAMALLEE-AVADI MAIN ROAD, VEERARAGAVAPURAMTHIRUVERKADU",600077
20168,TIRUVALLUR,Poonamallee,SUNDAR MATRIC HIGHER SECONDARY SCHOOL POONAMALLEE,"Sundar nagar\Poonamallee, Chennai",600056
20169,TIRUVALLUR,Poonamallee,"SVT (TELUGU) MIDDLE SCHOOL,KAMARAJ NAGAR","school street, Kamaraj Nagar Avadi",600071
20170,TIRUVALLUR,Poonamallee,SWAMI VIVEKANANDA GURUKULAM PAPPAN CHATRAM,"1116, Ramar Koil StPappanchathiram",600123
20171,TIRUVALLUR,Poonamallee,"TBM MIDDLE SCHOOL ,POONAMALLEE","10,TRUNK ROAD POONAMALLEE",600056
20172,TIRUVALLUR,Poonamallee,"THANGAMANI MATRIC HR SEC SCHOOL, AVADI.","No. 38, I.A.F.ROAD, PATTABIRAM, CHENNAIo. 38, I.A.F.ROAD, PATTABIRAM, CHENNAI",600072
20173,TIRUVALLUR,Poonamallee,THE PUPIL SAVEETHA ECO SCHOOL SENNEERKUPPAM,"?4/68, Thiruverkkadu Road,  Seneerkuppam, Chennai,  Tamil Nadu -Chennai 56",600056
20174,TIRUVALLUR,Poonamallee,The Pupil(International School),162/1 Masilamani nagar poonamalle bye pass road seneerkuppam,
20175,TIRUVALLUR,Poonamallee,"THIRUVALLUVAR MID.SCH, NAMBI NAGAR",nambi nagarpoonamallee,600056
20176,TIRUVALLUR,Poonamallee,"VAILANKANNI  MATRICULATION HIGHER SECONDARY, AVADI.",COLLEGE ROAD\AVADI CHENNAI,600054
20177,TIRUVALLUR,Poonamallee,VELAMMAL ACADEMY,Door no 27/1 govardanagiri paruthipattu avadi,
20178,TIRUVALLUR,Poonamallee,"VELAMMAL MATRIC HR SEC SCHOOL, PARUTHIPATTU,  AVADI","Velammal Avenue ,Avadi-Poonamallee Road Paruthipattu",600071
20179,TIRUVALLUR,Poonamallee,VELAMMAL VIDYALAYA,"VELAMMAL AVENUE , KOLADI ROAD PARUTHIPATTU",600077
20180,TIRUVALLUR,Poonamallee,VELAMMAL VIDYALAYA SENNEERKUPPAM,"Velammal Avenue, Poonamallee bypass road, Senneerkuppam village, Chennai - 56",600056
20181,TIRUVALLUR,Poonamallee,VGN CHINMAYA VIDYALAYA,"SEKKADU MAIN ROAD, SEKKADU, AVADI, CHENNAI",600071
20182,TIRUVALLUR,Poondi,CHENNAI VIDYALAYA MATRICULATION  SCHOOL,"First Main Road, Vivekananda Nagar, Pondavakkam (Village &
Post), Uthukottai (Taluk), Thiruvallur (District)  Pin Code -
c6h0r2i0st2k6ing high school katchur village seethanjerry post uthukottai",602001
20183,TIRUVALLUR,Poondi,"CHRIST KING HIGH SCH, KATCHUR","taluk thiruvallur district christ king high school katchur village sKeAetDhaAnMjerBryApToHsUt uRthMukAoIttNaiRtaOluAkDth,OirLuDvallur district",602026
20184,TIRUVALLUR,Poondi,"Dr.S.Ramakrishnan Memorial CBSE School,Old Thirupachur","TIRUPACHUR,THIRUVALLURKADAMBATHUR MAIN ROAD,OLD TIRUPACHUR,THIRUVALLUR",631203
20185,TIRUVALLUR,Poondi,"GHS , BANGARAMPET",Tool gate ear Collecter office,602001
20186,TIRUVALLUR,Poondi,"GHS , MAMANDUR",Palavakkam P.OUthukottai T.K.,602028
20187,TIRUVALLUR,Poondi,"GHS , PLACEPALAYAM",PLACEPALAYAMTHIRUVALLUR,602023
20188,TIRUVALLUR,Poondi,"GHS , THOMUR",THOMUR\RAMANJERI,631204
20189,TIRUVALLUR,Poondi,"GHS, SENDRAYANPALAYAM","SENDRAYANPALAYAM VILLAGE AND POST, POONDI
BLOCK, THIRUVALLUR - 602 023. THIRUVALLUR DISTRICT.",602023
20190,TIRUVALLUR,Poondi,"GHS,ALLIKUZHI","GOVERNMENT HIGH SCHOOL, ALLIKUZHI. POONDI BLOCK.",602023
20191,TIRUVALLUR,Poondi,"GHS,RAMATHANDALAM",GOVT. HIGH SCHOOL\RAMATHANDALAM,602021
20192,TIRUVALLUR,Poondi,"GHS,SATHURANGAPET",GHS SADURANGAPETTAIPOONDI BLOCK,602023
20193,TIRUVALLUR,Poondi,"GHS,THIRUPACHUR",SIVAN KOIL STTHIRUPACHUR,631203
20194,TIRUVALLUR,Poondi,"GOVT HIGH SCH, GOONIPALAYAM",UTHUKOTTAI TALUKTHIRUVALLUR DT,602026
20195,TIRUVALLUR,Poondi,"GOVT HIGH SCH, MAMBAKKAM",Govt.High SchoolMambakkam,602026
20196,TIRUVALLUR,Poondi,"GOVT HIGH SCH, PATTRAI P.PUDUR",pattarai perumbudurtiruvallur taluk,631203
20197,TIRUVALLUR,Poondi,"GOVT HIGHER SEC SCH, MEYYUR",GOVT.HR.SEC.SCHOOLMEYYUR(PO)VENGAL(VIA),601103
20198,TIRUVALLUR,Poondi,"GOVT HR SEC SCH, PENNALURPET",Government higher secondary schoolPennalurpettai,602026
20199,TIRUVALLUR,Poondi,"GOVT HR SEC SCH, POONDI VILLAG",Tamilnadu\india,602023
20200,TIRUVALLUR,Poondi,GOVT HR SEC SCHOOL PONDAVAKKAM,"PONDAVAKKAM VILL& POST,
UTHUKOTTAI TK,Thiruvallur district",602026
20201,TIRUVALLUR,Poondi,"GOVT HSS, SEETHANJERI",BAZAR ROADSEETHANJERI,602026
20202,TIRUVALLUR,Poondi,JAI MARUTHI VIDHYALAYA MATRIC SCHOOL,No. 2 College RoadNew Thirupasur,631203
20203,TIRUVALLUR,Poondi,"PUMS, ANANTHERI",new ananderiananderi post,602026
20204,TIRUVALLUR,Poondi,"PUMS, ATTRAMPAKKAM",ATTRAMBAKKAMUTHUKOTTAI TK,602023
20205,TIRUVALLUR,Poondi,"PUMS, BEEMANTHOPU",PUMS BEEMANTHOPPUNEYVELI POST,602023
20206,TIRUVALLUR,Poondi,"PUMS, KUNNAVALAM",KUNNAVALAMKUNNAVALAM,631210
20207,TIRUVALLUR,Poondi,"PUMS, MANJAKUPPAM","MANJAKUPPA VILLAGE
PATTARI PERUMANDHUR POST THIRUVALLUR",631203
20208,TIRUVALLUR,Poondi,"PUMS, MONNAVEDU",monnavedumonnavedu post,602021
20209,TIRUVALLUR,Poondi,"PUMS, NAMBAKKAM","PUMS NAMBAKKAM
NAMBAKKAM VILLAGE POONDI VIA",602023
20210,TIRUVALLUR,Poondi,"PUMS, NELVOY",NelvoyUthukotai tk,602023
20211,TIRUVALLUR,Poondi,"PUMS, ODAPPAI","Odappai, (Vg & post)Poondi  (Via)",602023
20212,TIRUVALLUR,Poondi,"PUMS, RAMANJERI",POONDI MAIN ROADramanjeri village and post,631204
20213,TIRUVALLUR,Poondi,"PUMS, TB PURAM",THIMMABOOPALAPURAMTHIRUVALLUR DIST,602023
20214,TIRUVALLUR,Poondi,"PUMS, VELLATHUKOTTAI",REDDY STREET\VELLATHUKOTTAI (VILL &PO) UTHUKOTTAI (TK) THIRUVALLUR (DT),602023
20215,TIRUVALLUR,Poondi,QALAM INTERNATIONAL MATRICULATION HIGHER SECONDARY SCHOOL,qalam nagarsendrayanpalayam post,602023
20216,TIRUVALLUR,Poondi,SHREE NIKETAN PATASALA,VedanginallurThirupatchur (Post),631203
20217,TIRUVALLUR,Poondi,"SRI NARAYANA MATRICULATION SCHOOL , KOLUNDHALUR",Kolundhalur,
20218,TIRUVALLUR,Poondi,ST.XAVIERS MATRICULATION SCHOOL,katchur village,602026
20219,TIRUVALLUR,Poondi,"TELC HR SEC SCH, PANDUR VIL",PANDUR VILLAGEPANDUR,631203
20220,TIRUVALLUR,Poondi,VIVEKANANDA VISION SCHOOL,"KATCHUR VILL , SEETHANJERI POST, UTHUKOTTAI TALUK, THIRUVALLUR DIST",602026
20221,TIRUVALLUR,Puzhal,"Dr. SIVANTHI ADITHANAR GIRLS HIGHER SECONDARY SCHOOL, MANALI , CHENNAI- 68","11/10,Kamarajar streetPeriyathoppu,Manali,Chennai",600068
20222,TIRUVALLUR,Puzhal,KATHIVAKKAMMUNICIPAL MIDDLESCHOOL NETTUKUPPAM,"NETTUKUPPAM MAINROADETTUKUPPAM, ENNORE, CHENNAI-57",600057
20223,TIRUVALLUR,Puzhal,ANBALAYA CWSN SCHOOL,"67/4/6, village streetThiruvottiur",600019
20224,TIRUVALLUR,Puzhal,KUMARAN CWSN,"NO:24, 7TH ST. KOTHARI ROAD, KAMARAJ NAGAR, ENNORE",600057
20225,TIRUVALLUR,Puzhal,ACHARYA MAHASHRAMAN TERAPANTH JAIN PUBLIC SCHOOL,"57 & 58 / 1, THATTANKULAM ROAD, MADHAVARAM,
CHENNAI - 600 060",600060
20226,TIRUVALLUR,Puzhal,"ADW (B) HSS, VADAKARAI",MH ROADSCHOOL ROAD,600052
20227,TIRUVALLUR,Puzhal,"ADW (G) HSS, VADAKARAI","GOVT ADW GIRLS HR. SEC. SCHOOL , VADAGARAICHENNAI",600052
20228,TIRUVALLUR,Puzhal,"ADW MS, VILANGADUPAKKAM",BIG STREETVILANGADUPAKKAM,600052
20229,TIRUVALLUR,Puzhal,"AUXILIUM MATRICULATION SCHOOL,
,THIRUVOTRIYUR",389 TH ROADThiruvottiyur,600019
20230,TIRUVALLUR,Puzhal,AYISHA MATRICULATION SCHOOL,"no,8, bajanai koil lane,redhills, chennaino,8, bajanai koil lane,redhills, chennai",600052
20231,TIRUVALLUR,Puzhal,"BOSCO ACADEMY MAT HSS, MADHAVARAM",174 M H ROADMADHAVARAM,600060
20232,TIRUVALLUR,Puzhal,"DEIVA SIGAMANI MIDDLE SCHOOL, , KALADIPET, THIRUVOTTIYUR","7, SANNATHI STREET,KALADIPET, THIRUVOTTIYUR, CHENNAI",600019
20233,TIRUVALLUR,Puzhal,DHARAM HINDUJA MATRIC HSS,"19, POONTHOTTAM STREETTHIRUVOTTIYUR",600019
20234,TIRUVALLUR,Puzhal,Don Bosco Matriculation Higher secondary school,"PB No.3, WISDOM TOWN, GRAND LYONREDHILLS, CHENNAI",600052
20235,TIRUVALLUR,Puzhal,"DR SIVANTHI ADITANAR MATRIC.HR.SEC.SCHOOL,  PUZHAL","G N T ROADTHANDAL KAZHINI, PUZHAL",600066
20236,TIRUVALLUR,Puzhal,EVERWIN VIDHYASHRAM,"R-108,II Main Road,Mathur MMDA,Chennai",600068
20237,TIRUVALLUR,Puzhal,"FATHER JESUS, THIRUVOTRIYUR WARD 44",THIRUVOTTIYURCHENNAI,600019
20238,TIRUVALLUR,Puzhal,"GHS, CHINNA SEKKADU","DEVARAJAN STREET, CHINNASEKKADU, CHENNAI.",600068
20239,TIRUVALLUR,Puzhal,"GHS, KANNAPPASAMY NAGAR",6th streetkannappasa y nagar,600066
20240,TIRUVALLUR,Puzhal,"GHS, MATHUR","3rd MAIN ROAD, MMDAMATHUR, CHENNAI",600068
20241,TIRUVALLUR,Puzhal,"GODSON MATRICULATION HSS , SURAPET","No.6, Surapet Main Road,Thirumal Nagar, Chennai",600099
20242,TIRUVALLUR,Puzhal,GODSON PUBLIC SCHOOL,"6, Surapet Main Road, Thirumal Nagar,Vinayagapuram, chennai- 99",600099
20243,TIRUVALLUR,Puzhal,"GOVERNMENT HIGH SCHOOL, KATHIRVEDU",KATHIRVEDUPUZHAL,600066
20244,TIRUVALLUR,Puzhal,"GOVT (B) HSS, NARAVARIKUPPAM",BHARATHIYAR STREETREDHILLS  CHENNAI,600052
20245,TIRUVALLUR,Puzhal,"GOVT (G) HSS, NARAVARIKUPPAM",P W D OFFICE STREETPANAYATHAMMAN KOIL STREET,600052
20246,TIRUVALLUR,Puzhal,"GOVT GIRLS HIGH SCHOOL, SATHANGADU","GOVT GIRLS HIGH SCHOOLSATHANGADU, THIRUVOTRIYUR",600019
20247,TIRUVALLUR,Puzhal,"GOVT HIGH SCHOOL, A.S.NAGAR","ANNAISIVAGAMI NAGAR, ENNORE, CHENNAI",600057
20248,TIRUVALLUR,Puzhal,"GOVT HSS, KATHIVAKKAM","KATHIVAKKAM,ENNORECHENNAI",600057
20249,TIRUVALLUR,Puzhal,"GOVT HSS, MANALI",1 SCHOOL ST MANALI,600068
20250,TIRUVALLUR,Puzhal,"GREENFIELD CHENNAI INTERNATIONAL SCHOOL,",1313/1a 200ft roadinnerring road,600110
20251,TIRUVALLUR,Puzhal,"HOLY CHILD MATRIC HR SEC SCHOOL,REDHILLS","Naravarikuppam, Redhills, Chennai",600052
20252,TIRUVALLUR,Puzhal,"HOLY CROSS MATRIC HIGHER SECONDARY SCHOOL, THIRUVOTRIYUR","No; 18, 4th street, rajashanmugam nagar,Thiruvottiyur, chennai",600019
20253,TIRUVALLUR,Puzhal,"ILAHI MATRICULATION HIGH SCHOOL,REDHILLS","124, tT.V.K ST. REDHILLS124, tT.V.K ST. REDHILLS",600052
20254,TIRUVALLUR,Puzhal,"IMMANUVEL MS, SURAPET","No 5 Veeraragavalu Nagar EXTN, Surapet Main RoadVinayagapuram, Chennai",600099
20255,TIRUVALLUR,Puzhal,"INFANT JESUS MATRIC HR.SEC SCHOOL,LAKSHMIPURAM,KOLATHUR","91, VIVEKANANDA STREETNEW LAKSHMIPURAM, KOLATHUR",600099
20256,TIRUVALLUR,Puzhal,"J.G.CARODIA GOVT HSS, MADHAVARAM",Mandaveli main road\MADHAVARAM,600060
20257,TIRUVALLUR,Puzhal,JAI GOPAL CARODIA HSS THIRUVOTRIYUR,TH ROAD THIRUVOTRIYUR\CHENNAI,600019
20258,TIRUVALLUR,Puzhal,"JAIN VIDYAASHRAM, PUZHAL","NO.150 OTHAWADAI STREET,PUZHAL",600066
20259,TIRUVALLUR,Puzhal,"KAVI BHARATHI VID, THIRUVOTRIYUR 40","792/665T.H. Road, Thiruvottiyur",600019
20260,TIRUVALLUR,Puzhal,"KINGS MATRIC SCHOOL, LAKSHMIPURAM","No 85, villivakkam road kalpalayam, kolathur",600099
20261,TIRUVALLUR,Puzhal,MAHARISHI VIDYA MANDIR,"665,SOUNDARAPANDIYAN NAGAR, THIRUVOTTIYUR, CHENNAI-19",600019
20262,TIRUVALLUR,Puzhal,"MALLIKARJUNA MATRICS, THIRUVOTRIYUR","no.45 ,railway station roadthiruvottiyur",600019
20263,TIRUVALLUR,Puzhal,"MANIYAMMAI MATRIC SCHOOL, P.MEDU","33 devaki nagarmajestic colony, ponniamman medu",600110
20264,TIRUVALLUR,Puzhal,"MHS, ERNAVUR",ERNEESWARAN KOIL STREETERNAVOOR,600057
20265,TIRUVALLUR,Puzhal,"MUN HIGH SCHOOL, KALADIPET",MARKET LANEKALADIPET,600019
20266,TIRUVALLUR,Puzhal,"MUN HSS, LAKSHMIPURAM","MPL HR SEC SCHOOL, BHARATHIYAR STREETLAKSHMIPURAM, CHENNAI 99",600099
20267,TIRUVALLUR,Puzhal,"MUN MIDDLE SCHOOL, NEHRU NAGAR","ELLAIAMMAN KOIL STREET, NEHRU NAGARENNORE",600057
20268,TIRUVALLUR,Puzhal,"MUN. MIDDLE SCHOOL, KATHIVAKKAM","Kathivakkam Municpal Middle School, Kathivakkam  K.H road Kathivakkam Ennore",600057
20269,TIRUVALLUR,Puzhal,"MUN. MIDDLE SCHOOL, MILK COLONY, MADHAVARAM","Madhavaram Municipal Middle School,Madhavaram Milk Colony,Chennai-51.",600051
20270,TIRUVALLUR,Puzhal,"MUN.MS,TSM NAGAR","2ND STREET,THIYAGI SATHYA MOORTHY NAGARTHIRUVOTTIYUR,CHENNAI",600019
20271,TIRUVALLUR,Puzhal,"MUNICIPAL MIDDLE SCHOOL,  ALL INDIA RADIO NAGAR, ENNORE","TSUNAMI QUARTERS, A.I.R. NAGAR,ERNAVOOR,CHENNAI",600057
20272,TIRUVALLUR,Puzhal,"MUNICIPAL MIDDLE SCHOOL,RAMANATHAPURAM",THIRUVOTTRIYUR MUNICIPAL MIDDLE SCHOOLRAMANATHAPURAM,600019
20273,TIRUVALLUR,Puzhal,MUNICIPAL. MIDDLE SCHOOL THIRUVOTRIYUR WEST,"SANNADHI STREET, THERADITHIRUVOTTIYUR,CHENNAI",600019
20274,TIRUVALLUR,Puzhal,"NATIONAL LOTUS MATRIC HR.SEC SCHOOL,REDHILLS","Muthuramalingam streetKamaraj Nagar,Pudhu Nagar",600052
20275,TIRUVALLUR,Puzhal,NAVA JYOTHI  VIDYALAYA MATRIC.HR.SEC.SCHOOL.,"56/22ABRINDAVAN NAGAR, ERNAVOOR,",600057
20276,TIRUVALLUR,Puzhal,"NEHRU MATRIC, HSC, THIRUVOTRIYUR","10, ANNA STREET, T.S.R NAGAR, THIRUVOTTIYUR",600019
20277,TIRUVALLUR,Puzhal,Olive Tree Global School,,
20278,TIRUVALLUR,Puzhal,"OUR LADY HSS, THIRUVOTRIYUR WARD 22","955,TH ROAD,THIRUVOTTIYUR",600019
20279,TIRUVALLUR,Puzhal,OUR LADY SCHOOL OF EXCELLENCE,"OUR LADY SCHOOL OF EXCELLENCE NO.955, T. H. ROAD, THIRUVOTTIYUR, CHENNAI -600019",600019
20280,TIRUVALLUR,Puzhal,"PADMA SEENIVASAN MEMORIAL VIDYALAYA MATRICULATION HIGH SCHOOL, MADHAVARAM",NO 8 BHAVANI NAGARLAKSHMIPURAM,600099
20281,TIRUVALLUR,Puzhal,PADMASHREE  SCHOOL,Vanasakthi Nagar KolathurChennai,600099
20282,TIRUVALLUR,Puzhal,"PANCHAYAT UNION MIDDLE SCHOOL, ALINJIVAKKAM","THIRUVALLUR STREET, VADAGARAI POST ALINJIVAKKAM, REDHILLS, CHENNAI",600052
20283,TIRUVALLUR,Puzhal,"PANCHAYAT UNION MIDDLE SCHOOL, MANJAMPAKKAM","KAMARAJAR SALAI ,MANJAMBAKKAM,CHENNAI",600060
20284,TIRUVALLUR,Puzhal,"PANCHAYAT UNION MIDDLE SCHOOL, PUZHAL",NO 8 GANDHI MAIN ROAD PUZHAL CHENNAI,600066
20285,TIRUVALLUR,Puzhal,"PANCHAYAT UNION MIDDLE SCHOOL, SURAPET","SURAPATTU, PUZHAL  , CHENNAI",600066
20286,TIRUVALLUR,Puzhal,"PANCHAYATH UNION MIDDLE SCHOOL , MURUGAMPEDU",PANCHAYAT UNION MIDDLE SCHOOLMURUGAMBEDU,600099
20287,TIRUVALLUR,Puzhal,"PNECT KAMARAJ MATRIC SCHOOL, MADHAVARAM WARD 22",#2 KAMARAI SCHOOL ROADTHANIKACHALAM NAGAR,600110
20288,TIRUVALLUR,Puzhal,"POPPILIRAJA GOVT HSS, PUZHAL","REDHILLS-AMBATHUR RDCAMP, PUZHAL",600066
20289,TIRUVALLUR,Puzhal,PRIM BUDS GARDEN,,
20290,TIRUVALLUR,Puzhal,"PUMS, ANDARKUPPAM","opp to Toshiba company,Andarkuppamchennai",600103
20291,TIRUVALLUR,Puzhal,"PUMS, KOSAPUR",schooistreet.kosapurchennai,600060
20292,TIRUVALLUR,Puzhal,"PUMS, SADAYANKUPPAM","SADAYANKUPPAM MAIN ROAD,SADAYANKUPPAM",600103
20293,TIRUVALLUR,Puzhal,"PUMS, SANMUGAPURAM","6th Street,Bharathidasan nagarShanmugapuram , Chennai",600099
20294,TIRUVALLUR,Puzhal,"RAGHUPATHY RAJA MS, THIRUVOTRIYUR",ANJUGAM NAGARTHIRUVOTTIYUR,600019
20295,TIRUVALLUR,Puzhal,"RAMAKRISHNA MATRIC, S, SATHANK","NO-66/20, METTU STREET, SATHUMANAGAR,
THIRUVOTTRIYUR, CHENNAI.no 3 mettu street",600019
20296,TIRUVALLUR,Puzhal,"REDEEMER MATRIC, THIRUVOTRIYUR",THIRUVOTTIYURCHENNAI,600019
20297,TIRUVALLUR,Puzhal,REVOOR PADMANABHA CHETTY'S MATRIC HIGHER SECONDARY SCHOOL,"NO.82 T.H ROAD,KALADIPET,CHENNAI-19",600019
20298,TIRUVALLUR,Puzhal,RUKMANI VIDYALAYA MATRIC HIGHER SECONDARY SCHOOL.,"NO.153 ,8TH STREETSHANMUGAPURAM ,THIRVOTTIYUR",600019
20299,TIRUVALLUR,Puzhal,S.S.S.M ETPS MATRIC SCHOOL,"ETPS CAMP-1  Ennore, Chennai",600057
20300,TIRUVALLUR,Puzhal,"SAGAYA MATHA MATRIC, R.K.NAGAR","41,4TH STREET, RAMAKRISHNA NAGARENNORE BEACH ROAD, CHENNAI",600057
20301,TIRUVALLUR,Puzhal,"SAKAYA MATHA HS, A.S.NAGAR","6th streetAnnai Sivagami Nagar, Ennore.",600057
20302,TIRUVALLUR,Puzhal,"SARATHI SARASWATHI MHSS, MATHUR","43/3, Alamaram Street,Chinna Mathur, Manali, Chennai",600068
20303,TIRUVALLUR,Puzhal,"SKP VIV VID, MADHAVARAM WARD 3","19, PERUMAL KOIL STREET PERIYASEKKADU,MMC,CHENNAI 600051",600051
20304,TIRUVALLUR,Puzhal,SMT MOHINI SARAOGI VIVEKANANDA VIDYALAYA,"4th Street, Jothi NagarThiruvottiyur",600019
20305,TIRUVALLUR,Puzhal,"SR PARTHASARATHY N & P, WARD 6 KATHIVAKKAM","59/1 Ellaiamman Koil StreetEnnore, Chennai",600057
20306,TIRUVALLUR,Puzhal,"SRF VIDYALAYA MATRICULTION SCHOOL, MANALI","63, Bharathiyar street, manali industrial area, manali",600068
20307,TIRUVALLUR,Puzhal,SRI CHAITANYA TECHNO SCHOOL (CBSE),"Madhavaram, Chennai, Tamil Nadu 600031",600089
20308,TIRUVALLUR,Puzhal,"SRI K.C.TOSHNIWAL VIVEKANANDA VIDYALAYA, PERIYA MATHUR","177,Perumal Koil Street\Periya Mathur",600068
20309,TIRUVALLUR,Puzhal,"SRI MAHAVEER JAIN HIGHER SECONDARY SCHOOL , THIRUVOTRIYUR","770.t h road,thiruvottiyur,chennai",600019
20310,TIRUVALLUR,Puzhal,"SRI RAMDAYAL KHEMKA VV, THIRUVOTRIYUR","9, ELLAIAMMAN KOIL STREET,THIRUVOTTIYUR, CHENNAI",600019
20311,TIRUVALLUR,Puzhal,SRI SAKTHI MATRICULATION SCHOOL,"SARANGAPANI NAGAR MAIN ROAD MADHAVARAM,",600060
20312,TIRUVALLUR,Puzhal,SRI SANKARA VIDYA KENDRA MATRIC HR.SEC.SCHOOL THIRUVOTTIYUR,"NO.789, T.H.ROADTHIRUVOTTIYUR, CHENNAI",600019
20313,TIRUVALLUR,Puzhal,SRI SATHYA SAI VIDYA VIHAR,"NO:101,KCP ROAD,THIRUVOTTIYUR,CHENNAI",600019
20314,TIRUVALLUR,Puzhal,SRI SATHYA SAI VIDYALA MATRIC SCHOOL,"SAI SUDHAN,NO.3 ADABAI GARDEN,THIRUVOTTIYUR",600019
