S NO,DISTRICT,BLOCK NAME,SCHOOL NAME,SCHOOL ADDRESS,PINCODE
8416,KRISHNAGIRI,Kaveripatinam,GHS KALVEHALLI,KALVEHALLIKALVEHALLI,635102
8417,KRISHNAGIRI,Kaveripatinam,GHS KARAGUR,GOVERNMENT HIGH SCHOOL KARAGUR,635111
8418,KRISHNAGIRI,Kaveripatinam,GHS KOORAMPATTI,"GOVT HIGH SCHOOL KOORAMPATTI
MALAIYANDAHALLI POKAVERIPATTINAM VIA KRISHNAGIRI TK DT",635112
8419,KRISHNAGIRI,Kaveripatinam,GHS METTUPULIYUR,JINGALKATHIRAMPATTI POPOCHAMPALLI TK,635201
8420,KRISHNAGIRI,Kaveripatinam,GHS NATTANMAIKOTTAI,"GOVERNMENT HIGH SCHOOL
,NATTANMAIKOTTAISUNDEKUPPAM (PO) KRISHNAGIRI",635101
8421,KRISHNAGIRI,Kaveripatinam,GHS PERIYAKARADIYUR,PERIYAKARADIYUR VILL & PO POCHAMPALLI TK KRISHNAGIRI DT,635206
8422,KRISHNAGIRI,Kaveripatinam,GHS SOBANUR,THATRAHALLI PO\PANNANDUR VIA KRISHNAGIRI DT,635123
8423,KRISHNAGIRI,Kaveripatinam,GHS THIMMAPURAM,"THIMMAPURAM, THIMMAPURAM,PIN 635112 - 33311110202KAVERIPATTINAM",635112
8424,KRISHNAGIRI,Kaveripatinam,GHS THOPPUR,DAMODARAHALLI                    THOAPPUR,635123
8425,KRISHNAGIRI,Kaveripatinam,GHS VADAMANGALAM,"Vadamangalam po.Pochampalli Tk\Krishnagiri DT,635123",635123
8426,KRISHNAGIRI,Kaveripatinam,GHS VILANGAMUDI,"GHS VILANGAMUDI,POCHAMPALLI TK, KRISHNAGIRI
DTGHS VILANGAMUDI,POCHAMPALLI TK, KRISHNAGIRI DT",635204
8427,KRISHNAGIRI,Kaveripatinam,GHSS AGARAM,AGARAM(PO)POCHAMPALLI (TK),635204
8428,KRISHNAGIRI,Kaveripatinam,GHSS BARUR,"BARUR PO,POCHAMPALLI  TK,KRISHNAGIRI DT-PIN 635201",635201
8429,KRISHNAGIRI,Kaveripatinam,GHSS MORANAHALLI,CHAPARTHI POKRISHNAGIRI (TK AND DT),635106
8430,KRISHNAGIRI,Kaveripatinam,GHSS NADUPAIYUR,"nadupaiyur,PAIYUR, KAVERIPATTINAM KRISHNAGIRI DT",635112
8431,KRISHNAGIRI,Kaveripatinam,GHSS NEDUNGAL,NEDUNGALKRISHNAGIRI,635112
8432,KRISHNAGIRI,Kaveripatinam,GHSS RAMAPURAM,GOVT HR SEC SCHOOLRAMAPURAM,635112
8433,KRISHNAGIRI,Kaveripatinam,GHSS VELAMPATTI,"GOVT HIGHER SECONDARY SCHOOL, \ VELAMPATTI & POST",635204
8434,KRISHNAGIRI,Kaveripatinam,GHSS-BOYS  KAVERIPATTINAM,SALEM MAIN ROADKAVERIPATTINAM,635112
8435,KRISHNAGIRI,Kaveripatinam,GHSS-GIRLS  KAVERIPATTINAM,"ANNA NAGAR, KAVERIPATTINAM",635112
8436,KRISHNAGIRI,Kaveripatinam,GHSS-GIRLS  NAGARASAMPATTI,NAGARASAMPATTIPOCHAMPALLI,635204
8437,KRISHNAGIRI,Kaveripatinam,GOPI KRISHNA MATRICULATION HR.SEC SCHOOL DASAMPATTI,DHASAMPATTI\MITTAHALLI,635112
8438,KRISHNAGIRI,Kaveripatinam,GOPI KRISHNA'S MATRICULATION SCHOOL,Indira nagarkarukkanchavadi,635112
8439,KRISHNAGIRI,Kaveripatinam,"GOVT.GIRLS HS, ARASAMPATTI",Pochampalli(T.k)\krishnagiri(Dt),635201
8440,KRISHNAGIRI,Kaveripatinam,GREEN VALLEY  INTERNATIONAL MATRIC HIGHER SECONDARY SCHOOL - PANNANDUR,"1/24A PANNANDUR , POCHAMPALLI ,KRISHNAGIRI-
635123",635123
8441,KRISHNAGIRI,Kaveripatinam,KS MILLENNIUM MATRICULATION SCHOOL,ARASAMPATTI\POCHAMPALLI,635201
8442,KRISHNAGIRI,Kaveripatinam,MUTHAMIZH GHSS ARASAMPATTI,thirupathur main road\bendrahalli,635201
8443,KRISHNAGIRI,Kaveripatinam,NATIONAL HSS VARATTAMPATTI,"Varattampatti, Kathiripuram Post",635112
8444,KRISHNAGIRI,Kaveripatinam,NATIONAL MATRICULATION SCHOOL - PAIYUR,"NH-7 SALEM MAIN ROAD,PAIYUR VILLAGE AND
POST,KAVERIPATTINAM BLOCK,KRISHNAGIRI TALUK
AVNARDADTITSTARMICPATTTI VILL",635112
8445,KRISHNAGIRI,Kaveripatinam,NATIONAL MS VARATTAMPATTI,KADHIRIPURAM PO KAVERIPATTINAM-635112,635112
8446,KRISHNAGIRI,Kaveripatinam,PBA GHS-GIRLS  PANNANDUR,"PANNANDUR  (PO), POCHAMPALLI  (TK), KRISHNAGIRI (DT)",635123
8447,KRISHNAGIRI,Kaveripatinam,PDB GHSS PANNANDUR,PDB GHSS PANNANDURPOCHAMPALLI TK,635123
8448,KRISHNAGIRI,Kaveripatinam,"PR GHSS-BOYS, NAGARASAMPATTI","NagojanahalliPochampalli TK , Krishnagiri DT",635204
8449,KRISHNAGIRI,Kaveripatinam,PUMS BENDARHALLI,PUMS BENDARAHALLI POST AND VILLAGE ARASAMPATTI\POCHAMPALLI TALUK KRISHNAGIRI DT,635201
8450,KRISHNAGIRI,Kaveripatinam,PUMS BERUHALLI,"BERUHALLI VII,NAGARASAMPATTI POPOCHAMPALLI- TK",635204
8451,KRISHNAGIRI,Kaveripatinam,PUMS DEVARMUKKULAM,"devermookulam(po), PIN 635111.",635111
8452,KRISHNAGIRI,Kaveripatinam,PUMS K.MOTTUR,kurumpatti poK R P DAM [via],635112
8453,KRISHNAGIRI,Kaveripatinam,PUMS KAVERIPATTINAM URUDU,"panchayat union urdu middle schoolsalem main road,kaveripattinam",635112
8454,KRISHNAGIRI,Kaveripatinam,PUMS KEELKUPPAM,keelkuppam vill barur postpochampalli tk krishnagiri dt,635201
8455,KRISHNAGIRI,Kaveripatinam,PUMS MANI NAGAR,SUNDEKUPPAM MANINAGAR SUNDEKUPPAM MANINAGAR,635101
8456,KRISHNAGIRI,Kaveripatinam,PUMS MARICHETTIHALLI,"MARICHETTIHALLI- PO,NAGARASAMPATTI- VIAKRISHNAGIRI- TK & DT",635204
8457,KRISHNAGIRI,Kaveripatinam,PUMS MITTAHALLI,mittahalli\kaveripattinam post,635112
8458,KRISHNAGIRI,Kaveripatinam,PUMS N.THATTAKKAL,MALUVARAYAN STREET.THATTAKKAL,635204
8459,KRISHNAGIRI,Kaveripatinam,PUMS NARIMEDU,NARIMEDU VILL\KAVERIPATTINMA POST,635112
8460,KRISHNAGIRI,Kaveripatinam,PUMS PENNESWARAMADAM,P.U.M.SCHOOLPENNESWARAMADAM,635112
8461,KRISHNAGIRI,Kaveripatinam,PUMS POTHAPURAM,POTHAPURAM\ERRAHALLI,635112
8462,KRISHNAGIRI,Kaveripatinam,PUMS PULIYAMPATTI,"P.U.M.SCHOOL, PULIYAMPATTI [VILLAGE]PAPARAPPATTI [POST]",635123
8463,KRISHNAGIRI,Kaveripatinam,PUMS PULIYAMPATTI,"P.U.M.SCHOOL, PULIYAMPATTI [VILLAGE] PAPARAPPATTI [POST]",
8464,KRISHNAGIRI,Kaveripatinam,PUMS SATHINAICKANPATTI,"PUMS SATHINAICKANPATTI DHAMODARAHALLI POST
POCHAMPALLI TKPUMS SATHINAICKANPATTI DHAMODARAHALLI POST POCHAMPALLI TK",635123
8465,KRISHNAGIRI,Kaveripatinam,PUMS SAVALOOR,SANTHPURAM SAVULUR VILLAGESANTHPURAM SAVULUR VILLAGE,635112
8466,KRISHNAGIRI,Kaveripatinam,PUMS THALIHALLI,"PUMSCHOOL, THALIHALLIKAVERIPATTINAM PO, KRISHNAGIRI DISTRICT",635112
8467,KRISHNAGIRI,Kaveripatinam,PUMS THERPATTI,4th WARD THERPATTY4th WARD THERPATTY,635112
8468,KRISHNAGIRI,Kaveripatinam,PUMS VEERAMALAI,veeramalai village and postpochampalli taluk,635204
8469,KRISHNAGIRI,Kaveripatinam,RICH MAAN MATRICULATION SCHOOL,"KARUKKUANSAVADI, KAVERIPATTINAM",635112
8470,KRISHNAGIRI,Kaveripatinam,"ROYAL MATRIC HR SEC SCHOOL, ARS NAGAR,KAVERIPATTINAM","3/245, A.R.S NAGAR FIRST CROSSKAVERIPATTINAM, KRISHNAGIRI",635112
8471,KRISHNAGIRI,Kaveripatinam,SRI RAJARAJESWARI VIDHYALAYA MATRIC SCHOOL,TAPOVANAM\KAVERIPATTINAM,635112
8472,KRISHNAGIRI,Kaveripatinam,SRI RAMAKRISHNA MATRIC HSS ARASAMPATTI,ARASAMPATTI VILL&PO POCHAMPALLI TK KRISHNAGIRI DT,635201
8473,KRISHNAGIRI,Kaveripatinam,"SRI VINAYAGA VIDYALAYA MATRIC. SCHOOL, KALKUTTAPATTI",KALGUDDAPATTI\ERASEEGALAHALLI(PO),635106
8474,KRISHNAGIRI,Kaveripatinam,THIRU ARUT PRAKASHA MHSS,5/236A GANDHI NAGAR THIMMAPURAM POST,635112
8475,KRISHNAGIRI,Kelamangalam,ETERNAL LIGHT MATRIC.HSS,THAKKALI MANIRAYAKOTTAI,635116
8476,KRISHNAGIRI,Kelamangalam,ETERNAL LIGHT PUBLIC SCHOOL,"TVK NAGAR, DODDATHIMMNAHALLI POST",635116
8477,KRISHNAGIRI,Kelamangalam,GHS ALASATTY TELUGU,"ARASUKUPPAM POST,DENKANIKOTTAI TKKRISHNAGIRI",635107
8478,KRISHNAGIRI,Kelamangalam,GHS BAIRAMANGALAM,"GOVT. HIGH SCHOOL BAIRMANGALAM,
BAIRAMANGALAM(PO),KELAMANGALAM BLOCK, DENKANIKOTTAI(TK), KRISHNAGIRI(DT).",635113
8479,KRISHNAGIRI,Kelamangalam,GHS BETTAMUGILALAM,GHS BETTAMUGILALAMDENKANIKOTTAI,636806
8480,KRISHNAGIRI,Kelamangalam,GHS BEVANATHAM,PACHAPPANATTI POSTKELAMANGALAM,635113
8481,KRISHNAGIRI,Kelamangalam,GHS BOMMATHATHANUR,BOMMATHATHANURBOMMATHATHANUR VIL PO,635113
8482,KRISHNAGIRI,Kelamangalam,GHS D RATHINAGIRI,THADIKKAL PO.DENKANIKOTTAI TK,635107
8483,KRISHNAGIRI,Kelamangalam,GHS D.T.DINNUR,D. T DINNUR VILLDODDATHIMMANAHALLI P.O,635116
8484,KRISHNAGIRI,Kelamangalam,GHS DODDABELLUR TELUGU,DODDABELURDENKANIKOTTAI(TK),635113
8485,KRISHNAGIRI,Kelamangalam,GHS KOPPAKARAI,main roadsoolagiri main road,635116
8486,KRISHNAGIRI,Kelamangalam,GHS KUNDUMARANAPALLI,Kelamangalam viaHosur main road,635113
8487,KRISHNAGIRI,Kelamangalam,GHS LINGEGOWNDAHALLI,LINGEGOWNDANAHALLILINGEGOWNDANAHALLI,635116
8488,KRISHNAGIRI,Kelamangalam,GHS NAGAMANGALAM,NAGAMANGALAMAGAMANGALAM,635113
8489,KRISHNAGIRI,Kelamangalam,GHS NAGAMANGALAM,NAGAMANGALAM NAGAMANGALAM,
8490,KRISHNAGIRI,Kelamangalam,GHS SANTHANAPALLI,ERUDUKOTTA DENKANIKOTTAI TALUK,635107
8491,KRISHNAGIRI,Kelamangalam,GHS THIPPASANDIRAM,THADIKKAL POTHIPPASANDIRAM  VILL,635107
8492,KRISHNAGIRI,Kelamangalam,GHS-GIRLS  KELAMANGALAM,GOVT GIRLS HIGH SCHOOL \KELAMANGALAM,635113
8493,KRISHNAGIRI,Kelamangalam,GHSS  ULLUKURUKKAI,ULLUGURUKKAIDENKANIKOTTAI TK,635113
8494,KRISHNAGIRI,Kelamangalam,GHSS BOYS DENKANIKOTTAI,HOGEYNAKKAL ROADDENKANIKOTTAI,635107
8495,KRISHNAGIRI,Kelamangalam,GHSS GIRLS  RAYAKOTTAI,"SHOOLAGIRI ROAD, RAYAKOTTAI",635116
8496,KRISHNAGIRI,Kelamangalam,GHSS KELAMANGALAM,"23 , Ganesh colony,Kelemangalam , Krishnagiri Dist",635113
8497,KRISHNAGIRI,Kelamangalam,GHSS UNICHETTY,GHSS@UNISETTY,635107
8498,KRISHNAGIRI,Kelamangalam,GHSS-BOYS RAYAKOTTAI,DHARMAPURI ROAD\SALEM ROAD,635116
8499,KRISHNAGIRI,Kelamangalam,GHSS-GIRLS  DENKANIKOTTAI,"POST OFFICE ROADPOST OFFICE DENKANIKOTTAI,KRISHNAGIRI DT",635107
8500,KRISHNAGIRI,Kelamangalam,HOLY CROSS MATRIC HSS,ANCHETTY MAIN ROAD DENKANIKOTTA,635107
8501,KRISHNAGIRI,Kelamangalam,JOHN BRITTO HSS ANIYALAM,"JOHN BRITTO HR.SEC.SCHOOL, ANANDNAGAR,
ANNIYALM POST DENKANIKOTTAI-635107JOHN BRITTO KHRG.BSVECR.SECSIHDOEONLT,IANLASNCHDONOALG,AR, ANNIYALM POST",635107
8502,KRISHNAGIRI,Kelamangalam,KGBV DENKANIKOTTAI,"CHINNABENNANGUR(PO)DENKANIKOTTAI(TK), KRISHNAGIRI(DT)",635107
8503,KRISHNAGIRI,Kelamangalam,MODEL SCHOOL KELAMANGALAM,"Govt. Model Hr. Sec. SchoolBodichipalli, KELAMANGALAM",635113
8504,KRISHNAGIRI,Kelamangalam,"MOTHER THERESA PUBLIC SCHOOL, RAYAKOTTAI","BODAMPATTI ROAD, RAYAKOTTAI, DENKANIKOTTAI TK",635116
8505,KRISHNAGIRI,Kelamangalam,Netaji Subhash Chandra Bose Avasiya Vidyalaya- Denkanikottai,santhaimedudenkanikottai,635107
8506,KRISHNAGIRI,Kelamangalam,NEW GENERATION MATRICULATION SCHOOL,"KRISHNAGIRI MAIN ROAD, RAYAKOTTAI.",635116
8507,KRISHNAGIRI,Kelamangalam,PUMS AGGONDAPALLI TEL,AggondapalliAchettipalli(post),635110
8508,KRISHNAGIRI,Kelamangalam,PUMS ANUSONAI,"P.U.M.School, AnusonaiBommathathanoor Post",635113
8509,KRISHNAGIRI,Kelamangalam,PUMS BOLLAKOLLAI,"P.U.M.S,Bolakollai BETTAMUGILLALAM PO",636806
8510,KRISHNAGIRI,Kelamangalam,PUMS DENKANIKOTTA URDU,2ND BYEPASSNEAR TANK DENKANIKOTTAI,635107
8511,KRISHNAGIRI,Kelamangalam,PUMS EANIMUCHANDIRAM,SANDANAPALLI  (po)DENKANIKOTTAI (TK),635107
8512,KRISHNAGIRI,Kelamangalam,PUMS ECHAMPATTI,"P.U.M.SCHOOL, ECHAMPATTI",635109
8513,KRISHNAGIRI,Kelamangalam,PUMS GEDDAHALLI,GeddahalliGeddahalli post,635107
8514,KRISHNAGIRI,Kelamangalam,PUMS GIRIYANAPALLI TELUGU,"ANDEVANAPALLI POST, DENKANIKOTTA TK, KRISHNAGIRI DT",635107
8515,KRISHNAGIRI,Kelamangalam,PUMS GULLATTI TELUGU,SALIVARAM POSTDENKANIKOTTA TK,635107
8516,KRISHNAGIRI,Kelamangalam,PUMS H.SETTIPALLI TAM&TEL,"PUMS H.SETTIPALLI
J.KARUPALLI POST, DENKANIKOTTAI TALUK, KRISHNAGIRI DIST",635113
8517,KRISHNAGIRI,Kelamangalam,PUMS HANUMANTHAPURAM TELUGU,"HANUMANTHAPURAM  [V]IRUDUKOTA[PO]
Denkanikottai Taluk,Krishnagiri Dt",635113
8518,KRISHNAGIRI,Kelamangalam,PUMS J KARUPALLI TELUGU,J.KARUPALLI POSTJ.Karupalli,635113
8519,KRISHNAGIRI,Kelamangalam,PUMS JAKKERI TEL,P.U.M.SCHOOL JAKKERIKELAMANGALAM BLOCK,635113
8520,KRISHNAGIRI,Kelamangalam,PUMS KANDAGANAPALLI TEL,KANDAGANAPALLI  GENDIGANAPALLI POST,635107
8521,KRISHNAGIRI,Kelamangalam,PUMS KELAMANGALAM URDU,"PUUrdu Middle school,Anna Nagar,KelamangalamKelamangalam",635113
8522,KRISHNAGIRI,Kelamangalam,PUMS KOTTAIULIMANGALAM TEL,Anniyalam postDenkanikota tk,635107
8523,KRISHNAGIRI,Kelamangalam,PUMS KOTTAIYUR,KOTTAIYURSIDDIQ NAGAR,636806
8524,KRISHNAGIRI,Kelamangalam,PUMS KOTTAIYUR,KOTTAIYUR SIDDIQ NAGAR,
8525,KRISHNAGIRI,Kelamangalam,PUMS KOWTHALAM TELUGU,"KOWTHALAM VILLAGEPACHAPPANATTY POST,DENKANIKOTA TK",635113
8526,KRISHNAGIRI,Kelamangalam,PUMS NELLUKUNTHI,NellukundhiDenkanikottai Taluk,635107
8527,KRISHNAGIRI,Kelamangalam,PUMS NELLUR,"NELLUR VILLAGE,DODDATHIMMANAHALLI
POST,ROYAKOTTAI,KELAMANGALAM BLOCK, KRISHNAGIRI DT.NELLUR",635116
8528,KRISHNAGIRI,Kelamangalam,PUMS NEMILERI,NEMILERI\ERUTHUKOTTAI,635107
8529,KRISHNAGIRI,Kelamangalam,PUMS ODAYANDAHALLI,"ODAYANDAHALLI (VILL &PO), RAYAKOTTAI (VIA), DENKANIKOTTAI TK.",635116
8530,KRISHNAGIRI,Kelamangalam,PUMS PACHAPANATTI TEL,PUMS PACHAPANATTIBOMMATHATHANUR PANCHAYAT,635113
8531,KRISHNAGIRI,Kelamangalam,PUMS POONAPALLI,PUMSchool PoonapalliPachapanatti Post,635113
8532,KRISHNAGIRI,Kelamangalam,PUMS RAYAKOTTAI URDU,MASJID STREET\RAYAKOTTAI,635116
8533,KRISHNAGIRI,Kelamangalam,PUMS SAMBANDAKOTTA TEL,sandanapalli\DENKANIKOTA,635107
8534,KRISHNAGIRI,Kelamangalam,PUMS SIDDAPURAM,Bettamugilalam PostDenkanikottai Taluk,636806
8535,KRISHNAGIRI,Kelamangalam,PUMS SONNE NAYAKKANAHALLI,sonnenayakanahalli\ kelemangalam block,635116
8536,KRISHNAGIRI,Kelamangalam,PUMS SOOLAKUNTA,SOOLAKUNTA\BALIGANOOR POST,635116
8537,KRISHNAGIRI,Kelamangalam,PUMS THEN DINNUR,"P.U.M SCHOOL, THEN - DINNURNOGANUR(PO)
,DENKANIKOTTAI",635107
8538,KRISHNAGIRI,Kelamangalam,PUMS THOLVAPETTA,Tholuvabetta(vill)Geddalli(po)Bettamugilalam(panchat),635107
8539,KRISHNAGIRI,Kelamangalam,PUMS THOTTIKUPPAM,THOTTIKUPPAM GEDDAHALLI POST,635107
8540,KRISHNAGIRI,Kelamangalam,PUMS THOTTINAYAKANAHALLI,PUM SCHOOLThottinayakanahalli,635116
8541,KRISHNAGIRI,Kelamangalam,PUMS U.PURAM TAM/TEL,Panchayat union middle schoolU.Puram Nagama Ngalam (PO) Krishnagiri (DT),635113
8542,KRISHNAGIRI,Kelamangalam,PUMS ULLUKURUKKI URDU,"PUMS URDU ULLUGURUKKAI,KELAMANGALAM BLOCK,KRISHNAGIRI DISTRICT-635113",635113
8543,KRISHNAGIRI,Kelamangalam,PUMS VARAGANAPALLI,VaraganapalliNagamangalam   post,635113
8544,KRISHNAGIRI,Kelamangalam,PUMS ZEEBI TAM / TEL,"PUM SchoolZeebi, Kelamangalam",635113
8545,KRISHNAGIRI,Kelamangalam,SEVENTH DAY ADVENTIST INTERNATIONAL ACADEMY,"Seventhday Adventist International AcademyH.chettapalli road,kelamangalam,",635113
8546,KRISHNAGIRI,Kelamangalam,SEVENTH DAY MATRIC SCHOOL MARASANDIRAM,JEEVA NAGARJEEVA NAGAR,635107
8547,KRISHNAGIRI,Kelamangalam,SRI SARADHA MATRIC,"4/75-1, VANIER STREET, KELAMANGALAM",635113
8548,KRISHNAGIRI,Kelamangalam,ST JOSEPHS HIGH SCHOOL AIDED,DENKANIKOTTAI\DENKANIKOTTAI,635107
8549,KRISHNAGIRI,Kelamangalam,ST JOSEPHS MATRIC SCHOOL,KELAMANGALAM ROAD DENKANIKOTTAI,635107
8550,KRISHNAGIRI,Kelamangalam,ST THOMAS BRILLIANT MHSS,"C.THAMMANDRAPALLI (VILL),
KUNDHUMARANAPALLI (PO), DENKANIKOTTAI (TK), KRISHNAGIRI (DT). 635113",635113
8551,KRISHNAGIRI,Kelamangalam,VAILANKANNI MHSS DENKANIKOTTAI,"KOTTAIVASAL, HOSUR MAIN ROAD, NEAR DSP OFFICEDENKANIKOTTAI, KRISHNAGIRI DIST",635107
8552,KRISHNAGIRI,Krishnagiri,BHARAT INTERNATIONAL SCHOOL,"Subedhar Medu, Chennai High Way,Near Devaraj Mahal",635001
8553,KRISHNAGIRI,Krishnagiri,"BHARAT MATRIC HSS, KRISHNAGIRI",25-A DASARATHARAMA STKRISHNGIRI,635001
8554,KRISHNAGIRI,Krishnagiri,CAMBRIDGE MATRIC HSS,SRI RAM NAGAR\KATTIGANAPALLI/KRISHNAGIRI.,635001
8555,KRISHNAGIRI,Krishnagiri,CAMBRIDGE PUBLIC e-SCHOOL,kattiganapalli kk,635002
8556,KRISHNAGIRI,Krishnagiri,D.K.SAMY MATRIC HSS,"Bangalore Bye-Pass Road, Rajiv Nagar,Krishnagiri",635002
8557,KRISHNAGIRI,Krishnagiri,D.K.SAMY MATRIC SCHOOL,"NO 2 COLONY ROAD
CORONATION TRUST HALL BOGANAPALLI (VIL)",635001
8558,KRISHNAGIRI,Krishnagiri,DON BOSCO MATRIC HSS,"BOSCO GARDENS,  KRISHNAGIRI -635001",635001
8559,KRISHNAGIRI,Krishnagiri,EDEN GARDEN ENGLISH SCHOOL KRISHNAGIRI,197IBRAHIM VAKIL COLONY,635001
8560,KRISHNAGIRI,Krishnagiri,EXCEL MATRIC SCHOOL,B.G.Pudur (Vill) Kallukuriki(Po) KrishnagiriB.G.Pudur (Vill) Kallukuriki(Po) Krishnagiri,635002
8561,KRISHNAGIRI,Krishnagiri,GHS BELLARAMPALLI,BELLARAMPALLIKRISHNAGIRI,635122
8562,KRISHNAGIRI,Krishnagiri,GHS BETTEPALLI,BETTEPALLI KRISHNAGIRI TK,635002
8563,KRISHNAGIRI,Krishnagiri,GHS CHIKKAPOOVATHI,CHIKKAPOOVATHIALAPATTI,635122
8564,KRISHNAGIRI,Krishnagiri,GHS GANGALERI,GANGALERI POSTkrishnagiri,635122
8565,KRISHNAGIRI,Krishnagiri,GHS GIDDAMPATTI,"GHS GIDDAMPPATTIGIDDAMPPATTI, KRISHNAGIRI",635001
8566,KRISHNAGIRI,Krishnagiri,GHS GUMMANUR,SEMBADAMUTUR POSTALAPATTY VIA,635122
8567,KRISHNAGIRI,Krishnagiri,GHS ITTIKKALAGARAM,"GHS ITTIKKAL AGARAM\ITTIKKAL AGARAM (VILL)
,KRISHNAGIRI(DT)",635122
8568,KRISHNAGIRI,Krishnagiri,GHS JAGIR VENKATAPURAM,"GOVT. HIGH SCHOOLJAGIR VENKATAPURAM, KRISHNAGIRI",635002
8569,KRISHNAGIRI,Krishnagiri,GHS K.POOSARIPATTI,"K.POOSARIPATTI VIL,
KARADIGURI PO KRISHNAGIRI TK",635001
8570,KRISHNAGIRI,Krishnagiri,GHS KAMMAMPALLI,CHINNEPALLI VILL KAMMAMPALLI PO 635120,635120
8571,KRISHNAGIRI,Krishnagiri,GHS KATTIGANAPALLI,"phase I ,TNHBkattiganapalli",635001
8572,KRISHNAGIRI,Krishnagiri,GHS MADEPATTY,"MADEPATTI,SEMBADAMUTHUR- PO,KRISHNAGIRI,635122",635122
8573,KRISHNAGIRI,Krishnagiri,GHS MADHINAYANAPALLI,GHS MADHINAYANAPALLI\INDHARANAGAR,635002
8574,KRISHNAGIRI,Krishnagiri,GHS MAHARAJAKADAI,NARALAPALLI X ROADMAHARAJAKADAI,635120
8575,KRISHNAGIRI,Krishnagiri,GHS MEKALACHINNAMPALLI (GIRLS),MekalachinnampalliMekalachinnampalli,635120
8576,KRISHNAGIRI,Krishnagiri,GHS MITTAPALLI(KRI),"MITTAPALLI(K), CHIKKAPOOVATHI PO KRISHNAGIRI (DT)",635122
8577,KRISHNAGIRI,Krishnagiri,GHS NEKKUNDHI,"NEKKUNDHI(VILL)AGRAHARAM(PO),KRISHNAGIRI(DT)",635002
8578,KRISHNAGIRI,Krishnagiri,GHS PACHIGANAPALLI,"GOVT HIGH SCHOOL, PACHIGANAPALLI.BELLARAMPALLI (po), KRISHNAGIRI.",635122
8579,KRISHNAGIRI,Krishnagiri,GHS PEDDANAPALLI,SCHOOL ROADPEDDANAPALLI,635002
8580,KRISHNAGIRI,Krishnagiri,GHS PERIYAKOTTAPALLI,GHS \Periyakottapalli,635002
8581,KRISHNAGIRI,Krishnagiri,GHS POTHINAYANAPALLI,pothinayanapallikrishnagiri,635001
8582,KRISHNAGIRI,Krishnagiri,GHS SOKKADI,SOKKADI  (VILL) MORAMADUGU (PO) KRISHNAGIRI TK & DT PIN-635122,635122
8583,KRISHNAGIRI,Krishnagiri,GHSS ALAPATTI,ALAPATTIALAPATTI,635122
8584,KRISHNAGIRI,Krishnagiri,GHSS CHINNAMELUPALLI,chinnamelupalli postkrishnagiri taluk,635120
8585,KRISHNAGIRI,Krishnagiri,GHSS K.R.P.DAM,"GHSS KRP DAM, PERIYAMUTHUR, KRISHNAGIRI",635101
8586,KRISHNAGIRI,Krishnagiri,GHSS KANAGAMUTLU,"GHSS,Kanagamutlu, Mangammapuram village,Krishnagiri",635002
8587,KRISHNAGIRI,Krishnagiri,GHSS KRISHNAGIRI BOYS,GANDHI ROADEW PET,635001
8588,KRISHNAGIRI,Krishnagiri,GHSS KRISHNAGIRI GIRLS,Bangalore roadKrishnagiri,635001
8589,KRISHNAGIRI,Krishnagiri,GOVERNMENT MODEL HIGHER SECONDARY SCHOOL KRISHNAGIRI,,
8590,KRISHNAGIRI,Krishnagiri,"Government Model School, Krishnagiri",,
8591,KRISHNAGIRI,Krishnagiri,IELC AIDED MIDDLE SCHOOL,TB ROADOLD PET,635001
8592,KRISHNAGIRI,Krishnagiri,KAMARAJ GHSS  MEKALACHINNAMPALLI,MEKALACHINNAMPALLIMEKALACHINNAMPALLI(POST),635120
8593,KRISHNAGIRI,Krishnagiri,KRISHILAND MATRIC SCHOOL,"PLOT NO:214, TNHB, I-PHASE, KATTIKANAPALLI.",635002
8594,KRISHNAGIRI,Krishnagiri,MAHARISHI MATRIC HSS,"1/123C thiruvanamali road,near lpg gas bunk,maharishi nager
,krishnagiri.",635001
8595,KRISHNAGIRI,Krishnagiri,MHSS OLDPET KRISHNAGIRI,oldpetkrishnagiri,635002
8596,KRISHNAGIRI,Krishnagiri,MMS ANNA NAGAR,"MUNICIPAL MIDDLE SCHOOL, ANNA NAGARKRISHNAGIRI",635001
8597,KRISHNAGIRI,Krishnagiri,MMS DOWLATABAD (U),"92,SALEM ROAD,NEWPETKRISHNAGIRI",635001
8598,KRISHNAGIRI,Krishnagiri,MMS FORT GIRLS (U),MUGMS FORT KRISHNAGIRIMUGMS FORT KRISHNAGIRI,635001
8599,KRISHNAGIRI,Krishnagiri,MMS GANDHI ROAD (U),"Municipal urdu boys middle school,Gandhi road, krishnagiri",635001
8600,KRISHNAGIRI,Krishnagiri,MMS OLD PET,New market road Oldpet,635001
8601,KRISHNAGIRI,Krishnagiri,MMS OLD SUB JAIL ROAD,MM SCHOOLOLD SUB JAIL ROAD KRISHNAGIRI,635001
8602,KRISHNAGIRI,Krishnagiri,MMS RAJU STREET,MM SCHOOL\RAJU STREET,635001
8603,KRISHNAGIRI,Krishnagiri,MTV MATRIC HSS,MTV NAGARMALLINAYANAPALLI POST,635120
8604,KRISHNAGIRI,Krishnagiri,NALANDA INTERNATIONAL PUBLIC SCHOOL,PERIYAMOTTURKANAGAMUTLU,635001
8605,KRISHNAGIRI,Krishnagiri,NALANDA MATRIC HSS,PERIYAMOTTURagasipalli,635001
8606,KRISHNAGIRI,Krishnagiri,PUMS AGRAHARAM,PUMS ARAHARAM COLONYDEVASAMUDARAM KRISHNAGIRI,635002
8607,KRISHNAGIRI,Krishnagiri,PUMS BALAGURI,"PUMS BALAGURIBELLARAMPALLI POST, KRISHNAGIRI",635122
8608,KRISHNAGIRI,Krishnagiri,PUMS BALIGANOOR,"PUMS, BALIGANOOR,. KRISHNAGIRI",635116
8609,KRISHNAGIRI,Krishnagiri,PUMS BANDARAPALLI,"PUMS BANDARAPALLIBILLANAKUPPAM POST, KRISHNAGIRI",635115
8610,KRISHNAGIRI,Krishnagiri,PUMS BELLAMPALLI,PUMS BELLAMPALLIKRISHNAGIRI,635116
8611,KRISHNAGIRI,Krishnagiri,PUMS BOGANAPALLI,"near murugan temple ,Boganapalli.",635002
8612,KRISHNAGIRI,Krishnagiri,PUMS DHASIRIPALLI,"PUMS DHASIRAPALLISEMBADAMUTHUR POST, KRISHNAGIRI",635122
8613,KRISHNAGIRI,Krishnagiri,PUMS EKKALNATHAM,PUMS EkkalnathamNaralapalli PO,635120
8614,KRISHNAGIRI,Krishnagiri,PUMS GOLLAHALLI,gollahallikammampalli (po),635120
8615,KRISHNAGIRI,Krishnagiri,PUMS K.A.NAGAR,Venkatapuram\K A Nagar,635001
8616,KRISHNAGIRI,Krishnagiri,PUMS KALLAKURUKKI,kallakurukki vilkallakurukki po.,635002
8617,KRISHNAGIRI,Krishnagiri,PUMS KOTHUR GIRLS (U),KOTHURKALLUKURIKKI(PO),635001
8618,KRISHNAGIRI,Krishnagiri,PUMS MELERIKOTTAI,"Panchayat Union,Middle School,Melerikottai.Agasipalli Panchayat,Krishnagiri Union",635001
8619,KRISHNAGIRI,Krishnagiri,PUMS NARALAPALLI,Naralapallinaralapalli post,635120
8620,KRISHNAGIRI,Krishnagiri,PUMS OBELESAPALLI,"PUMS SCHOOL OBELESAPALLI
,THANAMPATTI,THIPPANAPALLI(PO),KRISHNAGIRIPUM S SCHOOL OBELESAPALLI",635115
8621,KRISHNAGIRI,Krishnagiri,PUMS PEDDATHALAPALLI,"PUMS PEDDATHALAPALLIPEDDATHALAPALLI POST, KRISHNAGIRI DT",635002
8622,KRISHNAGIRI,Krishnagiri,PUMS PERIYATHAKKEPALLI,"PUMS PERIYATHAKKEPALLIPOTHINAYANAPALLI POST, KRISHNAGIRI DT",635001
8623,KRISHNAGIRI,Krishnagiri,PUMS R.POOSARIPATTI,"PUMS R.POOSARIPATTIPEDDATHALAPALLI POST, KRISHNAGIRI DT",635002
8624,KRISHNAGIRI,Krishnagiri,PUMS SEMBADAMUTHUR,Sembadamuthur,635122
8625,KRISHNAGIRI,Krishnagiri,PUMS THUDUGANAHALLI,"Pums,ThuduganahalliMoramadugu post",635122
8626,KRISHNAGIRI,Krishnagiri,PUMS THURINJIPATTI,PUMSTurinjipatti,635002
8627,KRISHNAGIRI,Krishnagiri,PUMS VELAGALAHALLI,"PUMS VELAGALAHALLIALAPATTI POST, KRISHNAGIRI",635122
8628,KRISHNAGIRI,Krishnagiri,"R.C.FATIMA BOYS HS, KRISHNAGIRI","Bangaloru road,Krishnagiri",635001
8629,KRISHNAGIRI,Krishnagiri,RIMS MATRIC HSS,kammampalli postkuppamroad,635120
8630,KRISHNAGIRI,Krishnagiri,SENTHIL MATRICULATION SCHOOL,"Subedar Medu, Kattinayanapalli Post",
8631,KRISHNAGIRI,Krishnagiri,SENTHIL PUBLIC SCHOOL,"Subedar Medu, Kattinayanapalli Post",
8632,KRISHNAGIRI,Krishnagiri,SRI CHAITANYA TECHNO SCHOOL,"11/26 & 11/27, Boganapalli Panchayath, Tiruvannamalai Bye Pass, Chennai Highway Road, Krishnagiri",
8633,KRISHNAGIRI,Krishnagiri,SRI SAI KRISHNA VIDYAGIRI MATRIC SCHOOL,SALEM HIGH ROAD\Avathanpatti,635001
8634,KRISHNAGIRI,Krishnagiri,SRI VIJAY VIDYALAYA MATRIC SCHOOL OLDPET,"332/2, nethaji road, oldpet",635001
8635,KRISHNAGIRI,Krishnagiri,SRI VIJAY VIDYALAYA MHSS,"No.93, Rayakottai RoadDistrict Stadium Near",635002
8636,KRISHNAGIRI,Krishnagiri,ST. ANNE'S PUBLIC SCHOOL,"St.Anne's Public School, Krishnagiri",
8637,KRISHNAGIRI,Krishnagiri,ST.ANN'S GIRLS HSS KRISHNAGIRI,"242, BANGALORE ROAD,
KRISHNAGIRI - 635 001.",635001
8638,KRISHNAGIRI,Krishnagiri,SVC MATRIC HSS,"MARIKKAMPALLI, ITTIKKALAGARAM POSTKRISHNAGIRI",635122
8639,KRISHNAGIRI,Krishnagiri,SWAMI VIVEKANANDA MATRIC HSS KRISHNAGIRI,"2/259,Periyar Nagar,2/259,Periyar Nagar, Krishnagiri.",635001
8640,KRISHNAGIRI,Krishnagiri,TCR MATRIC  SCHOOL RAYAKOTTAI ROAD KRISHNAGIRI,"2/264 A Rayakottai main road   ,pethathalapalli ,(vill)  krishangiri
(dt)2/264a , RAYAKOTTA  MAIN ROAD , PETHATHALAPALLI (VILL)  KRISHANGIRI - DT",635101
8641,KRISHNAGIRI,Krishnagiri,TES HIGHER SECONDARY SCHOOL,KATHALAMEDU\KAMMAMPALLI,635120
8642,KRISHNAGIRI,Krishnagiri,THUVARAGA MATRIC HSS,"KRP DAM MAIN ROAD, PERIYAMUTHUR\KRP DAM MAIN ROAD, KRP DAM (PO),",635101
8643,KRISHNAGIRI,Krishnagiri,TRINITY ACADEMY,OPP COURT RAYAKOTTAH ROADKRISHNAGIRI,635002
8644,KRISHNAGIRI,Krishnagiri,TRINITY MATRIC HSS,OPP COURT RAYAKOTTAH ROADKRISHNAGIRI,635002
8645,KRISHNAGIRI,Krishnagiri,VAILANKANNI MATRIC HSS KRISHNAGIRI,"Rayappa Mudali street, Krishnagiri",635001
8646,KRISHNAGIRI,Krishnagiri,VAILANKANNI PUBLIC SCHOOL KRISHNAGIRI,Plot No 21 DNew Housing Board Krishnagiri,635001
8647,KRISHNAGIRI,Krishnagiri,VIJAY MILLINIUM CBSE,"93 Plot ,Rayakottai RoadKrishnagiri",635001
8648,KRISHNAGIRI,Mathur,BHARANI INTERNATIONAL MODERN SCHOOL KANNANDAHALLI,Kannandahalli (Vill)Bargur (Tk) Krishnagiri (Dt),635203
8649,KRISHNAGIRI,Mathur,GADWHSS ATHIPALLAM,"GOV(ADW) HIGHER SECONDARY SCHOOL, ATHIPALLAM, POCHAMPALLI TALUK",635203
8650,KRISHNAGIRI,Mathur,GHS GUNDEPALLI,GUNDEPALLI M NADUPATTU (PO),635203
8651,KRISHNAGIRI,Mathur,GHS K.ETTIPATTI,"GHS K.ETTIPATTI POST ,UTHANGARAI TK, KRISHNAGIRI DIST.",635306
8652,KRISHNAGIRI,Mathur,GHS KALARPATHY,KALARPATHI - POSTPOCHAMPALLI-TALUK,635203
8653,KRISHNAGIRI,Mathur,GHS KODAMANDAPATTI,KODAMANDAPATTI PO POCHAMPALLI TK KRISHNAGIRI DT,635306
8654,KRISHNAGIRI,Mathur,GHS KODIPATHY,KODIPATHI GOUNDANOOR POPOCHAMPALLI TK,635203
8655,KRISHNAGIRI,Mathur,GHS ODDAPATTI,GOVT. HIGH SCHOOL M. ODDAPATTIPOCHAMPALLI TK,635203
8656,KRISHNAGIRI,Mathur,GHS PASANTHI,"GHS PASANTHI, SAMALPATTI PO, UTHANGARAI TK, KRISHNAGIRI DT",635306
8657,KRISHNAGIRI,Mathur,GHS RAMAKRISHNAMPATHI,MOTTUR POUTHANGARAI TK,635207
8658,KRISHNAGIRI,Mathur,GHS SALOOR,"SALOOR VILL, VALIPATTI POPOCHAMPALLI TK, KRISHNAGIRI DT",635306
8659,KRISHNAGIRI,Mathur,GHS SOOLAGARAI,"SOOLAGARAI ,UTHANGARAI TK,KRISHNAGIRI DT",635304
8660,KRISHNAGIRI,Mathur,GHS VALIPATTI,"Pochampalli Tk , Krishnagiri DT",635306
8661,KRISHNAGIRI,Mathur,GHS VELAVALLI,"VELAVALLI(VILL),VALIPATTI(PO),POCHAMPALLI(TK),K
RISHNAGIRI(DT)VELAVALLI(VILL),VALIPATTI(PO),POCH AMPALLI(TK),KRISHNAGIRI(DT)",635306
8662,KRISHNAGIRI,Mathur,GHS-GIRLS  KUNNATHUR,UTHANGARAI ( TK)KRISHNAGIRI (DT),635306
8663,KRISHNAGIRI,Mathur,GHSS ANANDUR,"ANANDUR VILLAGE & POST\UTHANGARAI TK , KRISHNAGIRI DT",635304
8664,KRISHNAGIRI,Mathur,GHSS ATHIGANOOR,ATHIGANUR(PO)BARGUR(TK),635203
8665,KRISHNAGIRI,Mathur,GHSS GERIGEPALLI,"GOVT HR SEC SCHOOL, GERIGEPALLI, UTHANGARAI TK, KRISHNAGIRI DT-635304.",635304
8666,KRISHNAGIRI,Mathur,GHSS KANNANDAHALLI,TIRUVANNAMALAI HIGH WAYKANNANDAHALLI,635203
8667,KRISHNAGIRI,Mathur,GHSS KUNNATHUR,Kunnathuruthangarai,635306
8668,KRISHNAGIRI,Mathur,GHSS KUNNATHUR,Kunnathur uthangarai,
8669,KRISHNAGIRI,Mathur,GHSS M.NADUPATTI,"NADUPATTI -POBARGUR-TK, KRISHNAGIRI-DT.",635203
8670,KRISHNAGIRI,Mathur,GHSS MADARAHALLI,MADARAHALLI VILL & POBARGUR TK,635203
8671,KRISHNAGIRI,Mathur,GHSS MATHUR-BOYS,MathurMathur,635203
8672,KRISHNAGIRI,Mathur,GHSS SAMALPATTI,SAMALPATTISAMALPATTI,635306
8673,KRISHNAGIRI,Mathur,GHSS-GIRLS  MATHUR,KRISHNAGIRI MAIN ROADMATHUR,635203
8674,KRISHNAGIRI,Mathur,"GUNA MATRIC HR SEC SCHOOL, GENDIGAMPATTI",gendikampatti-villagekalarpathi-post,635203
8675,KRISHNAGIRI,Mathur,GURUKULAM MATRICULATION SCHOOL,"ONNAGARAI X ROAD, ONNAGARAI VILLUTHANGARAI TK",635304
8676,KRISHNAGIRI,Mathur,KALAIMAGAL KALALAYA MHSS,UTHANGARAI MAIN ROADMATHUR,635203
8677,KRISHNAGIRI,Mathur,PUMS AMMANKOILPATHI,"Ammankovilpathy vill , Anandur po \Uthangarai tk , Krishnagiri dt",635304
8678,KRISHNAGIRI,Mathur,PUMS ANDERIPATTI,"ANDERIPATTI VILL,,& POST,POCHAMPALLI TK,KRISHNAGIRI DT",635306
8679,KRISHNAGIRI,Mathur,PUMS KANJANOOR,"P.U.M SCHOOL,KANJANOORSALAMARATHUPATTI POST",635304
8680,KRISHNAGIRI,Mathur,PUMS KARUVANOOR,"PUMSkaruvanoor,kallavi",635304
8681,KRISHNAGIRI,Mathur,PUMS KOTTUR,"PUMS,KOTTUR(VILLAGE)KODAMANDAPATTI (PO)POCHAMPALLI(TK),KRISHNAGIRI (DITE)",635306
8682,KRISHNAGIRI,Mathur,PUMS KUMARAMPATTI,kumarampatti\Uthangarai,635306
8683,KRISHNAGIRI,Mathur,PUMS M.PALLATHUR,PUMS M. PALLATHUR SIVAMPATTI POBARGUR TK KRISHNAGIRI DT,635203
8684,KRISHNAGIRI,Mathur,PUMS MADHAMPATHY,Mathampathi village\Kodamandapatti- post,635306
8685,KRISHNAGIRI,Mathur,PUMS MALAYANDAHALLI,MALAIYANDAHALLI ANGAMPATTI PO pochampalli taluk KRISHNAGIRI DT,635206
8686,KRISHNAGIRI,Mathur,PUMS MUTHAGOUNDANOOR,"p.u.m.school,muthagoundanoor\kunnathur(p.o),uthangarai(t.k)",635306
8687,KRISHNAGIRI,Mathur,PUMS OLAIPATTI,pums olaipatti salamarathupatti po uthangarai tk krishnagiri dtpums olaipatti salamarathupatti po uthangarai tk krishnagiri dt,635304
8688,KRISHNAGIRI,Mathur,PUMS RANGANOOR,"ANANDUR(PO),RANGANOOR(VILL),UTHANGARAI(TK),K RISHNAGIRI(DT)DO",635304
8689,KRISHNAGIRI,Mathur,PUMS VEERACHIKUPPAM,VEERACHIKUPPAMKALLAVI POST,635304
8690,KRISHNAGIRI,Mathur,SHRI VENKATESWARA VID. MHSS MATHUR,nagampattibargur taluk,635203
8691,KRISHNAGIRI,Mathur,SRI SWAMY VIVEKANANDHA MATRICULATION SCHOOL,"kunnathur , uthangarai tkvaduganur koot road",635307
8692,KRISHNAGIRI,Mathur,SRI VETRI VIKAS MATRIC. HR SEC SCHOOL,"ODDAPATTI(VILL),SAMALPATTI(PO),UTHANGARAI(TK), KRISHANGIRI(DT)",635306
8693,KRISHNAGIRI,Mathur,SUNFLOWER MATRIC SCHOOL,"SRI AYYAPPAN NAGAR, ANANDUR( VILL & PO), UTHANGARAI ( TK), KRISHNAGIRI (DT) PIN 635304",635304
8694,KRISHNAGIRI,Mathur,"UDHAYAAM MATRIC HR SEC SCHOOL, SIVAMPATTI",BARGURKRISHNAGIRI,635203
8695,KRISHNAGIRI,Shoolagiri,Er.PERUMAL MANIMEKALAI MATRICULATION SCHOOL,"17th, km. Krishnagiri highway,Nallaganakothapalli, Hosur.",635117
8696,KRISHNAGIRI,Shoolagiri,GHS A.SETTIPALLI,"A.SETTTIPALLI VILL AND POST,SHOOLAGIRI TK,KRISHNAGIRI DT-635105",635105
8697,KRISHNAGIRI,Shoolagiri,GHS ADDAGURUKKI,GOVT HIGH SCHOOL ADDAGURUKKIKAMANDODDI POST,635130
8698,KRISHNAGIRI,Shoolagiri,GHS BERIGAI - URDU,HOSUR MAIN ROAD\BERIKAI,635105
8699,KRISHNAGIRI,Shoolagiri,GHS CHINNADINNUR,CHINNADINNUR CHEMBARASANAPALLI,635117
8700,KRISHNAGIRI,Shoolagiri,GHS DEVASANAPALLI,"DEVASANAPALLI VILLAGE, UDDANAPALLI POST, SHOOLAGIRI TALUK, KRISHNAGIRI DT. PIN 635119",635119
8701,KRISHNAGIRI,Shoolagiri,GHS ERRANDAPALLI,"BEERPALLI (PO), SHOOLAGIRI TK, KRISHNAGIRI DT,",635115
8702,KRISHNAGIRI,Shoolagiri,GHS KAMANDODDI -TEL,Government High School\kamandoddi,635130
8703,KRISHNAGIRI,Shoolagiri,GHS KATTINAYAKANADODDI,Berigai( Post)Shoolagiri (TK),635115
8704,KRISHNAGIRI,Shoolagiri,GHS MORANAPALLI -TEL,SIPCOT IIHosur,635130
8705,KRISHNAGIRI,Shoolagiri,GHS MORASAPATTI,"Government High School, MorsaapattiEnusonai Post, Shoolagiri Tk, Krishnagiri Dt",635117
8706,KRISHNAGIRI,Shoolagiri,GHS MUDUGURIKI,"GHS  MUDUGURIKI
MUDUGURIKI (VIL), SHOOLAGIRI (TK)",635105
8707,KRISHNAGIRI,Shoolagiri,GHS NERIGAM -TEL,Gudisadanapalli postnerigam,635105
8708,KRISHNAGIRI,Shoolagiri,GHS ULAGAM,"ULAGAM VILLAGE,ENUSONAI POST",635117
8709,KRISHNAGIRI,Shoolagiri,GHS UNGATTI,GHS UNGATTI DORIPALLI (PO)SHOOLAGIRI (TK) KRISHNAGIRI,635130
8710,KRISHNAGIRI,Shoolagiri,GHS VENKATESAPURAM,venkatesapuramSHOOLAGIRI,635109
8711,KRISHNAGIRI,Shoolagiri,GHSS BOYS SHOOLAGIRI,GBHSSSHOOLAGIRI,635117
8712,KRISHNAGIRI,Shoolagiri,GHSS BUKKASAGARAM -TEL,GOVT.HR.SEC.SCHOOL BUKKASAGARAM,635109
8713,KRISHNAGIRI,Shoolagiri,GHSS ENUSONAI,"Enusonai(P.O),Shoolagiri(Tk), Krishnagiri(Dt)",635117
8714,KRISHNAGIRI,Shoolagiri,GHSS HALESEEBAM,"RAYAKOTTAI ROAD,HALESEEBAM",635119
8715,KRISHNAGIRI,Shoolagiri,GHSS IMMEDINAYAKANAPALLI,Rayakotta roadHosur,635105
8716,KRISHNAGIRI,Shoolagiri,GHSS KALINGAVARAM,"Govt. Hr. Sec. School.,
KALINGAVARAM, SHOOLAGIRI(TK),",635117
8717,KRISHNAGIRI,Shoolagiri,GHSS-GIRLS  SHOOLAGIRI,BERIGAI MAIN ROADSHOOLAGIRI,635117
8718,KRISHNAGIRI,Shoolagiri,"GOVERNMENT HIGH SCHOOL, DODDEGOUNDAMPALLI","Doddegoundampalli, GUDISADHANAPALLI - POST",635105
8719,KRISHNAGIRI,Shoolagiri,"GOVERNMENT HIGH SCHOOL, PATHAKOTTA","GHS PATHAKOTTA, PATHAKOTTA (POST) , SHOOLAGIRI TALUK, KRISHNAGIRI DISTRICT.",635119
8720,KRISHNAGIRI,Shoolagiri,"GOVERNMENT HIGH SCHOOL, SANAMAVU","GHS SANAMAVU VILLAGE, SANAMAVU POST, HOSUR- ROYAKOTTA HIGH ROAD, SHOOLAGIRI TK",635119
8721,KRISHNAGIRI,Shoolagiri,"GOVERNMENT HIGHER SECONDARY SCHOOL, BERIGAI","THEERTHAM ROAD, NEAR  CHECK POST, BERIGAI",635105
8722,KRISHNAGIRI,Shoolagiri,"GOVERNMENT HIGHER SECONDARY SCHOOL, UDHANAPALLI","GHSS UDDANAPALLI, UDDANAPALLI (POST), SHOOLAGIRI TK 635119",635119
8723,KRISHNAGIRI,Shoolagiri,JNM GHS ATHIMUGAM,ATHIMUGAM VILL & POSHOOLAGIRI TK,635105
8724,KRISHNAGIRI,Shoolagiri,"JOHN MARIE MEMORIAL MATRIC SCHOOL, SHOOLAGIRI","Kumbulam Road, Shoolagiri(PO&TK),KrishnagiriKumbulam Road, Shoolagiri(PO&TK),Krishnagiri",635117
8725,KRISHNAGIRI,Shoolagiri,KGBV SHOOLAGIRI,"gollapalli(vill),shoolagiri(tk),krishnagirigollapalli(vill),shoolagiri(t k),krishnagiri",635117
8726,KRISHNAGIRI,Shoolagiri,MODEL HSS SHOOLAGIRI,"BEDAPALLI,KALINGAVARAM(POST
)",635117
8727,KRISHNAGIRI,Shoolagiri,Netaji Subhash Chandra Bose Avasiya Vidyalaya- Athimugam,govt high school campus.athimugam,635105
8728,KRISHNAGIRI,Shoolagiri,NEW LITTLE FLOWER MHSS SHOOLAGIRI,"Krishnagiri Main RoadNadwa Nagar, Shoolagiri",635117
8729,KRISHNAGIRI,Shoolagiri,"NTR INTERNATIONAL SCHOOL, BUKKASAGARAM","47/3 & 6, Bukkasagaram (Vill) & (PO), Shoolagiri (Tk) - 635109.",635109
8730,KRISHNAGIRI,Shoolagiri,PUMS  BELLATTI,"bellatti,samanapalli[post]shoolagiri union,krishnagiri[dt]",635117
8731,KRISHNAGIRI,Shoolagiri,PUMS AGARAM,"P.U.M.S ,AGARAM,  AGARAM (POST), SHOOLAGIRI BLOCK",635119
8732,KRISHNAGIRI,Shoolagiri,PUMS AGARAM,"P.U.M.S ,AGARAM,  AGARAM (POST), SHOOLAGIRI BLOCK",
8733,KRISHNAGIRI,Shoolagiri,PUMS ALUSONAI,"P.U.M.S Alusonai, P.U.M.S Alusonai peddasigaralapalli(po)",635117
8734,KRISHNAGIRI,Shoolagiri,PUMS ARUPALLI,"PUMS ARUPALLI,Chembarasanapalli post .",635117
8735,KRISHNAGIRI,Shoolagiri,PUMS ATHIMUGAM-URUDU,ATHIMUGAM ATHIMUGAM,635105
8736,KRISHNAGIRI,Shoolagiri,PUMS B.CHENNASANDIRAM,Muduguriki postShoolagiri Taluk,635105
8737,KRISHNAGIRI,Shoolagiri,PUMS BASTHALAPALLI,BASTHALAPALLI VILLAGEKALINGAVARAM POST,635117
8738,KRISHNAGIRI,Shoolagiri,PUMS BEELALAM,BEELALAM\SHOOLAGIRI,635117
