S NO,DISTRICT,BLOCK NAME,SCHOOL NAME,SCHOOL ADDRESS,PINCODE
15215,THANJAVUR,Orathanadu,GHSS - THIRUMANGALAKKOTTAI KEELAIYUR,"VAMBAN STREET,THIRUMANGALAKKOTTAI EAST",614905
15216,THANJAVUR,Orathanadu,GHSS - VADASERI,NORTH STREET\VADASERI,614905
15217,THANJAVUR,Orathanadu,GHSS (BOYS) - ORATHANADU,"MANARGUDI ROAD,ORATHANADU - 614625,NEAR BED COLLEGE",614625
15218,THANJAVUR,Orathanadu,GHSS -PATCHUR,ghss pachurghss pachur,614902
15219,THANJAVUR,Orathanadu,GHSS(G)-ORATHANADU,"GOVERNMENT GIRLS HR.SEC. SCHOOL NEAR ORATHANADU BUS STAND,ORATHANADU TK",614625
15220,THANJAVUR,Orathanadu,GHSS-ILLUPPAITHOPPU,ambalapattu northiluppaithoppu,614262
15221,THANJAVUR,Orathanadu,GHS-SOLAPURAM(WEST),GHScholapuramwest,614902
15222,THANJAVUR,Orathanadu,GHSS-PANAYAKKOTTAI,"GOVT HR SEC SCHOOL,MOORTHYAMBALPURAM",614019
15223,THANJAVUR,Orathanadu,GHSS-URANTHARAYANKUDIKKADU,G.H.S.S  ORANTHAIRAYANKUDIKADU,614625
15224,THANJAVUR,Orathanadu,GHSS-VANDAIYARIRUPPU,"GOVERNMENT HIGHER SECONDARY SCHOOL,SOUTH STREET,VANDAIYARIRUPPU",614019
15225,THANJAVUR,Orathanadu,GHS-VADAKUR VADAKKU,GHS-VADAKKUR VADAKKUORATHANADU,614902
15226,THANJAVUR,Orathanadu,GHS-VELLUR,"GOVT HIGH SCHOOL, VELLURORATHANADU T.K
,THANJAVUR D.T",614626
15227,THANJAVUR,Orathanadu,GHS-VELLUR,"GOVT HIGH SCHOOL, VELLUR ORATHANADU T.K
,THANJAVUR D.T",
15228,THANJAVUR,Orathanadu,GOVT. MPN H S- OKKANADU MELAIYUR,OKKANADU MELAIYUROKKANADU MELAIYUR,614625
15229,THANJAVUR,Orathanadu,KASILINGAM MATRIC - PAPPANADU,"KASILINGAM MATRIC SCHOOL ,SIVAPARVATHI
GARDEN, PAPPANADU PO, ORATHANADU TK, THANJAVUR DT",614626
15230,THANJAVUR,Orathanadu,LITTLE ROSE M H S S- ORATHANADU,LITTLE ROSE MATRICULATION SCHOOL 55G 3 THIRUVONAM ROADORATHANADU,614625
15231,THANJAVUR,Orathanadu,LONDON KRISHNAMOORTHI MHSS-OND,"LKMH SCHOOL  , MANNARGUDI ROAD, ORATHANADU",614625
15232,THANJAVUR,Orathanadu,MMA  HIGHER SECONDARY SCHOOL-PAPPANADU,THANJAVUR MAIN ROAD PAPPANADU,614626
15233,THANJAVUR,Orathanadu,NALANDA MATRIC SCHOOL - THIRUMANAGALKOTTAI KEELAIYUR,ARSUTHIYAR STREETTHIRUMANGALAKKOTTAI EAST,614905
15234,THANJAVUR,Orathanadu,PUMS - AZHIVAIKKAL,AZHIYAVAIKKAL\ORATHANADU,614904
15235,THANJAVUR,Orathanadu,PUMS - KAKKARAIKOTTAI,PANCHAYATH UNION MIDDLE SCHOOL - KAKKARAIKOTTAI ORATHANADU THANJAVUR,614902
15236,THANJAVUR,Orathanadu,PUMS - MANDALAKKOTTAI,"panchayat union middle school,mandalakkottai. neduvakkottai post,orathanadu.",614625
15237,THANJAVUR,Orathanadu,PUMS - NELLUPATTU,"PANCHAYAT UNION MIDDLE SCHOOL, NELLUPPATTU",614904
15238,THANJAVUR,Orathanadu,PUMS - PANCHANATHIKKOTTAI,"PUMS PANCHANATHIKOTTAI, MELAULUR ( P.O )",614904
15239,THANJAVUR,Orathanadu,PUMS - PARITHIKKOTTAI,"PUMS PARUTHIKKOTTAI, ORATHANADU ( T.K )",614904
15240,THANJAVUR,Orathanadu,PUMS - PULAVANKADU,"PUMS PULAVANKADU,ORATHANADU TK.",614625
15241,THANJAVUR,Orathanadu,PUMS - THALAYAMANGALAM,"SOUTH STREET THALAYAMANGALAM (P.O)
ORATHANADU TALUK THANJAVUR PDAISNTCRHICATYTAHTAUNNJAIOVNURMIDDISDTLREICT",614019
15242,THANJAVUR,Orathanadu,PUMS - THENNAMANADU,"SCHOOLTHENNAMANADU,ORATHANADU THANJAVUR DT",614625
15243,THANJAVUR,Orathanadu,PUMS- AMBALAPPATTU (S),PUMS SCHOOL AMBALAPATTU SOUTH,614626
15244,THANJAVUR,Orathanadu,PUMS-KUDIKADU,PUMSKUDIKKADU,614626
15245,THANJAVUR,Orathanadu,PUMS-PEIKARUMBANKOTTAI,PEIKKARUMBANKOTTAI\PEIKKARUMBANKOTTAI,614626
15246,THANJAVUR,Orathanadu,PUMS-SAMAYANKUDIKKADU,"SAMAYANKUDIKADU, ORATHANADU",614625
15247,THANJAVUR,Orathanadu,SEETHARAM INTERNATIONAL  SCHOOL - PALAMPUTHUR,"Pattukkottai main road , Palamputhur, orathanadu.palamputhur",614625
15248,THANJAVUR,Orathanadu,SENTAMIL MATRICULATION SCHOOL,,
15249,THANJAVUR,Orathanadu,SHANMUGAM MANDIR MATRIC HSS- PALAMPUTHUR,"PATTUKOTTAI MAIN ROAD PALAMPUTHUR,R.V.NAGAR ORATHANADU",614625
15250,THANJAVUR,Orathanadu,SRI RAMAVILAS HS-THENNAMANADU,"SRI RAMAVILAS HIGH SCHOOL EAST STREET
,THENNAMANADU ORATHANADU DT",614625
15251,THANJAVUR,Orathanadu,SRI SRI GNAN MANDIR MATRIC  HIGH  SCHOOL- VADAKKUR SOUTH -ORATHANADU THANJAVUR,"VADAKKUR SOUTH,NADU
NAGAR,POYYUNDARKOTTAI(PO),ORATHANADU(T.K),T HANJAVUR(D.T).VADAKKUR SOUTH,NADU",614902
15252,THANJAVUR,Orathanadu,SRI SRINIVASA  MATRIC HSS-ORATHANADU,kannanthankudi westMainroad,614625
15253,THANJAVUR,Orathanadu,ST.MARYS AIDED MS-ORATHANADU,"st marys middle school,nsouth market street, police station opp",614625
15254,THANJAVUR,Papanasam,"Abidean Matric High School, Thiruppalathurai","Abidean Matric High School, Thiruppalathurai, 17 OSJ Complex,Ethiraj street,",614205
15255,THANJAVUR,Papanasam,ADW MS - KELA MANCHERI,"ADWMS - KELA MANCHERI, KEELAMANCHERI, PAPANASAM TALUK, THANJAVUR DT.",612301
15256,THANJAVUR,Papanasam,ADW MS - MELA VALUTHUR,AATHITHIRAVIDAR WELFARE MIDDLE SCHOOL - RAILADY PUTHU THERU-MELAVALUTHOOR,614210
15257,THANJAVUR,Papanasam,ALIF MATRICULATION SCHOOL - VALUTHOOR,"ALIF MATRIC HIGH SCHOOL, 3-26-C, UMAR STREET, VALUTHOOR",614210
15258,THANJAVUR,Papanasam,AL-MUBEEN MATRICULATION HIGHER SECONDARY SCHOOL -AYYYAMPETTAI,"ALMUBEEN MATRIC HR SCONDARY SCHOOL, 14, station
road, Ayyampet.",614201
15259,THANJAVUR,Papanasam,ANJUMAN MATRIC HIGHER SECONDARY SCHOOL- AYYAMPETTAI,"ANJUMAN MATRIC HIGHER SECONDARY SCHOOL- AYYAMPETTAI,30 E, STATION ROAD,AYYAMPET.",614201
15260,THANJAVUR,Papanasam,CRESCENT MATRIC HIGHER SECONDARY SCHOOL -PANDARAVADAI,"CRESCENT MATRIC HSS, 1/158 WEST STREET,
PANDARAVADAI, PAPANASAM TK,THANAJAVUR , TAMILNADU",614204
15261,THANJAVUR,Papanasam,GHS - CHAKKARAPPALLI,"GOVERNMENT HIGH SCHOOL CHAKKARAPALLI, PAPANASAM TK, THANJAVUR DT.",614211
15262,THANJAVUR,Papanasam,GHS - ILUPPAKKORAI,"GHS ILUPPAKKORI, POONCHERY MAIN ROAD, ILUPPAKKORAI, THANJAVUR DISTRICT.",614202
15263,THANJAVUR,Papanasam,GHS - PATTAVARTHI,"GHS - PATTAVARTHI, MAIN ROAD,PATTAVARTHI, PAPANASAM TK, THANJAVUR DT.",612301
15264,THANJAVUR,Papanasam,GHS - VALKAI,"GHS VAZHKKAI, MANNIYAR, VAZHKKAI, PAPANASM TK, THANJAVUR DT.",614203
15265,THANJAVUR,Papanasam,GHS- RAMANUJAPURAM,"GHS RAMANUJAPURAM, KOVIL PTHTHU RAMANUJAPURAM, PAPANASAM TK, THANJAVUR DT.",614203
15266,THANJAVUR,Papanasam,GHS VANNIYADI,"GOVT HIGH SCHOOL, VANNIYADI,, PAPANASAM TALUK, THANJAVUR DT-614203",614203
15267,THANJAVUR,Papanasam,GHSS - AYYAMPETTAI,"GOVERNMENT HR SEC SCHOOL, AYYAMPETTAI, PAPANASAM TK, THANJAVUR DT.",614201
15268,THANJAVUR,Papanasam,GHSS - PAPANASAM (BOYS),"GHSS (B) PAPANASAM,THANJAVUR MAIN ROAD, PAPANASAM",614205
15269,THANJAVUR,Papanasam,GHSS - PULLAPUTHANKUDI,"GHSS - PULLAPUTHANKUDI, MAIN ROAD, PULLABOOTHANGUDI",612301
15270,THANJAVUR,Papanasam,GHSS - VEERAMANGUDI,"GHSS-VEERAMANGUDI, SOUTH ST, VEERAMANGUDI, PAPANASAM TK, THANJAVUR DT.",613204
15271,THANJAVUR,Papanasam,GHSS (GIRLS) - PAPANASAM,"GOVT GIRLS HR SEC SCHOOL THIRUPPALATHURAI, PAPANASAM",614205
15272,THANJAVUR,Papanasam,GOVINDASAMY MOOPANAR HIGH SCHOOL - KABISTHALAM,"GOVINDASAMY MOOPANAR HIGH SCHOOL -
KABISTHALAM, MAIN ROAD
KABISTHALAM, PAPANASAM TK, THANJAVUR DT.",614203
15273,THANJAVUR,Papanasam,HIDAYATHUN NISWAN GENERAL ARABIC GIRLS HIGHER SECONDARY SCHOOL-RAJAGIRI,"HIDAYATHUN NISWAN HSS, 1/31-3 MADARASA STREET,RAJAGIRI,PAPANASAM",614207
15274,THANJAVUR,Papanasam,JACK & JILL MATRIC HIGH SCHOOL - KABISTHALAM,"JACK & JILL MATRIC HIGH SCHOOL - KABISTHALAM, 2/10,MELA AGRAGARAM, KABISTHALAM.",614203
15275,THANJAVUR,Papanasam,KASSIMIA DAWOOD MS - RAJAGIRI,"kassimia dawood middle schoolkassimia street,Rajagiri",614207
15276,THANJAVUR,Papanasam,"KASSIMIA HIGHER SECONDARY SCHOOL, RAJAGIRI","4/84, MATHARASA STREET,RAJAGIRI",614207
15277,THANJAVUR,Papanasam,MANI MATRIC HIGH SCHOOL - GANAPATHY AGRAGARAM,"MANI MATRIC HIGH SCHOOL, Ganapathiagraharam, PAPANASAM TK, THANJAVUR DT.",614202
15278,THANJAVUR,Papanasam,MANI MATRIC HSS - KABISTHALAM,"NESAVALAR STREET, KABISTHALAM, kabisthalam",614203
15279,THANJAVUR,Papanasam,PATTUKOTTAI ALAGIRI MAT.HSS-PAPANASAM,"PATTUKOTTAI ALAGIRI MAT.HSS-PAPANASAM, SALIYAMANGALAM ROAD ,PAPANASAM",614205
15280,THANJAVUR,Papanasam,PUMS - ATHANUR,"PANCHAYATH UNION MIDDLE SCHOOL THANOOR, NEW STREET, ATHANOOR",612301
15281,THANJAVUR,Papanasam,PUMS - AYYAMPETTAI,"PANCHAYAT UNION MIDDLE SCHOOL, MANTHAKARA STREET , AYYAMPETTAI",614201
15282,THANJAVUR,Papanasam,PUMS - EACHANKUDI,"PANCHAYAT UNION MIDDLE SCHOOL,EACHANGUDI",613204
15283,THANJAVUR,Papanasam,PUMS - ELANGARKUDI,"panchayat union middle schoo-l Elangarkudi,  west street elangarkudi, Thanjavur dt.",614203
15284,THANJAVUR,Papanasam,PUMS - MELA MANCHERI,"PUMS-MELAMANCHARY, MANNIKARAIYUR, PAPANASAM TK, THANJAVUR DT.",612301
15285,THANJAVUR,Papanasam,PUMS - PANDARAVADI (NORTH),"PUMS - PANDARAVADI (NORTH),  MAIN ROAD, PANDARAVADAI, PAPANASAM TK, THANJAVUR DT.",614204
15286,THANJAVUR,Papanasam,PUMS - PAPANASAM,"PUMS PAPANASAM, MELAVEETHI, PAPANASAM, THANJAVUR DT.",614205
15287,THANJAVUR,Papanasam,PUMS - PASUPATHI KOVIL,"PUMS - PASUPATHI KOVIL, NORTH VELLALAR STREET, PASUPATHIKOVIL, PAPANASAM TK, THANJAVUR DT",614206
15288,THANJAVUR,Papanasam,PUMS - PERUMANGUDI,"Rayar street, gopurajapuram.",614205
15289,THANJAVUR,Papanasam,PUMS - PONPETHI,"PUMS PONETHI, WEST
STREET,PONPETHI,THIRUPPURAMBIYAM POST, THANJAVUR DT.",612303
15290,THANJAVUR,Papanasam,PUMS - SOOLAMANGALAM,"PUMS SOOLAMANGAM, PAPANASAM TK, THANJAVUR DT.",614206
15291,THANJAVUR,Papanasam,PUMS CHAKKARAPALLI (SOUTH),"PUMS CHAKKARAPALLI (SOUTH), BIG STREET, CHAKKARAPALLI, THANJAVUR DT",614211
15292,THANJAVUR,Papanasam,PUMS THIRUPALATHURAI,"PUMS THIRUPALATHURAI, NORTH MADAVILAGAM THIRUPALATHURAI, PAPANASAM TK, THANJAVUR DT.",614205
15293,THANJAVUR,Papanasam,PUMS UMAPALAPADI KARUPPUR,"PANCHAYATH UNION MIDDLE SCHOOL, AMMAN KOVIL STREET KARUPPUR, THANJAVUR DT.",614203
15294,THANJAVUR,Papanasam,RDB MATRICULATION HSS-PAPANASAM,"RDB MATRICULATION HSS-
PAPANASAM,SALIYAMANGALAM road papanasam",614205
15295,THANJAVUR,Papanasam,SOWKATHUL ISLAM BMS HSS- VALUTHUR,"SOWKATHUL ISLAMBMS HSS-VALUTHUR,5 MAIN ROAD,VALOOTHOOR",614210
15296,THANJAVUR,Papanasam,SRI. MAHAGANAPATHY MIDDLE SCHOOL - GANAPATHY AGRAGARAM,"SRI. MAHAGANAPATHY MIDDLE SCHOOL - GANAPATHY AGRAGARAM, AGRAHARAM,GANAPATHI AGRAHARAM.",614202
15297,THANJAVUR,Papanasam,"SRIVIDYASRAM MATRICULATION SCHOOL, VADAKURANGADUTHURAI","Srividyasram Matriculation School, Srividyasram Matriculation School, Cauveri Salai, Vadakurangaduthurai-614202.",614202
15298,THANJAVUR,Papanasam,ST. ANTONY S HIGH SCHOOL- PASUPATHIKOVIL,"ST. ANTONY S HIGH SCHOOL- PASUPATHIKOVIL,MAIN ROAD\PASUPATHIKOIL",614206
15299,THANJAVUR,Papanasam,"ST. BASTIN'S MATRICULATION HIGHER SECONDARY SCHOOL, PAPANASAM","ST. BASTIN'S MATRICULATION HIGHER SECONDARY
SCHOOL, PAPANASAM,Railway station Road,  Papanasam.",614205
15300,THANJAVUR,Papanasam,ST. GABRIELS GIRLS HIGHER SECONDARY SCHOOL PASUPATHI KOVIL,"ST.GABRIELS GIRLS HR.SEC SCHOOL,PASUPATHIKOIL, PASUPATHIKOIL, PAPANASAM TK, THANJAVUR DT.",614206
15301,THANJAVUR,Papanasam,ST. MARY'S MATRICULATION SCHOOL - PASUPATHIKOIL,"ST. MARY'S MATRICULATION SCHOOL -
PASUPATHIKOIL, Main Road , Pasupathikoil - 614206",614206
15302,THANJAVUR,Papanasam,ST.SABASTIN MS-PAPANASAM,"ST SABASTIN MIDDLE SCHOOL,RC CHURCH COMPOUND,PAPANASAM",614205
15303,THANJAVUR,Papanasam,STAR LIONS MATRIC HIGHER SECONDARY SCHOOL-AYYAMPET,"STAR LIONS MATRIC HIGHER SECONDARY SCHOOLO.9,AGRAHARAM ,AYYAMPET",614201
15304,THANJAVUR,Papanasam,"Tansri Ubaidulla Matriculation Higher Secondary School, Rajagiri","Tansri Ubaidulla Matriculation Higher Secondary School, 5/2 jamalia street, Rajaghiri.",614207
15305,THANJAVUR,Papanasam,THE HIGH SCHOOL - UMAYALPURAM,"THE HIGH SCHOOL - UMAYALPURAM, Main Road
Umayalpuram Papanasam Taluk",614203
15306,THANJAVUR,Pattukkottai,A.L MARTRICULATION SCHOOL- ADIRAMPATTINAM,NO:7 CMP LANEADIRAMPATTINAM,614701
15307,THANJAVUR,Pattukkottai,ADWHSS-PATTUKKOTTAI,"GOVT.(ADWHR.SEC.)SCHOOL,MELA THERU, PATTUKKOTTAI\PATTUKKOTTAI",614601
15308,THANJAVUR,Pattukkottai,AMS-ST.MICHAEL - MUTHALCHERI,MAINROADEAR BUS STOP,614602
15309,THANJAVUR,Pattukkottai,ANNAI THERASA  MATRIC SCHOOL- SEMBAALUR EAST PATTUKOTTAI,SEMBALUR-EASTPATTUKKOTTAI,614901
15310,THANJAVUR,Pattukkottai,ARUNODHAYA HSS-SENDANKADU,Vadaseri Main RoadSendangadu,614901
15311,THANJAVUR,Pattukkottai,BON SECOURS PUBLIC SCHOOL -CBSE- PATTUKKOTTAI,"Pannavayal Road,Pattukkottai",614602
15312,THANJAVUR,Pattukkottai,BRILLIANT -CBSE-PATTUKKOTAI,adirampattinam main roadpattukkottai,614701
15313,THANJAVUR,Pattukkottai,BRINDHAVAN HIGHER SECONDARY SCHOOL- SUKKIRANPATTI,"BRINDHAVAN NAGAR,SUKKIRANPATTI ALADIKUMULAI, PATTUKKOTTAI",614615
15314,THANJAVUR,Pattukkottai,BRINDHAVAN PUBLIC SCHOOL- SUKKIRANPATTI,sukkiranpattiPATTUKOTTAI,614601
15315,THANJAVUR,Pattukkottai,DHARMMABAL VEERAPPAN PUBLIC SCHOOL - POONAVARAYANKOTTAI,"229,main road\ponnavarayankottai",614602
15316,THANJAVUR,Pattukkottai,FIVE STAR MATRIC HSS PATTUKKOTTAI,"MADUKKUR MAIN ROADVALAVANPURAM , PATTUKKOTTAI",614601
15317,THANJAVUR,Pattukkottai,G(G)HSS-ADIRAMPATTINAM,"Adirampattinam main road, Adirampattinam",614701
15318,THANJAVUR,Pattukkottai,G(G)HSS-PATTUKKOTTAI,"Big Street, Pattukkottai,THANJAVUR-614601",614601
15319,THANJAVUR,Pattukkottai,GHS -Adirampattinam Karaiyur Theru,Mariyammankovil st\Adirampattinam,614701
15320,THANJAVUR,Pattukkottai,GHS -NADUVIKKOTTAI,"GOVERNMENT
HIGHSCHOOL,NADUVIKKOTTAI,PATTUKKOTTAI TALUK,THANJAVUR DISTRICT",614602
15321,THANJAVUR,Pattukkottai,GHS- SENDANKADU,Mannargudi RdSendangadu,614901
15322,THANJAVUR,Pattukkottai,GHS- T.MELAKADU,THIRUVARUR MAIN ROAD T MELAKADU,614704
15323,THANJAVUR,Pattukkottai,GHS-ALADIKKUMULAI,"Govt High school  ,Aladikkumulai",614615
15324,THANJAVUR,Pattukkottai,GHS-ENATHI,GOVERNMENT HIGH SCHOOL ENATHI  PATTUKKOTTAI,614615
15325,THANJAVUR,Pattukkottai,GHS-NAMBIVAYAL,NAMBIVAYAL po NAMBIVAYAL,614615
15326,THANJAVUR,Pattukkottai,GHSS- KARAMBAYAM,KARAMBAYAM    PATTUKKOTTAI THANJAVUR,614626
15327,THANJAVUR,Pattukkottai,GHSS- KAZHUKUPULIKKADU,ALIVALAM\PATTUKKOTTAI,614602
15328,THANJAVUR,Pattukkottai,GHSS- RAJAMADAM,"rajamadam,adirampattinam via",614701
15329,THANJAVUR,Pattukkottai,GHSS- THAMARANKOTTAI,"Thamarankottai (PO),  Pattukkottai (TK), Thanjavur (DT)",614613
15330,THANJAVUR,Pattukkottai,GHSS- THAMBIKKOTTAI VADAKADU,ECR THAMBIKKOTTAI VADAKADU,614704
15331,THANJAVUR,Pattukkottai,GHS-SENAGAPADUTHANKADU,SENGAPADUTHANKADU  POSTPATTUKKOTTAI  TALUK,614613
15332,THANJAVUR,Pattukkottai,GHSS-NATTUCHALAI,MARIYAMMAN KOIL NEARPANCHAYAT BOARD ROAD,614906
15333,THANJAVUR,Pattukkottai,GHS-SOORAPPALLAM,SOORAPPALLAM,614602
15334,THANJAVUR,Pattukkottai,GHSS-PUDUKOTTAI ULLUR,Near  MARIAMMAN KOVILpudukkottai ullur,614701
15335,THANJAVUR,Pattukkottai,GHSS-THUVARANKURICHI,MARIAMMAN KOVIL StTHUVARANKURICHI,614613
15336,THANJAVUR,Pattukkottai,GOLDEN INTERNATIONAL SCHOOL,,
15337,THANJAVUR,Pattukkottai,GOVERNMENT MODEL HIGHER SEC SCHOOL - PATTUKOTTAI,NADIMUTHU NAGAR PATTUKKOTTAI,614601
15338,THANJAVUR,Pattukkottai,IMAM SHAFI MAT HR SEC SCHOOL - ADIRAMPATTINAM,PATTUKKOTTAI ROADADIRAMPATTINAM,614701
15339,THANJAVUR,Pattukkottai,KHADIR  MOHIDEEN HSS BOYS ADIRAMPATTINAM,CUSTOMES ROAD ADIRAMPATTINAM,614701
15340,THANJAVUR,Pattukkottai,KHADIR  MOHIDEEN HSS GIRLS- ADIRAMPATTINAM,"Door no: 1,Middle street,\Adirampattinam",614701
15341,THANJAVUR,Pattukkottai,LAURAL SENIOR SEC. SCHOOL-PALLIKONDAN,"ADIRAMAPATTINAM MAIN ROAD, PALLIKONDAN-POST
, PATTUKKOTTAI -TALUK, THANJAVUR - DT",614602
15342,THANJAVUR,Pattukkottai,LAUREL HIGHER SECONDARY SCHOOL - PALLIKONDAN,"ADIRAMPATTINAM ROAD,PALLIKONDAN (PO), PATTUKKOTTAI -614602",614602
15343,THANJAVUR,Pattukkottai,M.G.M- HIGH SCHOOL- VALAVANPURAM,Vendakkottai RoadValavanpuram,614601
15344,THANJAVUR,Pattukkottai,MORDEN MATRIC HSS- SOORAPPALLAM,"Vadasery Road, SoorappallamPattukkottai",614601
15345,THANJAVUR,Pattukkottai,"Mount Carmel Matriculation Higher Secondary School- Adhirampattinam Road, Pattukkottai","Mount Carmel Matric. Hr. Sec. SchoolAdirampattinam road, Pattukkottai",614602
15346,THANJAVUR,Pattukkottai,MOUNT CARMEL PUBLIC SCHOOL,,
15347,THANJAVUR,Pattukkottai,MPLMS-  KANDIYANTHERU,KANDIYAN STREET PATTUKKOTTAI,614601
15348,THANJAVUR,Pattukkottai,MPLMS- JAYALAYAM,samumuthali street pattukkottai,614601
15349,THANJAVUR,Pattukkottai,MPLMS- PERUMALKOVIL,"perumalkovil street, pattukkottai",614601
15350,THANJAVUR,Pattukkottai,MPLMS- THANGAVEL NAGAR,"Municipal Middle school,THANGAVEL NAGAR
,PATTUKKOTTAI, 614601",614601
15351,THANJAVUR,Pattukkottai,MPLMS-MUSLIM THERU,Muslim streetPattukkottai,614601
15352,THANJAVUR,Pattukkottai,MPLMS-PALAYAM,Palayam\Bakkiyam Nagar,614601
15353,THANJAVUR,Pattukkottai,N.R. PUBLIC SCHOOL,"EAST COAST ROAD, THAMBIKOTTAI VADAKADU, PATTUKKOTTAI, THANJAVUR",
15354,THANJAVUR,Pattukkottai,"OXFORD MATRICULATION HIGHER SECONDARY
SCHOOL -PUDUKKOTTAI ULLUR, PATTUKKOTTAI ROAD",514 G PUDUKKOTTAI ULLUR PATTUKKOTTAI (TK),614701
15355,THANJAVUR,Pattukkottai,PUMS- ADHIRAMPATTINAM NADUTHERU,Middle street\Adirampattinam.,614701
15356,THANJAVUR,Pattukkottai,PUMS- ADHIRAMPATTINAM WEST,"Panchayat union middle school
West street ADIRAMPATTINAM",614701
15357,THANJAVUR,Pattukkottai,PUMS- ERIPURAKKARAI,"school street,Eripurakkarai",614701
15358,THANJAVUR,Pattukkottai,PUMS- ETTUPPULIKKADU,East street  ETTUPULIKKADU,614901
15359,THANJAVUR,Pattukkottai,PUMS- KEEZHATHOTTAM,Near ECR road\Keezhathottam,614701
15360,THANJAVUR,Pattukkottai,PUMS -KOTTAGUDI,kottagudipannavayal-po,614602
15361,THANJAVUR,Pattukkottai,PUMS- MANJAVAYAL,south streetmanjavayal,614613
15362,THANJAVUR,Pattukkottai,PUMS- PANNAVAYAL,NORTH STREET  PANNAVAYAL,614602
15363,THANJAVUR,Pattukkottai,PUMS- PARAKKALAKKOTTAI,Agamudaiyar streetParakkalakkottai,614613
15364,THANJAVUR,Pattukkottai,PUMS- PAZHANJUR,ADIRAMPATTINAM MAIN ROAD\PAZHANJUR,614701
15365,THANJAVUR,Pattukkottai,PUMS- PONNAVARAYANKOTTAI,school road\ponnavarayankkottai,614602
15366,THANJAVUR,Pattukkottai,PUMS -SANTHANKADU,"panchayat union middle school, santhankadu",614615
15367,THANJAVUR,Pattukkottai,PUMS -T.MARAVAKKADU,PANNAI STREETPUMS T.MARAVAKKADU,614704
15368,THANJAVUR,Pattukkottai,PUMS -THOKKALIKKADU,PUMSTHOKKALIKADU,614701
15369,THANJAVUR,Pattukkottai,PUMS -VENDAKKOTTAI,"NORTH STREET,NEAR MURUGAN TEMPLE,
MAIN ROAD. VENDAKKOTTAI.",614906
15370,THANJAVUR,Pattukkottai,PUMS-PALLIKONDAN,PALLIKONDAN,614602
15371,THANJAVUR,Pattukkottai,"Rethinakumar Memorial Saradha Vidhyalaya Matriculation School, Sunnambukara Street, Pattukkottai","sunnabukkara street,pattukkottai.",614601
15372,THANJAVUR,Pattukkottai,ST JOSEPH'S HIGHER SECONDARY SCHOOL SANJAYA  NAGAR,"Sanjaya  Nagar, Aladikumulai, (Po) Pattukkottai, (Tk)  Thanjavur, (Dt) 614 615.",614615
15373,THANJAVUR,Pattukkottai,ST. ISABEL GIRLS HIGHER SECONDARY SCHOOL - PATTUKOTTAI,MATHA KOVIL STREET\ PATTUKKOTTAI,614601
15374,THANJAVUR,Pattukkottai,ST.FRANCIS XAVIER'S HIGH SCHOOL- ANAIKKADU,"Mathakovil Street, AnaikkaduPattukkottai",614602
15375,THANJAVUR,Pattukkottai,ST.THOMAS HIGHER SECONDARY SCHOOL PATTUKKOTTAI,PANNAVAYAL ROAD PATTUKKOTTAI,614601
15376,THANJAVUR,Pattukkottai,TELC MS-PATTUKKOTTAI,HOSPITAL ROAD\PATTUKKOTTAI,614601
15377,THANJAVUR,Pattukkottai,THE LITTLE BIRD MATRIC-PATTUKKOTTAI,"335,BHARATHI SALAI ,KARIKKADU PATTUKKOTTAI PO&TK",614602
15378,THANJAVUR,Peravurani,ADWHS -  KALLURANIKKADU,ADI DRAVIDAR STREETKALLURANIKKADU,614803
15379,THANJAVUR,Peravurani,DELTA INTERNATIONAL SCHOOL - KURICHI,"No.1 Karpagam Avenue, Arathangi Road,Manavayal, Pattukkottai",614602
15380,THANJAVUR,Peravurani,DON BOSCO MATRIC  HR SEC SCHOOL - PUNALVASAL,"South street Punalvasal(post), Pattukkottai(tk)",614803
15381,THANJAVUR,Peravurani,"DR. J.C.KUMARAPPA CENTENARY VIDYA MANDIR
MATRIC  HIGHER SECONDARY SCHOOL - PERAVURANI",GANAPATHI NAGAR\PERAVURANI,614804
15382,THANJAVUR,Peravurani,GHS - ENATHIKARAMBAI,ENATHIKARAMBAI\AMMAIYANDI,614623
15383,THANJAVUR,Peravurani,GHS - KALAGAM,"GOVT.HIGH SCHOOLKALAGAM, PERAVURANI TK, THANJAVUR-DT",614804
15384,THANJAVUR,Peravurani,GHS - KONTRAIKADU,"kondraikkadu, kalagam-poperavurani-tk, thanjavur(dt)",614804
15385,THANJAVUR,Peravurani,GHS - PAINGAL,"GOVT HIGH SCHOOL,PAINGALPAINGAL",614623
15386,THANJAVUR,Peravurani,GHS - PINNAVASAL,PINNAVASAL PERAVURANI,614804
15387,THANJAVUR,Peravurani,GHS - SENGAMANGALAM,SengamangalamPeravurani,614804
15388,THANJAVUR,Peravurani,GHS - SITHUKADU,THANJAVUR(DT)TAMILNADU,614804
15389,THANJAVUR,Peravurani,GHS - SORNAKKADU,"sornakkadu(PO),Pattukottai(tk),thanavur(dist)-614804",614804
15390,THANJAVUR,Peravurani,GHS - VATTADIKOTTAI NORTH,VATTATHIKKOTTAI V KOLLAIKKADU POST,614628
15391,THANJAVUR,Peravurani,GHS- EDAIYATHI KONAR ST,EDAIYATHI KONAR STREETKONARSTREET,614628
15392,THANJAVUR,Peravurani,GHS- KALATHUR,KALATHUR WESTKALATHUR,614804
15393,THANJAVUR,Peravurani,GHSS - AVANAM,"AVANAM ( PO)
PERAVURANI (TK) THANJAVUR (DT)",614623
15394,THANJAVUR,Peravurani,GHSS - EDAIYATHI,GOVT. HIGHER SECONDARY SCHOOLEDAIYATHI,614628
15395,THANJAVUR,Peravurani,GHSS BOYS - PERAVURANI,karuppamanaiandavankoil,614804
15396,THANJAVUR,Peravurani,GHSS GIRLS- PERAVURANI,SETHU ROADPERAVURANI,614804
15397,THANJAVUR,Peravurani,GHSS -THIRUCHITRAMBALAM,melakadu melakadu,614628
15398,THANJAVUR,Peravurani,GHS-SERUVAVIDUTHI NORTH,seruvaviduthi northperavurani,614628
15399,THANJAVUR,Peravurani,INDIAN BANK EMPLOYEES ASSOCIATION  HIGH SCHOOL - KURICHI,"Kurichi, Kurichi Po, Pattukkottai TK, Thanjavur Dt.",614602
15400,THANJAVUR,Peravurani,KALAIMAGAL AIDED MIDDLE SCHOOL- THURAVIKKADU,"THURAVIKKADU, THIRUCHITRAMBALAM POST, PATTUKKOTTAI TALUK",614628
15401,THANJAVUR,Peravurani,KALAIMAGAL MATRIC HR SEC SCHOOL - THIRUCHITRAMBALAM,Thiruchitrambalam WestPattukkottai Tk,614628
15402,THANJAVUR,Peravurani,MUVENDAR MATRICULATION HIGHER SECONDARY SCHOOL - PERAVURANI,"Sengamangalam (Po),Peravurani (Tk), Thanjavur (Dt)",614804
15403,THANJAVUR,Peravurani,PUMS - PALATHALI,PALATHALIKURCHI-PO,614602
15404,THANJAVUR,Peravurani,PUMS - PERIYATHERKUKKADU,"PERIYATHERKUKADU, OTTANGADU POSTPATTUKKOTTAI TALUK",614803
15405,THANJAVUR,Peravurani,PUMS - POOVALUR WEST,"POOVALUR WEST, V.KOLLAIKKADU POSTPATTUKKOTTAI TALUK",614628
15406,THANJAVUR,Peravurani,PUMS - THULUKKAVIDUTHI NORTH,"PERIYANAYAKIPURAM , THULUKKAVIDUTHI NORTH",614623
15407,THANJAVUR,Peravurani,PUMS- KURUCHI,"PU MIDDLE SCHOOL, KURUCHIPERAVURANI BLOCK, PATTUKOTTAI TK",614602
15408,THANJAVUR,Peravurani,PUMS -METTUVAYAL,KurichiMettuvayal,614602
15409,THANJAVUR,Peravurani,PUMS -NATTANIKKOTTAI NORTH,NATTANIKKOTTAI NORTH  PERAVURANI,614804
15410,THANJAVUR,Peravurani,PUMS -POKKANVIDUTHI,POKKANVIDUTHI NORTH\THIRUCHITRAMBALAM PO,614628
15411,THANJAVUR,Peravurani,PUMS- PONNANKANNIKADU,MANIKKATTI ROAD\PONNANGANNIKKADU,614804
15412,THANJAVUR,Peravurani,PUMS- VALASAIKKADU,"THIRUCHITRAMBALAM POST, PATTUKKOTTAI TK, THANJAVUR DT",614628
15413,THANJAVUR,Peravurani,PUNITHA.AROKIYA.ANNAI AIDED HSS - PUNALVASAL,SCHOOL ROAD\PUNALVASAL,614803
15414,THANJAVUR,Peravurani,S.E.T. VIDHYADEVI MATRIC HR SEC SCHOOL - ALIVALAM,KONDIKULAM ALIVALAM PO,614602
15415,THANJAVUR,Peravurani,SRI VENKATESHWARA VIDHYALAYA CBSE SCHOOL - PERAVURANI,"VM.Krishnamoorthy Nagar,Aranthangi Road,Peravurani.",614804
15416,THANJAVUR,Peravurani,ST ANNES HIGH SCHOOL - ATHANUR,Karuppamanai po peravurani,614804
15417,THANJAVUR,Peravurani,ST.ANNE'S GIRLS HIGH SCHOOL - PUNALVASAL,"Punalvasal Post, Pattukkottai TK, Thanjavur DT",614803
15418,THANJAVUR,Peravurani,VR VEERAPPA MEMORIAL HR SEC SCHOOL - PERAVURANI,"M.K.KALYANASUNDARAM NAGER, KUPPLIKKADU PERAVURANI",614804
15419,THANJAVUR,Sethubavachatram,ABU MATRIC HSS- PUDUPATTINAM,"158A, SCHOOL ROADPUDHUPPATTINAM, RAJAMADAM POST, PATTUKKO",614701
15420,THANJAVUR,Sethubavachatram,ADWHS -NADUVIKURCHI,NADUVIKKURICHI   OTTANKADU,614803
15421,THANJAVUR,Sethubavachatram,ATLANTIC SCHOOL-VEERIYANKOTTAI,"464, atlantic international school veeriyankottai , peravurani, thanjavur",614802
15422,THANJAVUR,Sethubavachatram,GHS -KUPPATHEVAN,govt high school kuppathevankattumavadi post,614630
15423,THANJAVUR,Sethubavachatram,GHS -MUTHUKADU,"MUDHUKADU & (PO)PERAVURANI (TK) , THANJAVUR
(dt)",614612
15424,THANJAVUR,Sethubavachatram,GHS -NADIYAM,Govt. High SchoolNadiyam,614802
15425,THANJAVUR,Sethubavachatram,GHS -PUTHUTHERU,"ANNA NAGAR, PUTHUTHERU.THIVATHEVAN (PO)",614612
15426,THANJAVUR,Sethubavachatram,GHS -RENDAMPULIKADU,RendampulikaduNear arisana colony,614723
15427,THANJAVUR,Sethubavachatram,GHS SENTHALAIVAYAL,GHS SENTHALAIVAYAL  AMMANICHATHIRAM SBC - 614612,614612
15428,THANJAVUR,Sethubavachatram,GHS- SETHUBAVACHATRAM,MAIN ROADSETHUBAVACHATRAM,614802
15429,THANJAVUR,Sethubavachatram,GHS UDAYANADU,"GOVERNMENT HIGH SCHOOL ,UDAYANADU",614802
15430,THANJAVUR,Sethubavachatram,GHS -VILANKULAM,"VILANGULAM PO.PERAVURANI TK, THANJAVUR DTVILANGULAM PO.PERAVURANI TK, THANJAVUR DT",614612
15431,THANJAVUR,Sethubavachatram,GHSS -KARISAVAYAL,school roadKarisavayal,614723
15432,THANJAVUR,Sethubavachatram,GHSS- KURUVIKKARAMBAI,PattukkottaiThanjavur,614802
15433,THANJAVUR,Sethubavachatram,GHSS -MALLIPATTINAM,"Rendampulikadu Road, Mallipattinam",614723
15434,THANJAVUR,Sethubavachatram,GHSS- MANAKKADU,"GOVT HR SEC SCHOOL, MANAKKADU, MANAKKADU POST, PERAVURANI TK., THANJAVUR DIST-614 612",614612
15435,THANJAVUR,Sethubavachatram,GHSS -PALLATHUR,PALLATHURPALLATHUR,614803
15436,THANJAVUR,Sethubavachatram,GHSS -PERUMAGALUR,RK NAGARPERUMAGALUR,614612
15437,THANJAVUR,Sethubavachatram,KATHERINE MATRIC - CHINNAAVUDAIYARKOIL,CHINNA AVUDAIYAR KOVIL\RAJAMADAM POST,614701
15438,THANJAVUR,Sethubavachatram,PIONEER SCHOOL-CHOKKANATHAPURAM,"KRM NAGAR,CHOKKANATHAPURAM, PATTUKKOTTAI",614803
15439,THANJAVUR,Sethubavachatram,PUMS -CHINNAMANAI,ChinnamanaiMallipattinam,614723
15440,THANJAVUR,Sethubavachatram,PUMS -ETTIVAYAL,"Ettivayal, Andikkadu(Po)Pattukkottai(Tk), Thanjavur(Dt)",614723
15441,THANJAVUR,Sethubavachatram,PUMS- KALANIVASAL,KALANIVASAL POPERAVURANI  TK.  THANJAVUR  DT,614804
15442,THANJAVUR,Sethubavachatram,PUMS -KALYANARAMANATHAPURAM,"VIVEKANANDA NAGARPerumagalur post , peravurani (tk) , thanjavur (dt)",614612
15443,THANJAVUR,Sethubavachatram,PUMS -KATTAYANKADU UKKADAI,"PUMS KATTAIYANKADU UKKADAI,PATTUKKOTTAI(TK) THANJAVUR (Dt)",614803
15444,THANJAVUR,Sethubavachatram,PUMS -KODIVAYALMARAKKAVALASAI,"kodivayal marakkavalasai,udayanadu(post),peravurani- tk,thanjavur-614802",614802
15445,THANJAVUR,Sethubavachatram,PUMS -KOLLUKKADU,"KOLLUKKADU , RAJAMADAM (PO)pattukottai (tk) , THANJAVUR (DT)",614701
15446,THANJAVUR,Sethubavachatram,PUMS -MALLIPATTINAM SOUTH,"PUMS MallipattinamPattukottai Taluk, Thanjavur District",614723
15447,THANJAVUR,Sethubavachatram,PUMS -MARUNKAPPALLAM,"SETHU ROAD
MARUNGAPPALLAM,SETHUBAVASATHIRAM UNION THANJAVUR  DT",614802
15448,THANJAVUR,Sethubavachatram,PUMS -MUDACHIKKADU,MUDACHIKKADU  (PO) PERAVURANI  TK.  THANJAVUR DT,614804
15449,THANJAVUR,Sethubavachatram,PUMS -OMAVAYAL,KARAMBAKKADU POSTPERAVURANI TALUK,614802
15450,THANJAVUR,Sethubavachatram,PUMS -RETTAVAYAL,"rettavayal ukkadai,rattavayalperavurani post,thanjavur district",614612
15451,THANJAVUR,Sethubavachatram,PUMS- SAMBAIPATTINAM,"AMMANICHATRAM POST,PERUMAGALUR VIA\PERAVURANI TK, THANJAVUR DT",614612
15452,THANJAVUR,Sethubavachatram,PUMS- UMATHANADU,UMATHANADUPERAVURANI,614802
15453,THANJAVUR,Sethubavachatram,ROYAL PARK HIGH SCHOOL -NAVAKKOLLAI,navakkollai peravurani,614802
15454,THANJAVUR,Thanjavur(Rural),KAMALA SUBRAMANIAM MATRICULATION HIGHER SECONDARY SCHOOL-THANJAVUR,PUTHUKOTTAI ROAD\THANJAVUR,613005
15455,THANJAVUR,Thanjavur(Rural),A.A. SUGAR FACT. HS-KURUNGULAM,KURUNGULAM WEST\THANJAVUR,613303
15456,THANJAVUR,Thanjavur(Rural),AIDED  MS - KANDITHAMPATTU,kandithampattu\kandithampattu,614904
15457,THANJAVUR,Thanjavur(Rural),"AMRITA VIDYALAYAM, THANJAVUR","PALLIAGRAHARAM, KUMBAKONAM BYPASS JUNCTION, THANJAVUR",
15458,THANJAVUR,Thanjavur(Rural),AMS - SITHIRAKUDI,SITHIRAKUDI\THANJAVUR,613602
15459,THANJAVUR,Thanjavur(Rural),AMS - ST. XAVIER  VALLAM,"TRICHY MAIN ROAD, VALLAM, THANJAVUR",613403
15460,THANJAVUR,Thanjavur(Rural),AMS- AMMANPETTAI,"ARCADU AMMENPETTAI\VEDHIYAPURAM POST, THANJAVUR TK",613205
15461,THANJAVUR,Thanjavur(Rural),AMS- RAMAPURAM,RAMAPURAM POST\THANJAVUR,613003
15462,THANJAVUR,Thanjavur(Rural),ARULNERI HIGH SCHOOL- AMMANPETTAI,AMMANPETTAI\VEDIYAPURAM POST,613205
15463,THANJAVUR,Thanjavur(Rural),"BEST MATRICULATION HIGHER SECONDARY SCHOOL,  MARIYAMMANKOVIL","118/7A2, VICTORY NAGAR, THANJAI - NAGAI BYPASS ROUNDANATHANJAVUR",613501
15464,THANJAVUR,Thanjavur(Rural),BISHOP DEVADASS AMBROSE VIDYALAYA - THANJAVUR,"BISHOP SUNDRAM CAMPUS, PUDHUKOTTAI ROAD, THANJAVUR",613007
15465,THANJAVUR,Thanjavur(Rural),BLOSSOM BLUEBELLS ACADEMY - THIRUKKANURPATTI,BLOSSOM BLUEBELLS NURSERY AND PRIMARY SCHOOLTHIRUKANURPATTI,613303
15466,THANJAVUR,Thanjavur(Rural),BLOSSOM PUBLIC SCHOOL -SURAKKOTAI,KEELAVASTHACHAVADY\PATTUKOTTAI MAIN ROAD\THANJAVUR,614904
15467,THANJAVUR,Thanjavur(Rural),"C.S. MATRICULATION HIGHER SECONDARY SCHOOL, MARIYAMMANKOVIL",C.S.MATRIC.HR.SEC.SCHOOLMARIAMMANKOVIL\THANJ AVUR,613501
15468,THANJAVUR,Thanjavur(Rural),CHOLA INTERNATIONAL -THANJAVUR,"VILLAR TO CHOKALAI ROAD,KAANDITHAMPATTU (PO)KANDITHAMPATTU,THANJAVUR",614904
15469,THANJAVUR,Thanjavur(Rural),CHRIST INTERNATIONAL SCHOOL-NEELAGIRI,"RAHMAN NAGAR , FIRST STREET\MEDICAL COLLEGE ROAD , THANJAVUR",613004
15470,THANJAVUR,Thanjavur(Rural),"FR. ANTONY MATRIC HR.SEC.SCHOOL,VALLAM,THANJAVUR","ARUN NAGAR, TRICHY MAIN ROAD\VALLAM, THANJAVUR",613403
15471,THANJAVUR,Thanjavur(Rural),G (G)HSS (GIRLS) - MARIYAMMAN KOIL,SANNITHITHERUMARIYAMMANKOVIL/THANJAVUR,613001
15472,THANJAVUR,Thanjavur(Rural),GANDHI MISSION INTERNATIONAL SCHOOL (CBSE)-MATHUR WEST,KUMBAKONAM MAIN ROAD\MATHUR WEST\THANJAVUR,614206
15473,THANJAVUR,Thanjavur(Rural),GBHSS - MARIYAMMAN KOIL,KEEZHA STREET\MARIAMMANKOIL\THANJAVUR,613501
15474,THANJAVUR,Thanjavur(Rural),GBHSS - VALLAM,"ANNA NAGAR, VALLAM THANJAVUR DIST",613403
15475,THANJAVUR,Thanjavur(Rural),GHS - KASANADU PUDUR,KASNADUPUTHUR\THANJAVUR,614904
15476,THANJAVUR,Thanjavur(Rural),GHS - KOLLANKARAI,NADUVOOR POST\KOLLANGARAI\THANJAVUR,613904
15477,THANJAVUR,Thanjavur(Rural),GHS - KURUNGULAM EAST,KURUNGULAM EAST\THANJAVUR,613303
15478,THANJAVUR,Thanjavur(Rural),GHS - MATHUR (WEST),MATHUR POST\PASUPTHIKOVIL VIA\THANJAVUR,614206
15479,THANJAVUR,Thanjavur(Rural),GHS - N. VALLUNDANPATTU,N.VALLUNDANPATTU\THANJAVUR,613006
15480,THANJAVUR,Thanjavur(Rural),GHS - PANAVELI,"GOVERNMENT HIGH SCHOOL,  PANAVELI, VELLAMPERAMBUR PO",613101
15481,THANJAVUR,Thanjavur(Rural),GHS - THAZHAKKUDI,THITTAI POST\THAZHAKUDI\THANAJAVUR,613003
15482,THANJAVUR,Thanjavur(Rural),GHS- EZHUPPATTI,"Government High School, Ezhuppatti, Ravusapatti (PO), Thanjavur (Dt)",613403
15483,THANJAVUR,Thanjavur(Rural),GHS- KALLAPERAMPUR,MAIN ROAD\KALLAPERAMBUR,613601
15484,THANJAVUR,Thanjavur(Rural),GHS-PILLAIYARPATTI,KUDISAIMATTRUVARIYAM\PILLAIYARPATTI\THANJAV UR,613403
15485,THANJAVUR,Thanjavur(Rural),GHSS - ALAKKUDI,"ALAKKUDI,THANJAVUR",613601
15486,THANJAVUR,Thanjavur(Rural),GHSS - MARUNGULAM,50\KALIMAGAL VEEDHI MARUNGULAM \THANJAVUR,613006
15487,THANJAVUR,Thanjavur(Rural),GOVERNMENT MODEL HIGHER SECONDARY SCHOOL -VALLAM,"GOVERNMENT GIRLS HR. SEC. SCHOOL, TRICHY MAIN ROAD VALLAM.THANJAVUR DISTRICT",613403
15488,THANJAVUR,Thanjavur(Rural),"Government Model School, Thanjavur",,
15489,THANJAVUR,Thanjavur(Rural),GOVT ADW  HS -  MANOJIPATTI,UPPARIHAI STREET MANOJIPATTI,613004
15490,THANJAVUR,Thanjavur(Rural),HIDHAYATH MATRICULATION SCHOOL - VALLAM,"MEDICAL COLLEGE ROAD, OPP PERIYAR MANIYAMMAI UNIVERSITY, VALLAM THANJAVUR.",
15491,THANJAVUR,Thanjavur(Rural),KALAIMAGAL HR SEC SCHOOL VALLAM,"KASTHURI NAGAR PILLAIYARPATTI ,VALLAM",613403
15492,THANJAVUR,Thanjavur(Rural),KALAIMAGAL VIDHYA MANDIR SCHOOL - THANJAVUR RURAL,KALAIMAGALVIDYA MANDIR SCHOOL M.C ROAD VALLAM THANJAVUR,613403
15493,THANJAVUR,Thanjavur(Rural),KAMALA SUBRAMANIAM CBSE SCHOOL  - THANJAVUR,112 MATHAKOTTAI ROAD\THANJAVUR,613005
15494,THANJAVUR,Thanjavur(Rural),KENDRIYA VIDYALAYA  AF STATION,"MELAVASTHACHAVADI\PUDUKOTTAI ROAD,\THANJAVUR",613005
15495,THANJAVUR,Thanjavur(Rural),LITTLE SCHOLARS MATRICULATION HIGHER SECONDARY SCHOOL- THANJAVUR,"APPASAMY NAGAR,MARIYAL\THANJAVUR",613006
15496,THANJAVUR,Thanjavur(Rural),LITTLESCHOLARS(T)HS-PILOMINANAGER,"65,PHILOMINA NAGARANJIKKOTTAI ROAD\THANJAVUR",613006
15497,THANJAVUR,Thanjavur(Rural),PONNAIYAH  RAMAJAYAM PUBLIC SCHOOL- SOORAKOTTAI,"YAGAPPACHAVADY,SOORAKOTTAI",614904
15498,THANJAVUR,Thanjavur(Rural),PUMS - AMMANPETTAI,PUMS\AMMANPETTI,613205
15499,THANJAVUR,Thanjavur(Rural),PUMS - AYYASAMYPATTI,"AYYASAMIPATTI, MARUTHAKUDI, THIRUMALAI SAMUTHIRAM POST, THANJAVUR",613402
15500,THANJAVUR,Thanjavur(Rural),PUMS - COODALUR,PERIYA THERU\COODALUR\THANJAVUR,613003
15501,THANJAVUR,Thanjavur(Rural),PUMS - KALAIGNAR  NAGAR,KALAIGNAR NAGAR\THANJAVUR,613004
15502,THANJAVUR,Thanjavur(Rural),PUMS - KATTUR,PANCHAYAT UNION MIDDLE SCHOOL\KATTUR\THANJAVUR,614019
15503,THANJAVUR,Thanjavur(Rural),PUMS - KEELAVASTHACHAVADI,PATTUKOTTAI MAIN ROAD\KEELAVASTHACHAVADY\THANJAVUR,614904
15504,THANJAVUR,Thanjavur(Rural),PUMS - KULICHAPATTU,"PANCHAYAT UNION MIDDLE SCHOOL
\KULICHAPATTU\THANJAVUR",613501
15505,THANJAVUR,Thanjavur(Rural),PUMS - MAPPILLAINAYAGANPATTI,"PANCHAYAT UNION MIDDLE SCHOOL, MAPPILLAINAYAKKANPATTI",613403
15506,THANJAVUR,Thanjavur(Rural),PUMS - MARIYAL,MARIYAL\RMS COLONY POST\THANJAVUR,613006
15507,THANJAVUR,Thanjavur(Rural),PUMS - MELAMANOJIPATTI,SOUTH STREETMedical College Post,613004
15508,THANJAVUR,Thanjavur(Rural),PUMS - NAGATHI,PUMS.NAGATHI,613205
15509,THANJAVUR,Thanjavur(Rural),PUMS - NANCHIKKOTTAI,NANJIKOTTAI\THANJAVUR,613006
15510,THANJAVUR,Thanjavur(Rural),PUMS - RAVUSAPPATTI,"PANCHAYAT UNION MIDDLE SCHOOL, RAVUSAPPATTI",613403
15511,THANJAVUR,Thanjavur(Rural),PUMS - REDDYPALAYAM,"PANCHAYAT UNION MIDDLE SCHOOL,
REDDYPALAYAM, RAMANATHAPURAM POST, THANJAVUR",613004
15512,THANJAVUR,Thanjavur(Rural),PUMS - SAKKARASAMANTHAM,SAKKARASAMANTHAM\THANJAVUR,613002
15513,THANJAVUR,Thanjavur(Rural),PUMS - SURAKKOTTAI,SOUTH STREET\SOORAKKOTTAI\THANJAVUR,614904
15514,THANJAVUR,Thanjavur(Rural),PUMS - THENPERAMPOOR,THENPERAMPOOR\THANJAVUR,613101
15515,THANJAVUR,Thanjavur(Rural),PUMS - THIRUMALAISAMUDRAM,"THIRUMALAISAMUTHIRAM, THANJAVUR",613402
15516,THANJAVUR,Thanjavur(Rural),PUMS - THITTAI,PUMS/THITTAI,613003
15517,THANJAVUR,Thanjavur(Rural),PUMS - VALLAMPUDUR,VALLAMPUDHUR\THANJAVUR,613401
15518,THANJAVUR,Thanjavur(Rural),PUMS - VANNARAPETTAI,"VANNARAPETTAI,THANJVAUR",613610
15519,THANJAVUR,Thanjavur(Rural),RADIANT INTERNATIONAL  SCHOOL CBSE - MADHAKOTTAI,MADHAKOTTAI ROAD\THANJAVUR,613005
15520,THANJAVUR,Thanjavur(Rural),RAMYA SATHIANATHAN SENIOR SECONDARY SCHOOL(CBSE)-ALAKKUDI,ALAKKUDI ROAD\VALLAM\THANJAVUR,613403
15521,THANJAVUR,Thanjavur(Rural),"ST. JOSEPHS MATRICULATION HIGHER SECONDARY SCHOOL,  VILAR",VILAR BYPASS\ THANJAVUR,613006
15522,THANJAVUR,Thanjavur(Rural),ST. MARY'S HIGH SCHOOL  - THIRUKKANURPATTI,ST. MARYS HIGH SCHOOL THIRUKKANURPATTI,613303
15523,THANJAVUR,Thanjavur(Rural),ST.MARY'S HR SEC SCHOOL -MARIAMMANKOVIL,"SARASWATHI NAGAR ,MARIAMMAN KOVIL
\THANJAVUR.",613501
15524,THANJAVUR,Thanjavur(Rural),ST.MARYS HS - THILLAI NAGAR,"1188, Thillai Nagar , Villar road",613006
15525,THANJAVUR,Thanjavur(Rural),ST.MICHAEL'S HIGH SCHOOL - MADHAKKOTTAI,ST.MICHAEL'S HIGH SCHOOLMADHAKOTTAI\THANJAVUR,613005
15526,THANJAVUR,Thanjavur(Rural),THAMARAI INTERNATIONAL -KADAKADAPAI,"THAMARAI NAGAR,KARUNTHATTANKUDI,THANJAVUR",613002
15527,THANJAVUR,Thanjavur(Rural),Thanjavur District Government Model School,,
15528,THANJAVUR,Thanjavur(Rural),VELAMMAL BODHI CAMPUS  SCHOOL (CBSE)- NILAGIRI,Karups NagarNear spinning Mill,613005
15529,THANJAVUR,Thanjavur(Rural),YAGAPPA INTERNATIONAL. SCHOOL - THANJAVUR,ARUL GARDENS NEELAGIRI THERKKU THOOTAM\THANJAVUR,613004
15530,THANJAVUR,Thanjavur(Rural),YAGAPPA MATRICULATION HSS-KALAINGNAR NAGAR,ARUL GARDENS NEELAGIRI THERKKU THOTTAM\KALAINGNAR NAGAR\THANJAVUR,613004
15531,THANJAVUR,Thanjavur(Urban),SRI SAVITRI VID. MAT. HS-KARANTHAI- THANJAVUR,889 PARASURAMAR ST KARANTHAI THANJAVUR,613002
15532,THANJAVUR,Thanjavur(Urban),ALLWIN HSS-THANJAVUR,"SUNDARAM NAGAR, 4TH STREET, SHIVAJI NAGAR,THANJAVUR.613007",613007
15533,THANJAVUR,Thanjavur(Urban),AUXILIUM GIRLS HIGHER SECONDARY SCHOOL- THANJAVUR,OLD HOUSING UNITPUDUKOTTAI ROAD,613007
15534,THANJAVUR,Thanjavur(Urban),BHARATHA MADA MS-VANDIKARA THERU- THANJAVUR,ANTONY SAMY NAGARNANJIKOTTAI ROAD,613001
15535,THANJAVUR,Thanjavur(Urban),BLAKE AIDED HIGHER SECONDARY SCHOOL - M- CHAVADI-THANJAVUR,MAHARNOMBU CHAVADITHANJAVUR,613001
15536,THANJAVUR,Thanjavur(Urban),CHS- NEELAGIRI,MUNICIPAL COLONYMEDICAL COLLEGE ROAD,613007
15537,THANJAVUR,Thanjavur(Urban),CHSS-ANNANAGAR,ANNA NAGARTHANJAVUR,613006
15538,THANJAVUR,Thanjavur(Urban),CHSS-THENKEEL ALANGAM,SOUTH EAST RAMPARTTHANJAVUR,613001
15539,THANJAVUR,Thanjavur(Urban),CMS - KARANTHAI,CORPORATION MIDDLE SCHOOL \KARANTHAI,613002
15540,THANJAVUR,Thanjavur(Urban),CMS-CHINNAKADAITHERU,CHINNAKADAI STREET\THANJAVUR,613001
15541,THANJAVUR,Thanjavur(Urban),CMS-OLD HOUSING UNIT,"Corporation Middle schoolOld housing Unit , Thanjavur",613007
15542,THANJAVUR,Thanjavur(Urban),CMS-PALLIAGRAHARAM,middle streetpalliyagraharam,613003
15543,THANJAVUR,Thanjavur(Urban),CMS-SOWRASTRA THERU,"CORPORATION MIDDLE SCHOOLSOWRASTRA STREET, THANJAVUR",613001
15544,THANJAVUR,Thanjavur(Urban),CMS-VANDIKARATHERU,CORPORATION MIDDLE SCHOOL vandikkara street,613001
15545,THANJAVUR,Thanjavur(Urban),D.K.SUBBAIYAH NAIDU MS-THANJAVUR,2779 nanayakara chetty streetthanjavur,613001
15546,THANJAVUR,Thanjavur(Urban),DON BOSCO MATRIC HIGHER SECONDARY SCHOOL-THANJAVUR,"DON BOSCO MAT HR SEC SCHOOL, YAGAPPA NAGAR, THANJAVUR - 613 007",613007
15547,THANJAVUR,Thanjavur(Urban),GHSS (GIRLS) - THANJAVUR,EAST MAIN STREETTHANJAVUR,613001
15548,THANJAVUR,Thanjavur(Urban),GHSS -HEARING IMPAIRED (MEMBALAM),GOVT HR SEC SCHOOL FOR HEARING IMPAIRED MEMBALAM THANJAVUR,613001
15549,THANJAVUR,Thanjavur(Urban),GHSS(BOYS) - MEMBALAM-THANJAVUR,MembalamThanjavur,613001
15550,THANJAVUR,Thanjavur(Urban),GHSS-VISUALLY IMPAIRED(MEMBALAM),MEMBALAMTHANJAVUR,613001
15551,THANJAVUR,Thanjavur(Urban),GIRLS CHRISTIAN AIDED HR SEC SCHOOL-M- CHAVADI-THANJAVUR,manambuchavadyThanjavur,613001
15552,THANJAVUR,Thanjavur(Urban),GMS RAJAJI - THANJAVUR,"RAJAJI GOVERNMENT MIDDLE SCHOOLVOC NAGAR,THANJAVUR",613007
15553,THANJAVUR,Thanjavur(Urban),GNANAM MATRIC HIGHER SECONDARY SCHOOL- THANJAVUR,1271 KAMARAJAR STREET EAST GATE THANJAVUR,613001
15554,THANJAVUR,Thanjavur(Urban),INDIAN MATRIC HIGH SCHOOL - ESWARI NAGAR- THANJAVUR,"9,INDIAN MATRICULATION SCHOOL.REDDIPALAYAM ROAD",613004
15555,THANJAVUR,Thanjavur(Urban),JAINA FREE AIDED MIDDLE SCHOOL-KARANTHAI- THANJAVUR,"NO.24,JAINA MOOPA STREETKARANTHAI",613002
15556,THANJAVUR,Thanjavur(Urban),"KALYANASUNDARAM HIGHER SECONDARY SCHOOL, THANJAVUR","3, KALANJIYAM LANE, SAKKANAYAKAN STREETMELAVEETHI, THANJAVUR",613009
15557,THANJAVUR,Thanjavur(Urban),MAHARISHI VIDYA MANDIR CBSE SCHOOL - THANJAUVR,"7th cross, TPS NAGAR, M.C.Road, Thanjavur ,7th cross, TPS NAGAR, M.C.Road, Thanjavur",613007
15558,THANJAVUR,Thanjavur(Urban),MAKKAL  UZHIYA SANGAM AIDED MIDDLE SCHOOL-THANJAVUR,"DABEERKULAM ROADEAST GATE, THANJAVUR",613001
15559,THANJAVUR,Thanjavur(Urban),MAXWELL MATRICULATION HIGHER SECONDARY SCHOOL-THANJAVUR,"60, M.K.M. ROAD\M. CHAVADI",613001
15560,THANJAVUR,Thanjavur(Urban),MORNING STAR MATRICULATION SCHOOL THANJAVUR,"2667, RAJAGOPALASAMY KOIL STREET",613009
15561,THANJAVUR,Thanjavur(Urban),MUDAL THARA INDU AIDED MIDDLE SCHOOL- THANJAVUR,"no.53/795 attumandhai anjalkara streeteast gate,thanjavur.",613001
15562,THANJAVUR,Thanjavur(Urban),"NAV BHARAT MATRIC HR SEC SCHOOL M.C.ROAD, THANJAVUR.","7,NATARAJAPURAM  NORTH COLONY M.C ROAD,THANJAVUR",613004
15563,THANJAVUR,Thanjavur(Urban),ORIENTAL HSS-THERKKU VEETHI-THANJAVUR,1826  west main street thanjavur,613009
15564,THANJAVUR,Thanjavur(Urban),P.V.SELVARAJ (GIRLS) AIDED HR SEC SCHOOL- MEMBALAM-THANJAVUR,GANAPATHY NAGARTHANJAVUR,613007
15565,THANJAVUR,Thanjavur(Urban),PONNAIYAH RAMAJAYAM PUBLIC HR. SEC. SCHOOL - THANJAVUR,"state bank colonynadarajapuram,thanjavur",613004
15566,THANJAVUR,Thanjavur(Urban),RAILWAYCOLONY AIDED MIDDLE SCHOOL- THANJAVUR,SM ROADTHANJAVUR,613001
15567,THANJAVUR,Thanjavur(Urban),RAJAH'S HSS - ARANMANAI VALAGAM- THANJAVUR,PALACE CAMPUS THANJAVUR,613001
15568,THANJAVUR,Thanjavur(Urban),ROYAL MATRIC HIGHER SECONDARY SCHOOL - M.CHAVADI-THANJAVURI,SNM RAHMAN NAGAREAST GATE,613001
15569,THANJAVUR,Thanjavur(Urban),SACRED HEART (GIRLS)HSS - THANJAVUR,Marys cornor\Trichy Road,613001
15570,THANJAVUR,Thanjavur(Urban),"SEVENTH DAY ADVENTIST MATRIC HSS,VANDIKARATHERU-THANJAVUR","NO 1,NAGAI ROADTHANJAVUR",613001
15571,THANJAVUR,Thanjavur(Urban),SHRI VENKATESWARA MATRIC HIGHER SECONDARY SCHOOL-THANJAVUR,"37, GIRI ROAD, SRINIVASAPURAM, THANJAVUR.",613009
