S NO,DISTRICT,BLOCK NAME,SCHOOL NAME,SCHOOL ADDRESS,PINCODE
20315,TIRUVALLUR,Puzhal,"SRI V RAMAKRISHNA HSS, THIRUVOTRIYUR WARD 17","#51 A, NRS ROADTHIRUVOTTRIYUR",600019
20316,TIRUVALLUR,Puzhal,SRI VENKATESWARA PUBLIC SCHOOL (CBSE),"248/2, Gandhi Main Road, Sri Balaji Nagar Annex, Puzhal, Chennai - 600066",600066
20317,TIRUVALLUR,Puzhal,"ST ANNS MAT HSS, MADHAVARAM","THAPALPETTI, MADHAVARAM, CHENNAI - 600 060.",600060
20318,TIRUVALLUR,Puzhal,ST JOHN'S MATRICULATION SCHOOL,"19, ANBAZHAGAN STREETMANALI, CHENNAI",600068
20319,TIRUVALLUR,Puzhal,"ST JOSEPH MATRIC SCHOOL, MADHAVARAM","ST. JOSEPH'S MATRIC HR SEC SCHOOLASSISI NAGAR, MADHAVARAM, CHENNAI",600060
20320,TIRUVALLUR,Puzhal,"ST PAULS MAHAJ. HSS, KALADIPET",11 SATHANGADUKALADIPET CHENNAI,600019
20321,TIRUVALLUR,Puzhal,"ST THOMAS MAT HSS, MADHAVARAM","no 63  &64 ganapathynagar, madhavaram milk coloney,",600051
20322,TIRUVALLUR,Puzhal,"ST THOMAS MS, SATHUMA NAGAR","Christian Gardens,\Sathumanagar,",600019
20323,TIRUVALLUR,Puzhal,"ST. ANTONY'S MATRIC HIGHER SECONDARY SCHOOL, PUZHAL",14/D ST ANTONY'S MAIN ST PUZHAL,600066
20324,TIRUVALLUR,Puzhal,"ST. JOSEPH MAT. HSS, ENNORE","ST.JOSEPH'S MAT.HR.SEC.SCHOOL.ENNORE, CHENNAI",600057
20325,TIRUVALLUR,Puzhal,ST. PAUL'S MATRIC HR.SEC SCHOOL,"16  Dr Ambedkar st, puzhal",600066
20326,TIRUVALLUR,Puzhal,"ST. THOMAS MATRIC HSS, CHINNA SEKKADU","14 sai nagarchinnasekkadu,manali",6000
20327,TIRUVALLUR,Puzhal,ST. Thomas Silver Jubilee Matriculation school. Mathur,"NO 1799 ,THIRD MAIN ROADMATHUR,MMDA",600068
20328,TIRUVALLUR,Puzhal,"ST.ANNE'S GIRLS HR.SEC.SCHOOL,MADHAVARAM","152, G.N.T. ROADMADHAVARAM",600110
20329,TIRUVALLUR,Puzhal,ST.ANNES MAT SCH,"No.152,GNT ROADMADHAVARAM
,PONNIAMMANMEDU,CH",600152
20330,TIRUVALLUR,Puzhal,"ST.ANTONY'S MATRIC HSS, THIRUVOTRIYUR","No 9, 1st street Jothi nagarThiruvottiyur",600019
20331,TIRUVALLUR,Puzhal,ST.CHARLES MATRIC,"No.56, Moorthy Nagar, KathirveduNo.56, Moorthy Nagar, Kathirvedu",600066
20332,TIRUVALLUR,Puzhal,St.JOSEPH'S ACADEMY MATRICULATION HIGH SCHOOL,"RING ROAD HOUSING SECTOR,MADHAVARAM",600060
20333,TIRUVALLUR,Puzhal,"THE BELOVED MATRICULATION HIGHER SECONDARY SCHOOL , MATHUR","#119, MATHUR UNION ROAD, MATHUR, CH- 68.",600068
20334,TIRUVALLUR,Puzhal,"THE WESLEYS MS, KOLATHUR","No 14, Sastri NagarKolathur, Chennai",600099
20335,TIRUVALLUR,Puzhal,"THIRUTHANGAL NADAR VID, THIRUVOTRIYUR","NO 1051, T.H.ROAD, THANGAL, CHENNAI",600019
20336,TIRUVALLUR,Puzhal,VEERA SAVARKAR NETHAJI MATRICULATION SCHOOL,"14, Kumaran Street, Lakshmipuram, Kolathurkolathur, CHENNAI- 99",600099
20337,TIRUVALLUR,Puzhal,VELAMMAL GLOBAL INTERNATIONAL SCHOOL,"no 46,Ambuttur- Redhills RoadPuzhal,Chennai",600066
20338,TIRUVALLUR,Puzhal,"VELAMMAL MATRICULATION HIGHER
SECONDARY SCHOOL, SURAPET , CHENNAI - 600066",RED HILLS MAIN RAODSURAPET,600066
20339,TIRUVALLUR,Puzhal,"VELAMMAL NEW - GEN SCHOOL , THIRUVOTTIYUR","No.11/2,Block No. 19, Ward G, village road, Thiruvottiyur, Chennai, Tamilnadu -600019",600019
20340,TIRUVALLUR,Puzhal,"VELAMMAL VIDHYASHRAM, SURAPET",AMBATTUR REDHILLS ROADSURAPET,600066
20341,TIRUVALLUR,Puzhal,"VELLAIYAN CHETTIAR HSS, THIRUVOTRIYUR",04425733425\04425733425,600019
20342,TIRUVALLUR,Puzhal,"VELLAMMAL NEW GEN SCHOOL , SURAPET",10'ambathur main road,600066
20343,TIRUVALLUR,Puzhal,VELLAMMAL NEW GEN SCHOOL MADHAVARAM,"1005 Paalpannai road, madhavaram, chennai",600060
20344,TIRUVALLUR,Puzhal,"VENKATESWARA MATRIC, ERNAVUR","19-22, BHAJANAI KOIL STREET, NETHAJI NAGARERNAVOOR, CHENNAI",600057
20345,TIRUVALLUR,Puzhal,"VENUS HIGH SCHOOL , THIRUVOTRIYUR","No.5, Saraswathi Nagar, 1st StreeT, Thiruvottiyur, Chennai",600019
20346,TIRUVALLUR,Puzhal,"VICTORY MATRIC, THIRUVOTRIYUR","NO 60,VILLAGE STREET, THIRUVOTRIYUR,",600019
20347,TIRUVALLUR,Puzhal,VOC MATRIC HIGHER SECONDARY SCHOOL ENNORE,Donbasco Road Ennore ChennaiDonbasco Road Ennore Chennai,600057
20348,TIRUVALLUR,Puzhal,VRUKSHA VIDYAASHRAM SCHOOL,"INNER RING ROAD HOUSING SECTOR, MADHAVARAM, CHENNAI.",600060
20349,TIRUVALLUR,R.K.Pet,"A. M. K GOVT (G) HSS,AMMAYARKUPPAM",ARANERI TAMIL SANGAM STREETAMMAIYARKUPPAM,631301
20350,TIRUVALLUR,R.K.Pet,"ANM MS,AMMAIYARKUPPAM",THROWPATHIYAMMAN KOIL ST AMMAIYARKUPPAM,631301
20351,TIRUVALLUR,R.K.Pet,"AYYAN VID,VELLATHUR",vellathurR K PET,631303
20352,TIRUVALLUR,R.K.Pet,BILLABONG HIGH INTERNATIONAL SCHOOL,SVG PURAMTIRUTTANI,631304
20353,TIRUVALLUR,R.K.Pet,"GHS, ADHIVARAGAPURAM",KULAKKARAI STREET\ADHIVARAGAPURAM,631303
20354,TIRUVALLUR,R.K.Pet,"GHS, KONDAPURAM",SALAI STREETKONDAPURAM,631303
20355,TIRUVALLUR,R.K.Pet,"GHS,CHANNURMALLAVARAM","CHANNURMALLAVARAM VILLAGE AND POST,R K PET TALUK, TIRUVALLUR DIST, 631302",631302
20356,TIRUVALLUR,R.K.Pet,"GOVERNMENT HIGHER SECONDARY SCHOOL,SENGATANUR","Govt High school, SengattanurPallipet TK, Thiruvallur DT.",631302
20357,TIRUVALLUR,R.K.Pet,"GOVT (B) HSS, R.K.PET",PALLI PET ROAD \R K PET,631303
20358,TIRUVALLUR,R.K.Pet,"GOVT (G) HSS, R.K.PET",GGHSSR K PET,600303
20359,TIRUVALLUR,R.K.Pet,"Govt Girls High school,Vanganoor","4,GANDHI ROAD,VANGANOOR",631304
20360,TIRUVALLUR,R.K.Pet,GOVT HS ASWARANTHAPURAM,"NO.1, SCHOOL STREET",631302
20361,TIRUVALLUR,R.K.Pet,"GOVT HS, AYYANERI",ayyaneri,631303
20362,TIRUVALLUR,R.K.Pet,"GOVT HS,PERIYANAGAPOONDI",MAIN ROADPERIYANAGAPOONDI VILLAGE,631302
20363,TIRUVALLUR,R.K.Pet,"GOVT HS,RAJANAGARAM",9.58545E+19,631304
20364,TIRUVALLUR,R.K.Pet,"GOVT HS,VEERAMANGALAM",GHS\VEERAMANGALAM,631302
20365,TIRUVALLUR,R.K.Pet,"GOVT HSS,SRIKALIKAPURAM",VEERAMANGALAM ROADSRIKALIKAPURAM,631302
20366,TIRUVALLUR,R.K.Pet,"GOVT HSS,VANGANOOR",GANDHI ROAD VANGANOOR,631304
20367,TIRUVALLUR,R.K.Pet,"GOVT HSS,VEDIYANGADU",GHSS VEDIYANGADUVEDIYANGADU,631302
20368,TIRUVALLUR,R.K.Pet,"GOVTHSS, BALAPURAM","BALAPURAM  VILLAGE, R.K.PET  TALUK, THIRUVALLUR DISTRICT",631301
20369,TIRUVALLUR,R.K.Pet,MY DREAM MATRICULATION SCHOOL,,
20370,TIRUVALLUR,R.K.Pet,"PUMS,AMMANERI",VINAYAKAR KOIL SAVADI STREET,631303
20371,TIRUVALLUR,R.K.Pet,"PUMS,C G N KANDIGAI",ROAD STREETV K R PURAM POST,631205
20372,TIRUVALLUR,R.K.Pet,"PUMS,CHANDRAVILASAPURAM","PADASALAI STREET,
CHANDRAVILASAPURAM, R.K.PET BLOCK  & TALUK, PIN -631301",631301
20373,TIRUVALLUR,R.K.Pet,"PUMS,CHELLATHUR","SRI KRISHNAPURAM ROAD, CHELLATHUR, R K PET.",631303
20374,TIRUVALLUR,R.K.Pet,"PUMS,CHETTIVARIPALLI","P.U.M.SCHOOL, CHETTIVARIPALLI PERIYARAMAPURAM POST, THIRUVALLUR DISTRICT",631302
20375,TIRUVALLUR,R.K.Pet,"PUMS,DEVALAMBAPURAM",ROAD STREETDEVALAMBAPURAM,631302
20376,TIRUVALLUR,R.K.Pet,"PUMS,GOPALAPURAM",(via) ErumbiThiruvallur Dt,631302
20377,TIRUVALLUR,R.K.Pet,"PUMS,KATTUR",MAHANKALIKAPURAMAMMAIYARKUPPAM,631301
20378,TIRUVALLUR,R.K.Pet,"PUMS,KRISHNAKUPPAM",KRISHNAKUPPAM.VILLAGEMAILARWADA POST PALLIPAT TALUK,631302
20379,TIRUVALLUR,R.K.Pet,"PUMS,NEELOTH BALAPURAM","PUMS,NEELOTHBALAPURAM",631302
20380,TIRUVALLUR,R.K.Pet,"PUMS,R N KUPPAM","AMMAIYARKUPPAM Po, THIRUVALLUR DIST - 631301",631301
20381,TIRUVALLUR,R.K.Pet,"PUMS,RAJANAGARAM WEST",RAJANAGARAM(WEST)R.K.PET.BLOCK,631304
20382,TIRUVALLUR,R.K.Pet,"PUMS,S B KANDIGAI",VANGANOOR POST\S B KANDIGAI,631304
20383,TIRUVALLUR,R.K.Pet,"PUMS,SAHASRAPADMAPURAM","R K PET TK, SAHASRAPADMAPURAM, PINCODE 631302.",631302
20384,TIRUVALLUR,R.K.Pet,SARASWATHI MATRIC HIGHER SECONDARY SCHOOL,"sholinghur to walajah road, padmapurampadmapuram [sholinghur]",631302
20385,Tiruvallur,R.K.Pet,Saraswathi Vidyalaya Matric School,,
20386,TIRUVALLUR,R.K.Pet,SIVARANJINI MATRIC SCHOOL,CHINNA NAGA POONDIchinna naga poondi,631302
20387,TIRUVALLUR,R.K.Pet,"SRI AKSHAYA VIDYALAYA MATRICULATION
SCHOOL , AMMAYARKUPPAM ROAD , RKPET , THIRUVALLUR DISTRICT",AMMAIYARKUPPAM ROADRKPET,631303
20388,TIRUVALLUR,R.K.Pet,SRI ARUTSAI VETRI VIDYALAYA MATRIC HIGHER SECONDARY SCHOOL,"Tiruttani Road, S.V.G.Puram , R.K.Pet  Taluk, Thiruvallur Dist",631304
20389,TIRUVALLUR,R.K.Pet,SRI VAARIYAR VIDHYALAYA MATRICULATION SCHOOL,,
20390,TIRUVALLUR,R.K.Pet,"TMKV GOVT BOYS  HIGHER SECONDARY SCHOOL, ,AMMAYARKUPPAM","main street,kamachiammankovil",631301
20391,TIRUVALLUR,R.K.Pet,VETHATHIRI MAHARISHI HIGHER SECONDARY SCHOOL,"S V G PURAM VILLAGE, VANGANOOR POST & VILLTHIRUVALLUR DT",631304
20392,TIRUVALLUR,Sholavaram,"ALPHA MAT HSS,MONDIAMMAN NAGAR","2/314, JEEVA STREET\MONDIAMMAN NAGAR, REDHILLS",600052
20393,TIRUVALLUR,Sholavaram,CHILDRENS PARADISE MATRIC HR.SEC. SCHOOL,"3/127A KAMBAR STREEt,M.A. Nagar, Redhills, Chennai",600052
20394,TIRUVALLUR,Sholavaram,"DON BOSCO MATRIC HIGHER SECONDARY SCHOOL, KARANODAI","1/168, G.N.T. ROADKARANODAI, CHENNAI",600067
20395,TIRUVALLUR,Sholavaram,DR.GUPTA MATRIC SCHOOL,GNT roadAlinjivakkam,600067
20396,TIRUVALLUR,Sholavaram,"ELITE MAT.HSS, M.A.NAGAR, REDHILLS","2/220, Thilagar Street, M.A.Nagar, Redhills,Chennai",600052
20397,TIRUVALLUR,Sholavaram,"G.H.S.S,PADIANALLUR",INDIRGANDHI SALAIPADIYANALLUR,600052
20398,TIRUVALLUR,Sholavaram,GFC GLOBAL PUBLIC SCHOOL,,
20399,TIRUVALLUR,Sholavaram,"GHS, CHINNAMPEDU",10 PUDHU ROAD SAKKARAI CHETTYKULAMCHINNAMBEDU PONNERI TALUK,601206
20400,TIRUVALLUR,Sholavaram,"GHS, JAGANATHAPURAM",AMMAN KOIL STJAGANATHAPURAM,600067
20401,TIRUVALLUR,Sholavaram,"GHS, NEW ERUMAI VETTIPALAYAM",GHS NEW ERUMAIVETTIPALAYAMSHOLAVARAM,600067
20402,TIRUVALLUR,Sholavaram,"GHS, OLD ALAMATHY","Redhills Thiruvallur high road(Edapalayam)Old alamathi,chennai- 52",600052
20403,TIRUVALLUR,Sholavaram,"GHS, VICHOOR","GOVT HIGH SCHOOL\PERUMAL KOIL STREET,",600103
20404,TIRUVALLUR,Sholavaram,"GHS,ATHUR",NO. 51 / 1   ERUMAIVETTIPALAYAM MAIN ROAD ATHUR,600067
20405,TIRUVALLUR,Sholavaram,"GHS,ORAKKADU",ORAKKADUCHENNAI,600067
20406,TIRUVALLUR,Sholavaram,"GHSS, GNAYERU","GOVT HR SEC SCHOOL ,GNAYIRU",600067
20407,TIRUVALLUR,Sholavaram,"GOVT (B)  HSS, ARANI",MULIKI STREET\ARANI,601101
20408,TIRUVALLUR,Sholavaram,"GOVT (G) HSS, ARANI","5, BAZAAR ST., ATHIKULAMPONNERI TK., THIRUVALLUR DT.,",601101
20409,TIRUVALLUR,Sholavaram,"GOVT HSS (Boys) ,SHOLAVARAM",GNT ROADSHOLAVARAM,600067
20410,TIRUVALLUR,Sholavaram,"GOVT HSS(G),SHOLAVARAM",kavarai kula streetsholavaram,600067
20411,TIRUVALLUR,Sholavaram,"GOVT HSS,BUDUR",School RoadBudhur,600067
20412,TIRUVALLUR,Sholavaram,"GOVT.HS ,ANDARKUPPAM",ANADARKUPPAMPANCHETTI POST,601204
20413,TIRUVALLUR,Sholavaram,"GOVT.HSS,NEW ALAMATHI - MODEL",GOVERNMENT HIGHER SECONDARY SCHOOLALAMATHI,600052
20414,TIRUVALLUR,Sholavaram,GREEN FIELD MAT SCHOOL,PUDHUPAKKAM (NEAR ARUMANDHAI JUNCTION)BOOTHUR (POST) CHENNAI,600067
20415,TIRUVALLUR,Sholavaram,"KALAIMAGAL MS,PONDAVAKKAM",pondavakkamarani (via),601101
20416,TIRUVALLUR,Sholavaram,"M.B.S.VIVEKANANDA VIDHYALAYA, ARANI NORTH","#214, Bazaar streer, AraniPonneri Taluk",601101
20417,TIRUVALLUR,Sholavaram,"PUMS, ATTANTHANGAL","BAJANAI KOIL STREET,ATTANTHANGAL, SHOLAVARAM, CHENNAI",600052
20418,TIRUVALLUR,Sholavaram,"PUMS, GANDHI NAGAR",RAJAYOGI STREET\GANDHINAGAR,600052
20419,TIRUVALLUR,Sholavaram,"PUMS, MADHAVARAM","P.U.M.S MADHAVARAM SHOAVARAM BLOCK, THIRUVALLUR DT,",601204
20420,TIRUVALLUR,Sholavaram,"PUMS, NALLUR",CELLIYAMMAN KOIL ST\SHOLAVARAM POST,600067
20421,TIRUVALLUR,Sholavaram,"PUMS, OLD ERUMAI VETTIPALAYAM",OLDERUMAIVETTIPALAYAMSHOLAVARAM,600067
20422,TIRUVALLUR,Sholavaram,"PUMS, THIRUNILAI","Main Road , Thirunilai.  Vichur P.O",600103
20423,TIRUVALLUR,Sholavaram,"PUMS, VELLIVOYAL","PUMS vellivoyal, vichoor post, sholavaram block",600103
20424,TIRUVALLUR,Sholavaram,"PUMS,AMOOR",PERUMAL KOIL STREETAMOOR POST,601204
20425,TIRUVALLUR,Sholavaram,"PUMS,ATHIPEDU",Ellaiyamman koil street\Athipedu.Azhinjivakkam post,600067
20426,TIRUVALLUR,Sholavaram,"PUMS,B.SHANTHI NAGAR",B SHANTHI NAGARALAMATHY,60052
20427,TIRUVALLUR,Sholavaram,"PUMS,JANAPPAN CHATRAM",JANAPPAN CHATHRAMSHOLAVARAM,600067
20428,TIRUVALLUR,Sholavaram,"PUMS,MONDIAMMAN NAGAR",mondiamman nagarM.A.Nagar,600052
20429,TIRUVALLUR,Sholavaram,"PUMS,NEDUVARAMBAKKAM",AMMAN KOIL STREETPANCHETTI POST,601204
20430,TIRUVALLUR,Sholavaram,"PUMS,PADIANALLUR","PUMS PADIYANALLUR
PIN 600052",600052
20431,TIRUVALLUR,Sholavaram,"PUMS,PANCHETTI",PanchettiPanchetti,601204
20432,TIRUVALLUR,Sholavaram,"PUMS,SOTHUPERUMBEDU",SOTHUPERUMBEDUTHIRUVALLUR DT,600067
20433,TIRUVALLUR,Sholavaram,RDS VIDYA MANTHIR NUR & PRI,Thirunelai Road\Arani,601101
20434,TIRUVALLUR,Sholavaram,"SHRI GORANTLA RAMALINGAIAH VIVEKANANDA
VIDYALAYA THATCHUR KOOTU ROAD, , PANJETTI,, PONNERI TALUK",THATCHUR KOOTU ROAD PANJETTI POST,601204
20435,TIRUVALLUR,Sholavaram,"SRI KALAIVANI VIDHYALAYA MATRIC HIGHER SECONDARY SCHOOL.,","1/1725 A T.H ROAD,ATTANTHANGALREDHILLS,CHENNAI",600052
20436,TIRUVALLUR,Sholavaram,SRI KRISH INTERNATIONAL SCHOOL,,
20437,TIRUVALLUR,Sholavaram,"ST.JOSEPH MATRIC SCHOOL,MONDIAMMAN NAGAR","2/415, JEEVA STREET,MONDIAMMAN NAGAR, REDHILLS, CHENNAI",600052
20438,TIRUVALLUR,Sholavaram,"ST.JOSEPH MS,MONDIAMMAN NAGAR","415, JEEVA ST,M.A.NAGAR , REDHILLS",600052
20439,TIRUVALLUR,Sholavaram,"ST.MARYS MATRIC HSS,REDHILLS","2/537,thiruvallur koot road,padiyanallur,redhills,chennai",600052
20440,TIRUVALLUR,Sholavaram,VELAMMAL INTERNATIONAL,THE VELAMMAL INTERNATIONAL SCHOOLKOLKOTTA HIGH ROAD,601204
20441,TIRUVALLUR,Sholavaram,VELAMMAL MATRICULATION HIGHER SECONDARY SCHOOL PONNERI,"VELAMMAL MATRIC HR. SEC. SCHOOLVELAMMAL
KNOWLEDGE PARK, PONNERI HIGH ROAD, PANCHETTI, PONNERI",601204
20442,TIRUVALLUR,Sholavaram,"VIVEKANANDA MATRIC HIGHER SECONDARY SCHOOL, ATTANTHANGAL","1/1899, SOLAI AMMAN KOIL MAIN ST, ARIGNAR ANNA NAGAR, ATTANTHANGAL",600052
20443,TIRUVALLUR,Thiruvalangadu,AISHIKA MATRICULATION SCHOOL,"NO.1.Sri subramaniyam nagar,Kanakamachatram main
road,ThiruvalangaduNO.1.Sri subramaniyam nagar,Kanakamachatram main road,Thiruvalangadu",631210
20444,TIRUVALLUR,Thiruvalangadu,EVERGREEN MATRICULATION SCHOOL,,
20445,TIRUVALLUR,Thiruvalangadu,"GHS, CHIVADA","Chivvada PO, Tiruttani TK",631201
20446,TIRUVALLUR,Thiruvalangadu,"GHS, KAVERIRAJAPURAM","KAVERIRAJAPURAM MAIN ROAD,KAVERIRAJAPURAM",631210
20447,TIRUVALLUR,Thiruvalangadu,"GHS, MANAVUR","GOVT HIGH SCHOOL,MANAVUR.",631210
20448,TIRUVALLUR,Thiruvalangadu,"GHS, NEMILI","nemilimain road,",631201
20449,TIRUVALLUR,Thiruvalangadu,"GHS, THUMBIKULAM",THUMBIKULAM VILLAGETHALAVEDU POST,631209
20450,TIRUVALLUR,Thiruvalangadu,"GHSS, ARUNGULAM",Main RoadArungulam Vill & Post,631201
20451,TIRUVALLUR,Thiruvalangadu,"GHSS, KANAGAMMACHATRAM",THIRUTTANIKANAGAMMA CHATRAM,631204
20452,TIRUVALLUR,Thiruvalangadu,"GHSS, POONIMANGADU",GOVT HR.SEC.SCHOOLPOONIMANGADU,631212
20453,TIRUVALLUR,Thiruvalangadu,"GHSS, THIRUVALANGADU",ARAKKONAM MAIN ROADTHIRUVALANGADU,631210
20454,TIRUVALLUR,Thiruvalangadu,"GOVT ADW HS, PERIYAKALAKATTUR",G ADW HIGH SCHOOL PERIYAKALAKATTUR,631210
20455,TIRUVALLUR,Thiruvalangadu,"GOVT HSS, ARCOT KUPPAM",chennai to thirupathi highwaythiruttani tk,631204
20456,TIRUVALLUR,Thiruvalangadu,"PUMS, ATHIPATTU","pums athipattutiruthani(tk),thiruvallur(dt)",631210
20457,TIRUVALLUR,Thiruvalangadu,"PUMS, CHAKKARAMALLUR",PUMS CHAKKARAMALLURTHIRUVALANGADU POST,631210
20458,TIRUVALLUR,Thiruvalangadu,"PUMS, CHINNAMANDALLI",p u m school\chinnamandali,631402
20459,TIRUVALLUR,Thiruvalangadu,"PUMS, CHINNAMMAPET",CHINNAMMAPET,631210
20460,TIRUVALLUR,Thiruvalangadu,"PUMS, HARICHANDRAPURAM","Harichandrapuram Village, Harichandrapuram Post, Thiruvalangadu Block,Tiruttani Taluk, Thiruvallur Dist",631210
20461,TIRUVALLUR,Thiruvalangadu,"PUMS, KANCHIPADI",KANCHIPADI VILLAGE AND POST TIRUTTANI TALUK,631204
20462,TIRUVALLUR,Thiruvalangadu,"PUMS, LAKSHMAPURAM","lakshamapuram
nabalur(po)tiruthani(tk)thiruvallur(dt)lakshamapuram nabalur(po)tiruthani(tk)thiruvallur(dt)",631204
20463,TIRUVALLUR,Thiruvalangadu,"PUMS, NABALUR","PANCHAYAT UNION MIDDLE SCHOOL, NABALUR",631204
20464,TIRUVALLUR,Thiruvalangadu,"PUMS, NALLATHUR","Panchayat Union Middle School,Nallattoor.",631209
20465,TIRUVALLUR,Thiruvalangadu,"PUMS, PAGASALAI",Maniyagara streetpagasalai,631210
20466,TIRUVALLUR,Thiruvalangadu,"PUMS, RANGAPURAM",Rangapuram RAMAPURAM POST,631204
20467,TIRUVALLUR,Thiruvalangadu,"PUMS, THAZHAVEDU H/C",PUMS Thalavedu colonyThiruvalangadu block,631209
20468,TIRUVALLUR,Thiruvalangadu,"PUMS, THOZHUDHAVOOR","PALLA STREET,  THOZHUDAVURTHIRUTHANI TALUK,THIRUVALLUR DT",631210
20469,TIRUVALLUR,Thiruvalangadu,"PUMS, VEERARAGAVAPURAM",NADU STREETVEERARAGAVAPURAM,631210
20470,TIRUVALLUR,Thiruvalangadu,"SRI SATHYA SAI MAT. SCHOOL, PUDUR","JAYAVEL NAGAR, KANCHIPADITIRUVALLUA TO TIRUTTANI BYEPASS",631204
20471,TIRUVALLUR,Thiruvalangadu,ST. JOSEPH'S MATRIC HIGHER SECONDARY SCHOOL,veerakoilveeraragavapuram P.O,631210
20472,TIRUVALLUR,Thiruvalangadu,"VIDYA SETHRA, LAKSHMAPURAM","238, LAKSHMAPURAMNABALUR PO,TIRUTTANI",631206
20473,TIRUVALLUR,Thiruvallur,ABS VIDHYA MANDHIR,"Thalakanchery Road, Iveli agaram,Thiruvallur",602021
20474,TIRUVALLUR,Thiruvallur,ABS VIDHYAALAYAA MATRIC HIGHER SECONDARY SCHOOL,"Thalakanchery Road, Iveli Agaram",602021
20475,TIRUVALLUR,Thiruvallur,ADW HS PUNGATHUR,PUNGATHURTHIRUVALLUR,602001
20476,TIRUVALLUR,Thiruvallur,BHARATHI MATRICULATION SCHOOL RAJAJIPURAM,"320, Nakkeeran stRajajipuram, Thiruvallur",602001
20477,TIRUVALLUR,Thiruvallur,BHARATHIDASAN  MATRICULATION HIGHER SECONDARY SCHOOL,"2 LANE, MOHAMMED ALI STREETTHIRUVALLUR",602001
20478,TIRUVALLUR,Thiruvallur,"CALAVALA CUNNAN CHETTY''S HINDU
MATRICULATION HIGHER SECONDARY SCHOOL, KAKKALUR",CTH ROADKAKKALUR,602003
20479,TIRUVALLUR,Thiruvallur,"CARMEL PUBLIC SCH,SEVVAPET",MANIKKA GRAMANI NAGARVEPPAMPATTU,602024
20480,TIRUVALLUR,Thiruvallur,CHINNI SRIRAMALU CHEETY VIVEKANENDA VIDYALAYA  MATRICULATION  SCHOOL,"No.1, School RoadMaruthi New Town, Kakkalur",602001
20481,TIRUVALLUR,Thiruvallur,"CSI GOUDIE HR SEC SCH, TRL","CSI GOUDIE HIGHER SECONDARY SCHOOL40 NORTHRAJA STREET, TIRUVALLUR",602001
20482,TIRUVALLUR,Thiruvallur,"CSI HIGH SCHOOL, IKKADU","Mission Compound, RH RoadIkkadu",602021
20483,TIRUVALLUR,Thiruvallur,"DRBCCCH HR.SEC.SCHOOL,TIRUVALLUR",1 and  2 mothilal streetthiruvallur,602001
20484,TIRUVALLUR,Thiruvallur,GHS VILAPAKKAM,"GOVERNMENT HIGH SCHOOL, KARIKALAVAKKAM POST, VILAPAKKAM-602021.",602021
20485,TIRUVALLUR,Thiruvallur,"GHS,MELAKONDAIYUR","Govt High School, Melakondaiyur Sivanvoyal Post",602024
20486,TIRUVALLUR,Thiruvallur,"GHS,VEPPAMPATTU",GHS VEPPAMPATTU,602024
20487,TIRUVALLUR,Thiruvallur,GNANA VIDYALAYA MATRICULATION  HIGHER SECONDARY SCHOOL,"NO.210/7, C V NAIDU ROAD, TIRUVALLUR - 602 001",602001
20488,TIRUVALLUR,Thiruvallur,"Government Model School, Tiruvallur",,
20489,TIRUVALLUR,Thiruvallur,"GOVT(G)HR.SEC.SCHOOL,TRL",VM NAGARTIRUVALLUR,602001
20490,TIRUVALLUR,Thiruvallur,GOVT. GIRLS HS VELLIYUR,MAIN ROADVELLIYUR,601103
20491,TIRUVALLUR,Thiruvallur,"GOVT. MODEL SCHOOL, TIRUR",GHS[MODEL]TNHB TIRUR,602025
20492,TIRUVALLUR,Thiruvallur,"GOVT. WEL (B) HSS, SEVVAPET","GOVT ADW BOYS HR. SEC. SCHOOL
SEVVAPET CTH ROAD THIRUVLLUR",602025
20493,TIRUVALLUR,Thiruvallur,"GOVT. WEL (G) HSS, SEVVAPET",sevvapetThirur Post,602025
20494,TIRUVALLUR,Thiruvallur,"GOVT. WELFARE MS, PERUMALPATTU","PERUMALPATTU,THIRUVALLUR",602024
20495,TIRUVALLUR,Thiruvallur,GOVT.HIGH.SCH.KILAMBAKKAM,KILAMBAKKAM-602025 THIRUVALLUR DISTRICT,602025
20496,TIRUVALLUR,Thiruvallur,"GOVT.HIGH.SCHOOL,PAKKAM",THIRUVALLUR ROADPAKKAM WEST,602024
20497,TIRUVALLUR,Thiruvallur,"GOVT.HR.SEC.SCHOOL,KAKKALUR",C T H ROADKAKKALUR,602003
20498,TIRUVALLUR,Thiruvallur,"GOVT.HR.SEC.SCHOOL,VELLIYUR",VELLIYURVELLIYUR,601103
20499,TIRUVALLUR,Thiruvallur,GRACY SCH FOR MR,NO 127 KOMATHI AMMAN NAGARBETHELPURAM IKKADU,602021
20500,TIRUVALLUR,Thiruvallur,GUILD OF SERVICES BALAVIGHAR SPL SCH,2/175 Railway station Road89-Veppampattu,602024
20501,TIRUVALLUR,Thiruvallur,JACOB MATRIC HIGHER SECONDARY SCHOOL,"No 4, Judges colony, I streetPeriyakuppam, Thiruvallur",602001
20502,TIRUVALLUR,Thiruvallur,"KAMARAJ MATRICULATION SCHOOL, TIRUVALLUR",NO 82 PERUMAL STREET,602001
20503,TIRUVALLUR,Thiruvallur,"KMN&BROS MUNICIPAL HIGHER SEC
,SATHYAMURTHY STREET","sathyamoorthy Street, THIRUVALUR- 602001",602000
20504,TIRUVALLUR,Thiruvallur,KURUNJI CBSE SCHOOL,KURINCHI NAGARTHANNEERKULAM,602003
20505,TIRUVALLUR,Thiruvallur,MAHAKAVI BHARATHIYAR HSS - KASUVA,SEVALAYA CAMPUSKASUVA VILLAGE,602024
20506,TIRUVALLUR,Thiruvallur,"MOTHER TERESA MEM SS,PERIYAKUP","No: 5/2, Karkuzhai street, PeriyakuppamNo: 5/2, Karkuzhai Street, Periyakuppam",602001
20507,TIRUVALLUR,Thiruvallur,"MUN. HR . SEC SCHOOL, TRL","RAJAJI SALAI, THIRUVALLUR",602001
20508,TIRUVALLUR,Thiruvallur,"MUN. MS, LAKSHMIPURAM, TRL","lakshmipuram,  thiruvallur",602001
20509,TIRUVALLUR,Thiruvallur,"MUN. MS, NGGO COLONY, TRL",NGGO ColonyThiruvallur,602001
20510,TIRUVALLUR,Thiruvallur,"MUN. MS, NORTH RAJA ST, TRL","MUNICIPAL MIDDLE SCHOOLNORTHRAJA STREET,THIRUVALLUR",602001
20511,TIRUVALLUR,Thiruvallur,"MUN. MS, PERIA KUPPAM","4,J.N.ROADPERIYAKUPPAM,TIRUVALLUR",602001
20512,TIRUVALLUR,Thiruvallur,"PUMS, ARANVOYAL",ARANVOYALTHIRUVALLUR,602025
20513,TIRUVALLUR,Thiruvallur,"PUMS, ARANVOYAL KUPPAM",pums aranvoyal kuppampums aranvoyal kuppam,602025
20514,TIRUVALLUR,Thiruvallur,"PUMS, AYALUR","AYALUR ,KILAMBAKKAM POST",602025
20515,TIRUVALLUR,Thiruvallur,"PUMS, AYATHUR","PANCHAYAT UNION MIDDLE SCHOOL,,AYATHUR\VEPPAMPATTU POST",602024
20516,TIRUVALLUR,Thiruvallur,"PUMS, KALYANA KUPPAM","PUMS,KALYANAKUPPAM, IKKADU ,THIRUVALLUR",602021
20517,TIRUVALLUR,Thiruvallur,"PUMS, KARIKALAVAKKAM",NEW COLONY\KARIKKALAVAKKAM,602021
20518,TIRUVALLUR,Thiruvallur,"PUMS, KILANUR","PUMS KILANURTIRUVALLUR DIST.,",602021
20519,TIRUVALLUR,Thiruvallur,"PUMS, PERUMALPATTU",PANCHAYAT UNION MIDDLE SCHOOL  PERUMALPATTU,602024
20520,TIRUVALLUR,Thiruvallur,"PUMS, PULLARAMPAKKAM","PUMSchool,Ponniamman StreetPullarampakkam",602023
20521,TIRUVALLUR,Thiruvallur,"PUMS, PUNNAPAKKAM","PUMS,PUNNAPAKKAMTHIRUVALLUR",602021
20522,TIRUVALLUR,Thiruvallur,"PUMS, PUTLUR",MGR NAGAR\PUTLUR,602025
20523,TIRUVALLUR,Thiruvallur,"PUMS, THALAKANCHERI",PUMSTHALAKANCHERITHIRUVALLUR,602021
20524,TIRUVALLUR,Thiruvallur,"PUMS, THANEERKULAM",SCHOOL STEERTTHANNEERKULAM,602003
20525,TIRUVALLUR,Thiruvallur,"PUMS, THOZHUR",PANCHAYAT UNION MIDDLE SCHOOL\THOZHUR,602025
20526,TIRUVALLUR,Thiruvallur,"PUMS, VISHNUVAKKAM",PUMS VISHNUVAKKAM\THIRUVALLUR,602021
20527,TIRUVALLUR,Thiruvallur,RAJA NATIONAL  MATRIC HIGHER SECONDARY SCHOOL,"NO 35,SAKTHI NAGARPERUMALPATTU",602024
20528,TIRUVALLUR,Thiruvallur,RM JAIN VIDHYASHRAM SENIOR SECONDARY SCHOOL,V M NAGARTIRUVALLUR,602001
20529,TIRUVALLUR,Thiruvallur,SHREE NIKETAN MATRIC HIGHER SECONDARY SCHOOL,"NO.1 SIVA VISHNU KOVIL STREET ,RAJAJI PURAM, TIRUVALLUR",602001
20530,TIRUVALLUR,Thiruvallur,"SIDHAARTHA MATRIC HIGHER SECONDARY SCHOOL, SEVVAPET",FCI COLONYSEVVAPET,602025
20531,TIRUVALLUR,Thiruvallur,"SREE HARI SARADHA VIDYALAYA MATRICULATION SCHOOL , PAKKAM","No.3/369, KTP ROAD, VENKATESAPUARAMPAKKAM THIRUVALLUR DT & TK",602024
20532,TIRUVALLUR,Thiruvallur,SREE MAHALAKSHMI VIDYALAYA MATRIC HIGHER SECONDARY SCHOOL,"1/375 PANCHAYAT UNION ROAD,87VEPPAMPET87 VEPPAMPET",602024
20533,TIRUVALLUR,Thiruvallur,SRI ARAVINDAR MATRIC.SCHOOL,"3/311, DUNLOP NAGAR\VEPPAMPATTU",602024
20534,TIRUVALLUR,Thiruvallur,SRI GNANABANU VIDYALAYA  MATRIC  SCHOOL,"551, kumaran nagar",602024
20535,TIRUVALLUR,Thiruvallur,SRI LAKSHMI HR.SEC.SCHOOL,NO 5 MOHAMMED ALI II^ND STREET(OPP AKSHIYA BHAVAN) THIRUVALLUR,602001
20536,TIRUVALLUR,Thiruvallur,SRI RAM VIDHYA MANDIR MATRICULATION HIGHER SECONDARY SCHOOL,PERUMALPATTUEAR VEPPAMPATTU RAILWAY STATION,602024
20537,TIRUVALLUR,Thiruvallur,SRI VENKATESWARA MATRIC HIGHER SECONDARY SCHOOL,46/3 EAST TANK ROAD THIRUVALLUR,602001
20538,TIRUVALLUR,Thiruvallur,SRI.R.M.JAIN VIDHYAPEETH MATRIC HIGHER SECONDARY SCHOOL,V.M NAGARV.M. NAGAR,602001
20539,TIRUVALLUR,Thiruvallur,ST. ANNE'S MATRIC HIGHER SECONDARY SCHOOL,J N ROADBEHIND R C CHURCH,602001
20540,TIRUVALLUR,Thiruvallur,"TELC MS, PERIA KUPPAM, TRL",J.N. ROADPERIYAKUPPAM,602001
20541,TIRUVALLUR,Thiruvallur,TIRUVALLUR DISTRICT GOVERNMENT MODEL SCHOOL,Chajrang ENGG College,
20542,TIRUVALLUR,Thiruvallur,VELAMMAL ACADEMY MATRICULATION SCHOOL PAKKAM,"19,srinivasa nagarpakkam Thirunintravur",602024
20543,TIRUVALLUR,Thiruvallur,VIVEKANANDA VIDHYALAYA MATRIC,LAKSHMIPURAMTHIRUVALLUR,602001
20544,TIRUVALLUR,Thiruvallur,VIVEKANANDA VIDYAKALA ASHRAM,Puliyur Vliiage\Sivanvoil,602024
20545,TIRUVALLUR,Tiruttani,ANM MS-SARASWATHI NAGAR,valliammapuram quarters oppositevalliammapuram,631211
20546,TIRUVALLUR,Tiruttani,CSI HIGH SCHOOL - DURAIVARIPET,"DURAIVARIPET,ARAKKONAM ROAD,TIRUTTANI - 6312009",631209
20547,TIRUVALLUR,Tiruttani,CSI MS-AGOOR,AGOOR\TIRUTTANI,631209
20548,TIRUVALLUR,Tiruttani,DR VGS NAIDU MATRIC HR SEC SCHOOL - TIRUTTANI,28-ACHITTOOR ROAD,631209
20549,TIRUVALLUR,Tiruttani,GHS - AMIRTHAPURAM,GOVT HIGH SCHOOLAMIRTHAPURAM,631209
20550,TIRUVALLUR,Tiruttani,GHS - ISLAM NAGAR,"ISLAM NAGAR, VEERAGANALLUR POST",631209
20551,TIRUVALLUR,Tiruttani,GHS - MURUKKAMPATTU,Main Road\Murukkampattu,631209
20552,TIRUVALLUR,Tiruttani,"GHS, V C R KANDIGAI",V.C.R.KANDIGAI VILLAGESIRUGUMI POST,631205
20553,TIRUVALLUR,Tiruttani,"GHS, VELANCHERI",THIRUTTANI      THIRUVALLUR-631209,631209
20554,TIRUVALLUR,Tiruttani,GHSS - K.G.KANDIGAI,"CHITTOOR ROAD,KG KANDIGAI",631205
20555,TIRUVALLUR,Tiruttani,GHSS -MADDUR,SCHOOL STREET\MADDUR,631206
20556,TIRUVALLUR,Tiruttani,GHSS-BUCHIREDDIPALLI,reddy streetBUCHIREDDY PALLI,631206
20557,TIRUVALLUR,Tiruttani,GMS - S AGRAHARAM,GOVT MIDDLE SCHOOLS AGRAHARAM,631205
20558,TIRUVALLUR,Tiruttani,GMS-RAMAKRISHNAPURAM,"GMS ,RAMAKRISHNAPURAM 631205",631205
20559,TIRUVALLUR,Tiruttani,GOVT(B) HSS-TIRUTTANI,GANDHI ROADNEAR RAILWAY STATION,631209
20560,TIRUVALLUR,Tiruttani,GOVT(G) HSS-TIRUTTANI,ARUMUGASWAMI KOIL STREETTIRUTTANI,631209
20561,TIRUVALLUR,Tiruttani,"GRT MAHALAKSMI VIDHYALAYA CBSE SCHOOL,PATTABIRAMAPURAM","GRT MAHALAKSHMI NAGAR, CHENNAI TIRUPATHI HIGHWAYTIRUTTANI",631209
20562,TIRUVALLUR,Tiruttani,MAHARISHI VIDYA MANDIR MATRICULATION SCHOOL -K.G.KANDIGAI,"NO - 1 DWARAKA NAGAR, K G KANDIGAI VILLAGE AND POSTTIRUTTANI TALUK, TIRUVALLUR DISTRICT",631205
20563,TIRUVALLUR,Tiruttani,PUMS - B N KANDIGAI,B N KANDIGAIV K N KANDIGAI,631205
20564,TIRUVALLUR,Tiruttani,PUMS - K K NAGAR,"PUMS,K.K.NAGAR, NEAR PWD OFFICE\ NEAR CHITOOR ROAD, TIRUTTANI",631209
20565,TIRUVALLUR,Tiruttani,PUMS - KARTHIKEYAPURAM,"PUMS KARTHIKEYAPURAM
TIRUTTANI THIRUVALLUR DISTRICT",631211
20566,TIRUVALLUR,Tiruttani,PUMS - KASINATHAPURAM,"1, school street,.  Kasinathapuram",631209
20567,TIRUVALLUR,Tiruttani,PUMS - KORAMANAGALAM,KORAMANGALAMKORAMANGALAM POST,631205
20568,TIRUVALLUR,Tiruttani,PUMS - KRISHNA SAMUTHRAM,PUM SCHOOL KRISHNASAMUDRAM,631206
20569,TIRUVALLUR,Tiruttani,PUMS - L N KANDIGAI,L.N.KANDIGAITHADUR POST,631205
20570,TIRUVALLUR,Tiruttani,PUMS - MADDUR,MADDURMADDUR,631206
20571,TIRUVALLUR,Tiruttani,PUMS - MGR NAGAR,MGR NAGAR ROADTIRUTTANI,631209
20572,TIRUVALLUR,Tiruttani,PUMS - PATTABIRAMAPURAM,koil streetpattabiramapuram,631209
20573,TIRUVALLUR,Tiruttani,PUMS - PERIAR NAGAR,PUMS SCHOOLPERIYAR NAGAR TIRUTTANI,631209
20574,TIRUVALLUR,Tiruttani,PUMS - PERIYAKADAMBUR H/C,"Panchayat Union Middle School,Periyakadambur ColonyKasavarajapet Post,Tiruttani Tk.,Tiruvallur Dt.",631211
20575,TIRUVALLUR,Tiruttani,PUMS - R K STREET,R.K.STREETTIRUTTANI,631209
20576,TIRUVALLUR,Tiruttani,PUMS - SIRUKUMI H/C,sirugumi colony tiruttani,631205
20577,TIRUVALLUR,Tiruttani,PUMS - SOORIYA NAGARAM,PUMS SURIYANAGARAMTIRUTTANI,631209
20578,TIRUVALLUR,Tiruttani,PUMS - SRINIVASAPURAM,10school street,631209
20579,TIRUVALLUR,Tiruttani,PUMS - TIRUTTANI MAIN,Near Railway StationAlamaram street,631209
20580,TIRUVALLUR,Tiruttani,PUMS - VEERA KAVERI RAJAPURAM,NOCHILI ROADVKR PURAM,631205
20581,TIRUVALLUR,Tiruttani,PUMS - VEERAKA NALLUR,THADUR POSTTIRUTTANI TALUK,631205
20582,TIRUVALLUR,Tiruttani,PUMS- D V PURAM,C H Agraharam RoadDharanivaragapuram,631209
20583,TIRUVALLUR,Tiruttani,PUMS-CHERUKANUR,"CHERUKKANUR,TIRUTTANI BLOCK",631205
20584,TIRUVALLUR,Tiruttani,PUMS-SINGARAJAPURAM,"PUMS, SINGARAJAPURAMTIRUTTANI",631213
20585,TIRUVALLUR,Tiruttani,RADHAKRISHNAN MATRICULATION- TIRUTTANI,Gandhi road 3rd LANETIRUTTANI,631209
20586,TIRUVALLUR,Tiruttani,SHAKTHI PUBLIC SCHOOL,"167/2A-1, Murakkampattu VillageTiruttani Taluk, Thiruvallur District",631209
20587,TIRUVALLUR,Tiruttani,SRI RAJA RAJESWARI MATRICULATION SCHOOL MELKASAWARAJAPET,"SRI RAJA RAJESWARI MATRIC SCHOOL, 2/160 MAIN
ROAD, MELKASAVARAJAPET, TIRUTTANI TK, THIRUVALLUR DT.SRI RAJA RAJESWARI MATRIC",631211
20588,TIRUVALLUR,Tiruttani,SRI VIDYA NIKETAN MATRIC HIGHER SECONDARY  SCHOOL E.N KANDIGAI,"EN KANDIGAI,NEAR K G KANDIGAI",631205
20589,TIRUVALLUR,Tiruttani,ST MARY'S MATRICULATION SCHOOL,"85, CHITTOOR ROADTIRUTTANI, THIRUVALLUR",631209
20590,TIRUVALLUR,Tiruttani,ST.CHARLES HSS K.G.KANDIGAI,ALPHONSAPURAM KG KANDIGAI TIRUTTANI TK THIRUVALLUR DTTHIRUVALLUR DT,631205
20591,TIRUVALLUR,Tiruttani,SUDANDIRA MATHSS-TRT,green land lakshmanan st,631209
20592,TIRUVALLUR,Tiruttani,TKVINAYAGAM MAT - TRT,C T H ROAD SATRANJEYAPURAM TIRUTTANI,631209
20593,TIRUVALLUR,Tiruttani,TRS GLOBAL PUBLIC SCHOOL (CBSE),"T.R.S Global Campus, Srikrishna Nagar, Agoor, Tiruttani Taluk, Thiruvallur District",631209
20594,TIRUVALLUR,Villivakkam,AACHI GLOBAL SCHOOL,,
20595,TIRUVALLUR,Villivakkam,ABS GLOBAL SMART SCHOOL,,
20596,TIRUVALLUR,Villivakkam,"ABS GLOBAL SMART SCHOOL ,  ANNANUR","MANGO GARDER, TONEKALA CAMP ROAD",
20597,TIRUVALLUR,Villivakkam,"ACHARIYA SIKSHA MANDIR , ALAPAKKAM","No.329,20th street,asthalakshmi nagaralapakkam",600116
20598,TIRUVALLUR,Villivakkam,"ADW HIGH SCH, MITTAMALLEE","school streetmittanamalli, IAF AVADI,CHENNAI",600055
20599,TIRUVALLUR,Villivakkam,"ADW HS, MADHURAVOYAL","BHARATHIYAR STREET MADURAVOYAL ,CHENNAI -95",600095
20600,TIRUVALLUR,Villivakkam,"ADW HS, VALASARA VAKKAM",No 1 Arcot Road Valasaravakkam Chennai,600087
20601,TIRUVALLUR,Villivakkam,"ADW MS, VELLANUR",ADWMS VELLANOOR,600062
20602,TIRUVALLUR,Villivakkam,AIR FORCE SCHOOL AVADI,DC-III AF STATION AVADI CHENNAI\IAF AVADI,600055
20603,TIRUVALLUR,Villivakkam,AIYEESHA RAZZAC MATRIC HIGHER SECONDARY SCHOOL,"91 D MOUNT POONAMALLEE ROADPORUR, CHENNAI",600116
20604,TIRUVALLUR,Villivakkam,"AJAY SPECIAL SCHOOL, COLLECTOR NAGAR","no:6, officers colony, anna nagar west extn.",600050
20605,TIRUVALLUR,Villivakkam,ALPHA CBSE SCHOOL,"30, Theruveethi Amman Koil St, Alpha Nagar, Porur, Thundalam, Chennai",600116
20606,TIRUVALLUR,Villivakkam,AMBATTUR MUNICIPAL HIGH SCHOOL KAMARAJAPURAM,"JEEVA STREET, KAMARAJAPURAM, AMBATTUR",600053
20607,TIRUVALLUR,Villivakkam,AMBT MUN.HIGH.SCH CHOLOPURAM,municipal high schoolambattur chennai,600053
20608,TIRUVALLUR,Villivakkam,AMHS KOVILPATHAGAI,"PALLI KONDA AMMAN KOIL STREETKOVILPADAGAI , AVADI",600062
20609,TIRUVALLUR,Villivakkam,AMUTHA MAT HSS,1400 4th blockmugappair west,600037
20610,TIRUVALLUR,Villivakkam,ANNAI TERASA MATRICULATION SCHOOL,"no:18,kaveri nagar,koladi,thiruverkadu,chennai",600077
20611,TIRUVALLUR,Villivakkam,ANNAI VIOLET INTERNATIONAL SCHOOL,NO 11 REDHILLS ROAD BANU NAGAR AMBATTUR,600053
20612,TIRUVALLUR,Villivakkam,ARUL MARY Matriculation School,"4TH ROAD,INDIAN BANK COLONY,AMBATTUR.",600053
20613,TIRUVALLUR,Villivakkam,ARULMIGU MEENAKSHI AMMAN HR SEC SCHOOL,"ALAPAKKAM MAIN ROAD, PORUR POST,  CHENNAI",600116
20614,TIRUVALLUR,Villivakkam,ARULMIGU MEENAKSHIAMMAN PUBLIC SCHOOL,"ALAPAKKAM MAIN ROAD, PORUR POST,  CHENNAI",600116
20615,TIRUVALLUR,Villivakkam,ASSISI MAT HSS RAMAPURAM,"NO. 2/31, ANANDAM NAGAR, RAMAPURAM, CHENNAI",600089
20616,TIRUVALLUR,Villivakkam,"AVADI MUNICIPAL HIGHER SECONDARY SCHOOL,THIRUMULLAVOYAL",ETTIYAMMAN NAGARTHIRUMULLAIVOYAL,600062
20617,TIRUVALLUR,Villivakkam,"BALAGURU CHETI.VV, VEERAPURAM",VEERAPURAM MAIN ROADVEERAPURAM,600055
20618,TIRUVALLUR,Villivakkam,"BALAR GURUKULAM MAT, NERKUNDRAM","4/104, Saraswathi Colony, Stage II Extn., Chinmaya Nagar, Nerkundram, Chennai",600092
20619,TIRUVALLUR,Villivakkam,BALAVIGASH SPL SCH AVADI,T10 HVF ROADAVADI CHENNAI,600054
20620,TIRUVALLUR,Villivakkam,"BALDWIN'S MAT SCH, NERKUNDRAM","25, 2nd Main Road, Alagammal Nagar, Nerkundram, Chennai",600107
20621,TIRUVALLUR,Villivakkam,"BARATH MS, MUGAPPAIR",MOGAPPAIR WEST CHENNAI - 37,600037
20622,TIRUVALLUR,Villivakkam,"BETHANY HSS, MUGAPAIR","8/66 REDDYPALAYAM ROAD, MUGAPPAIR WEST, CHENNAI -37",600037
20623,TIRUVALLUR,Villivakkam,BETHEL GLOBAL SCHOOL,,
20624,TIRUVALLUR,Villivakkam,"BHAGYALAKSHMI MATRICULATION HIGH SCHOOL, MADHURAVOYAL",NO 5 KAMARAJ NAGAR EXTMADURAVOYAL,600095
20625,TIRUVALLUR,Villivakkam,BHAKTAATSALAM SCHOOL,"14, 31 st street, TNHB COLONYKORATTUR",600080
20626,TIRUVALLUR,Villivakkam,"BHAKTAVATSALAM VID,KORATTUR","no.14, 31st street, TNHB colonyPeriyar Nagar, Korattur, Chennai",600080
20627,TIRUVALLUR,Villivakkam,"BHARATH MAT, TMVOYAL",6/16 tirukuralsalaisree sakthi nagar,600109
20628,TIRUVALLUR,Villivakkam,BHARATH MATRICULATION HIGHER SECONDARY SCHOOL AMBATTUR,"MTH ROAD,NO.2,RAMAMOORTHY STRAMAPURAM,AMBATTUR",600053
20629,TIRUVALLUR,Villivakkam,"BHARATHI MAT HSS,MADHURAVOYAL","METTUKUPPAM ROAD, MADURAVOYAL.",600095
20630,TIRUVALLUR,Villivakkam,BRIGHT THE LEARNING CENTER,146 HIG PHASE 2 MOGAPPAIR CHENNAI,600037
20631,TIRUVALLUR,Villivakkam,"BRITTANIA HS, PADI","336,RAJA STREETPADI",600050
20632,TIRUVALLUR,Villivakkam,"BUTTERFLY MAT SCH, AVADI","Mosque Street, Defence Enclave, IAF Avadi, Chennai.",600055
20633,TIRUVALLUR,Villivakkam,C.S.CENTRAL MATRIC HR.SEC.SCHOOL,"THENDRAL NAGAR WESTTHIRUMULLAIVOYAL, CHENNAI",600062
20634,TIRUVALLUR,Villivakkam,"C.S.I EWART MATRICULATION HIGHER
SECONDARY SCHOOL, ANNA NAGAR WEST EXTN,CHENNAI -101",22/1/soundarya colonyAnna nagar west extn,600101
20635,TIRUVALLUR,Villivakkam,CARMEL SPECIAL SCHOOL,IAF AVADI MUTHAPUTHUPET CHENNAI 55,600054
20636,TIRUVALLUR,Villivakkam,"CHENNAI PUBLIC SCHOOL, SECTOR-1",TVS AVENUE MAIN ROAD\MOGAPPAIR ANNA NAGAR W EXTN,600101
20637,TIRUVALLUR,Villivakkam,"CHILDREN'S ACADEMY MATRIC HIGH SCHOOL
,PORUR CHENNAI 600116","6A C.S.I CHURCH STREET PORUR ,CHENNAI",600116
20638,TIRUVALLUR,Villivakkam,"CHRIST MATRIC HIGHER SECONDARY SCHOOL, PADI","NO.19, TMP NAGAR [EXTN], PADI, CHENNAI",600050
20639,TIRUVALLUR,Villivakkam,"CHRISTURAJA MATRICULATION SCHOOL,KORATTUR","NO 15, THILLAI NAGAR 1 STREET KORATTUR",600080
20640,TIRUVALLUR,Villivakkam,CPS GLOBAL SCHOOL,,
20641,TIRUVALLUR,Villivakkam,"CRPF KV CBSE, AVADI",KV CRPF AVADIGC CAMPUS,600065
20642,TIRUVALLUR,Villivakkam,CS CENTRAL MAT HSS MANNURPET,"31-33,Malayathamman Koil Street,Mannurpet,Chennai",600050
20643,TIRUVALLUR,Villivakkam,"D.A.V SECONDARY SCHOOL, MOGAPPAIR","Block No.12, Mogappair East, Chennai -37",6000037
20644,TIRUVALLUR,Villivakkam,"DAV (G) SR.SEC.SCH, COLLECTOR NAGAR","R 40 B, 120 Feet Road, Mogappair, Chennai.",600037
20645,TIRUVALLUR,Villivakkam,"DAV B SS, MUGAPPAIR",R.45 120 FEET ROAD MOGAPPAIR CHENNAI  50- MOGAPPAIR,600050
20646,TIRUVALLUR,Villivakkam,"DAV MATRIC HR SEC SCHOOL, MOGAPPAIR EAST","DOOR NO 286, BLOCK NO. 12MOGAPPAIR EAST, CHENNAI",600037
20647,TIRUVALLUR,Villivakkam,"DAWN CBSE SCH, NOLAMBUR",andal ammal extension street NOLAMBUR,600095
20648,TIRUVALLUR,Villivakkam,"DAYASADAN AGARWAL VIDYALAYA, NERKUNDRAM","No.127, Poonamallee High RoadNerkundram",600107
20649,TIRUVALLUR,Villivakkam,"DEVI ACAD SENIOR SEC SCH,VALASARAVAKKAM","Plot No.1/E-I, Door No.7, Alappakkam Road, Valasaravakkam, Chennai",600087
20650,TIRUVALLUR,Villivakkam,"DR VIMALA MS,RAMAPURAM","Amman Nagar, West kk Nagarchennai",600078
20651,TIRUVALLUR,Villivakkam,"DURGAPRASAD VIV.VID, AYANAMPAKKAM","no.46, ETTEESWARAN KOIL ST., MEL AYANAMBAKKAM, CHENNAI",600095
20652,TIRUVALLUR,Villivakkam,"EBENEZAR MODERN MATRICULATION. SCHOOL, THIRUMULLAIVOYAL","NO.5, TEACHER ARUNACHALAM STREET, CHOLAMBEDU ROAD,THIRUMULLAIVOYAL, CHENNAI",600062
20653,TIRUVALLUR,Villivakkam,EBENEZER LIVING WORD MATRICULATION SCHOOL,AMBATTURCHENNAI,600053
20654,TIRUVALLUR,Villivakkam,EBENEZER MARCUS INTERNATIONAL SCHOOL & JR. COLLEGE,"NO 2, DANIEL ST., WEST BANU NAGARPUDUR, AMBATTUR, CHENNAI",600053
20655,TIRUVALLUR,Villivakkam,EBENEZER MARCUS MATRIC HR.SEC.SCHOOL,"NO.4 EBENEZER ST, EBENEZER MARCUS MHSS,  S V NAGAR PUDUR, AMBATTUR, CHENNAI",600053
20656,TIRUVALLUR,Villivakkam,EBENEZER MAT KORATTUR,"7th  Street, TNHB Colony, Korattur, Chennai9TH STREET HOUSING BOARD COLONY",600080
20657,TIRUVALLUR,Villivakkam,EBINESAR JAGANATH MARCUS MS,"10, Bharathi StreetRam nagar , Ambattur",600053
20658,TIRUVALLUR,Villivakkam,EMMANUEL METHoDIST MATRICULATION HIGHER SECONDARY SCHOOL,148REDHILLS ROAD PUDUR AMBATTUR CHENNAI,600053
20659,TIRUVALLUR,Villivakkam,"EVERWIN PUBLIC SCHOOL, MADURAVOYAL",W73 B SECTOR8 TH ST,600053
20660,TIRUVALLUR,Villivakkam,"EXCEL MAT., TMVOYAL",NO : 36 NEW STREET ARJUN NAGARCHOLAPURAM T.M VOYAL CH,600062
20661,TIRUVALLUR,Villivakkam,"FAITH HOME MID SCH,PORUR",FAITH HOME MIDDLE SCHOOL 13 A RAMAKRISHNA MAIN ROAD PORUR CHENNAI,600116
20662,TIRUVALLUR,Villivakkam,"GHS , KARLAPAKKAM",GHS KARALAPAKKAM\TIRUNINRAVUR POST-602024,602024
20663,TIRUVALLUR,Villivakkam,GHS KARAMBAKKAM,"GOVT HIGH SCHOOL, SCHOOL STREET, KARAMBAKKAM, PORUR, CHENNAI",600116
20664,TIRUVALLUR,Villivakkam,GHS METTUKUPPAM (N),SECOND MAIN ROAD\GANGA NAGAR MADURAVOYAL,600095
20665,TIRUVALLUR,Villivakkam,"GHS, ARIKKAMPEDU",AVADI-REDHILLS ROAD\ARIKKAMBEDU,600062
20666,TIRUVALLUR,Villivakkam,"GHS, KOLADI","SCHOOL STREET,KOLADI",600077
20667,TIRUVALLUR,Villivakkam,"GHS, KOLLUMEDU",VEL TECH ROADKOLLUMEDU,600062
20668,TIRUVALLUR,Villivakkam,"GHS, VEERAPURAM",MORAI@VEERAPURAM,600055
20669,TIRUVALLUR,Villivakkam,"GHS, VELAPPANCHAVADI","MADIRAVEDU RIOAD, VELAPPANCHAVADI, CHENNAI",600077
20670,TIRUVALLUR,Villivakkam,GHSS SATHIYAMURTHY NAGAR,"Sathyamurthy Nagar\Police Quarters, Avadi, Chennai",600062
20671,TIRUVALLUR,Villivakkam,"GHSS, MITTAMALLEE","HIGH SCHOOL STREET ,IAF AVADIMITTANAMALLI",600055
20672,TIRUVALLUR,Villivakkam,"GHSS,PANDESWARAM",GOVT HR SEC SCHOOLPANDESWARAM,600055
20673,TIRUVALLUR,Villivakkam,GK SHETTY VIV VID JR COLLEGE,"C.T.H. ROAD, AMBATTUR,CHENNAI",600053
20674,TIRUVALLUR,Villivakkam,GODSON UDAYA MATRICULATION HIGHER SECONDARY SCHOOL,"PLOT NO129-131, 3RD STREET,ANTONY NAGAR,
MOOGAMBIGAI NAGAR MAIN ROAD, KALLIKUPPAM,CHENNAI",600053
20675,TIRUVALLUR,Villivakkam,GOOD SHEPHERD MAT AMBATTUR,NO 10 / 352 ASTATION ROAD KORATTUR CHENNAI,600080
20676,TIRUVALLUR,Villivakkam,GOOD SHEPHERD MATRIC HIGHER SECONDARY SCHOOL,NO.64 VELAN NAGARVALASARAVAKKAM,600087
20677,TIRUVALLUR,Villivakkam,"GOOD SHEPHERDS GLOBAL MATRIC SCHOOL, METTUPALAYAM","NO.48-B, PERUMAL KOIL STREET, LAKSHMIPURAM, METTUPALAYAM, REDHILLS.",
20678,TIRUVALLUR,Villivakkam,GOOD WORD PUBLIC SCHOOL,pothur main road \  konimedu village,600052
20679,TIRUVALLUR,Villivakkam,"GOODWILL MATRIC HIGHER SECONDARY SCHOOL, THATHANKUPPAM , VILLIVAKKAM","No.5, R.K. Link RoadThathankuppam, Villivakkam",600049
20680,TIRUVALLUR,Villivakkam,"GOVERNMENT BOYS HIGHER SECONDARY SCHOOL, AYAPAKKAM","TNHB,, AYAPPAKKAM",600077
20681,TIRUVALLUR,Villivakkam,"GOVERNMENT HIGHER SECONDARY SCHOOL, MUGAPAIR WEST - MODEL","GOODWILL ROAD,MUGAPPAIR WEST",600037
20682,TIRUVALLUR,Villivakkam,"GOVT (B) HIGH, MUGAPAIR EAST",Maralaimalai Adigal roadBlock -6,600037
20683,TIRUVALLUR,Villivakkam,GOVT (G) HSS AMBATTUR,north park streetvengatapuram,600053
20684,TIRUVALLUR,Villivakkam,"GOVT (G) HSS, MUGAPAIR EAST","PUGAZENTHI SALAIII BLOCK, MOGAPPAIR EAST",600037
20685,TIRUVALLUR,Villivakkam,"GOVT BOYS HSS,PORUR","NO.1,,CHETTY STREET, ,PORUR, CHENNAI. -116",600116
20686,TIRUVALLUR,Villivakkam,"GOVT GIRLS HIGHER SECONDARY SCHOOL, AYAPPAKKAM",4 th Main roadPERUMAL KOIL ST TNHB AYAPPAKKAM,600077
20687,TIRUVALLUR,Villivakkam,"GOVT GIRLS HSS,PORUR",SCHOOL STREET\CHINNA PORUR,600116
20688,TIRUVALLUR,Villivakkam,"GOVT H.S, NERKUNDRAM",pallavan nagar.NERKUNDRAM.CHENNAI.,600107
20689,TIRUVALLUR,Villivakkam,"GOVT HIGHER SECONDARY SCHOOL, ALAPAKKAM","No12 Sri Devi Nagar 10th StreetAlapakkam, Porur",600116
20690,TIRUVALLUR,Villivakkam,"GOVT HR.SEC.SCH,AYANAMBAKKAM","1, PADASALAI ST, AYANAMBAKKAM",600095
20691,TIRUVALLUR,Villivakkam,GOVT HS VANAGARAM,GOVT HIGH SCHOOLVANAGARAM,600095
20692,TIRUVALLUR,Villivakkam,"GOVT HS, PALAVEDU",GOVT  HIGH SCHOOLPALAVEDU,600055
20693,TIRUVALLUR,Villivakkam,"GOVT HSS, LAKSHMIPURAM",LAKSHMIPURAMCHENNAI,600052
20694,TIRUVALLUR,Villivakkam,"GOVT HSS, PAMMADUKULAM",GHSS PAMMADHUKULAMREDHILLS,600052
20695,TIRUVALLUR,Villivakkam,"GOVT HSS,MADHURAVOYAL",sannathi street\Maduravoyal,600095
20696,TIRUVALLUR,Villivakkam,"GOVT HSS,RAMAPURAM","NO.5/35, ESWARAN KOIL ST\RAMAPURAM, CHENNAI-89",600089
20697,TIRUVALLUR,Villivakkam,"GRACE MATRICULATION HIGHER SECONDARY
SCHOOL , KARAMBAKKAM,PORUR,CHENNAI- 600116",No.17 Kambar StreetArunachalam Nagar Karambakkam porur,600116
20698,TIRUVALLUR,Villivakkam,GREAT HARVEST VIDYALAYA,"No.536, Morai Main Road, Morai, Avadi, Chennai",600055
20699,TIRUVALLUR,Villivakkam,GREEN VALLEY CENTRAL SCHOOL,"Green Valley Central School
2 kalamegam Road Mogappair West Chennai 37",6000037
20700,TIRUVALLUR,Villivakkam,GREEN VALLEY MAT MUGAPAIR WEST,"No.2, Kalamegam Road,Mugappair West, Chennai",600037
20701,TIRUVALLUR,Villivakkam,HIGH SCHOOL T V NAGAR,west end roadt v nagar,600053
20702,TIRUVALLUR,Villivakkam,"HOLY CROSS MAT,VALASARAVAKKAM","43, SVS NAGAR, IST MAIN ROAD, VALASARAVAKKAM, CHENNAI",600087
20703,TIRUVALLUR,Villivakkam,HOPE TRUST AMBATTUR,"No. 14/49, Ganapathi StGanapathi Nagar, Cholambedu Road, Ambattur",600053
20704,TIRUVALLUR,Villivakkam,HUSSAIN MEMORIAL MATRICULATION HIGHER SECONDARY SCHOOL,"6 NAINIAMMAL STREETKRISHNAPURAM, AMBATTUR",600053
20705,TIRUVALLUR,Villivakkam,HUSSAINY HS HUSSAINABAD,"MOUNT POONAMALLEE HIGH ROADHUSAINABAD,RAMAPURAM,CHENNAI",600089
20706,TIRUVALLUR,Villivakkam,INFANT JESUS MATRIC HIGH SCHOOL,"NO 253 Redhill Main road,kallikuppam,Ambattur,chennai.NO 253 Redhills Main road,kallikuppam,Ambattur,chennai.",600053
20707,TIRUVALLUR,Villivakkam,"JANET MATRIC HSS, THIRUVERKADU",SAKTHI NAGAR\THIRUVERKADU,600077
20708,TIRUVALLUR,Villivakkam,JAYAM SPL SCHOOL,"no.16,Mahalakshmi road,kalaivanar nagar, padi",600050
20709,TIRUVALLUR,Villivakkam,"JOSHUA MODEL MAT HSS, ANNA NAGAR",NO 2/1 TVS MAIN ROAD P.M.THEVAR NAGARPADI CHENNAI,600050
20710,TIRUVALLUR,Villivakkam,"KALAIMAGAL MATRICULATION HIGHER SECONDARY SCHOOL, SENTHIL NAGAR","No:2, Rajarajan Street, Senthil Nagar, NIL",600062
20711,TIRUVALLUR,Villivakkam,KALAIMAGAL VIDHYASHRAM,,
20712,TIRUVALLUR,Villivakkam,KALKI RANGANATHAN MONTFORD MAT SCH,SINGARAVELAN NAGARPUTHAGARAM,600099
20713,TIRUVALLUR,Villivakkam,"KARTHIKEYAN MAT HSS,MADHURAVOYAL","97,97/1a1,new no 11chokkanatha street,karthikeyan nagar,maduravoyal",600095
20714,TIRUVALLUR,Villivakkam,"KENDRIYA VID OCF, AVADI",KV OCF AVADI CHENNAI,600054
20715,TIRUVALLUR,Villivakkam,"KOIL PILLAI MATRICULATION HIGHER SECONDARY SCHOOL,RAMAPURAM","No 63, Rayala nagar, 2nd main roadRamapuram",600089
20716,TIRUVALLUR,Villivakkam,KV AIRFORCE STATION IAF AVADI,kv afs avadi chennai,600055
20717,TIRUVALLUR,Villivakkam,"KV HVF CBSE, AVADY",HVF ESTATE NEAR ANKUR VIDYA MANDIR,600054
20718,TIRUVALLUR,Villivakkam,LA CHATELAINE JUNIOR COLLEGE,NO.1 ARCOT ROAD\VALASARAVAKKAM,600087
20719,TIRUVALLUR,Villivakkam,"LAKE VIEW MS, KALLIKUPPAM","18th Avenue, Banu nagar,PudurAmbattur, Chennai",600053
20720,TIRUVALLUR,Villivakkam,"LAKSHMI MATRICULATION HIGHER SECONDARY SCHOOL,JAGADAMBIGAI NAGAR,PADI",26/18 jagadambigai nagar PADI-CHENNAI,600050
20721,TIRUVALLUR,Villivakkam,"LAMECH HSS,VALASARAVAKKAM","1, Radha krishnan salaiKaikkan kuppam,",600087
20722,TIRUVALLUR,Villivakkam,"LBEAAR MATRICULATION, HIGHER SECONDARY SCHOOL, NERKUNDRAM","1/5, POONAMALLEE HIGH ROAD, NERKUNDRAM, CHENNAI - 600107",600107
20723,TIRUVALLUR,Villivakkam,LEO MAT HSS AMBATTUR,"1513- ANNA NAGAR WEST EXTN.,",600101
20724,TIRUVALLUR,Villivakkam,"LITTLE HOLY ANGELS'  MATRICULATION HIGHER SECONDARY SCHOOL ,AYAPPAKKAM",R-28 TNHB\AYAPPAKKAM,600077
20725,TIRUVALLUR,Villivakkam,"LITTLE HOLY ANGELS M.S,KORATTUR","KASTHURI NAGAR
RAILWAY STATION ROAD, KORATTUR",600080
20726,TIRUVALLUR,Villivakkam,M.G.R. ADARSH SCHOOL,,
20727,TIRUVALLUR,Villivakkam,"MADHA PUBLIC SCHOOL, VALASARAVAKKAM","SRI LAKSMI NAGAR, 3RD MAIN ROAD, VALASARAVAKKAMOURLADY NAGAR, CHENNAI",600095
20728,TIRUVALLUR,Villivakkam,MAHARISHI SCHOOL OF EXCELLENCE,PTC COLONY\PALLAVAN NAGAR,600077
20729,TIRUVALLUR,Villivakkam,MAHARISHI VIDYA MANDIR MATRICULATION HIGHER SECONDARY SCHOOL,"R-54, T.V.S.AVENUE,ANNANAGAR WEST EXTENSION,CHENNAI",600101
20730,TIRUVALLUR,Villivakkam,MAHARISHI VIDYA MANDIR NOLAMBUR,MALLIGESHWARI STREET NOLAMBUR TAMIL NADU CHENNAI,
20731,TIRUVALLUR,Villivakkam,MANASA SPL SC,"No 66-A, Varalakshmi Nagar,Madhuravoyal, Chennai",600095
20732,TIRUVALLUR,Villivakkam,MANGALAM VIDHYASHRAM,359/E victory Avenue 359/E victory Avenue,600062
20733,TIRUVALLUR,Villivakkam,"MAR GREGORIOS PUBLIC SCHOOL, MOGAPPAIR , WEST,SECTOR-7",,
20734,TIRUVALLUR,Villivakkam,MARIAN SCHOOL OF EXCELLENCE,"199,palavedu road, IAF Avadi, Chennai - 600055",600055
20735,TIRUVALLUR,Villivakkam,"MGR ADARSH MAT, MUGAPAIR","11th block, Veeramanunivar streerMogappair East",600037
20736,TIRUVALLUR,Villivakkam,"MHS,AGRAHARAM","N.R.S.ROAD.KORATTURAGRAHARAM,CHENNAI",600076
20737,TIRUVALLUR,Villivakkam,MKM MAT SCHOOL PORUR,"No.1, Subhashree NagarMugalivakkam Chennai",600125
20738,TIRUVALLUR,Villivakkam,"MR MAT HSS, NERKUNDRAM","69, NERKUNDRAM MAIN ROADNERKUNDRAM, CHENNAI",600107
20739,TIRUVALLUR,Villivakkam,"MUN HIGH SCH, PADI KUPPAM","1,pillayar kovil street1,pillayar kovil street",600107
20740,TIRUVALLUR,Villivakkam,"MUN. MID SCH, DR.MOORTHY NAGAR",PADA SALAIDR MOORTHY NAGAR,600050
20741,TIRUVALLUR,Villivakkam,MUN.HSS KORATTUR,"97 CHAVADI STREET KORATTUR, CHENNAI",600080
20742,TIRUVALLUR,Villivakkam,MUN.MID.SCH MANGALAPURAM,"1 Padasalai Street, Mangalapuram, Ambattur, Chennai",600058
20743,TIRUVALLUR,Villivakkam,MUN.MID.SCH ORAKADAM,"AMBATTUR MUNICIPAL MIDDLE SCHOOLGANDHI MAIN ROAD,ORAGADAM",600053
20744,TIRUVALLUR,Villivakkam,MUN.MID.SCH PATTARAVAKKAM,EB ROAD\INDUSTRIAL ESTATE,600098
20745,TIRUVALLUR,Villivakkam,"MUN.MID.SCH. ,MUTHAPUTHUPET",AMMS MUTHAPUDUPETAVADI IAF ROAD MUTHAPUDUPET,600055
20746,TIRUVALLUR,Villivakkam,"MUN.MS, CHOLAMPEDU",school cross streetcholambedu main road,600062
20747,TIRUVALLUR,Villivakkam,"MUNICIPAL HIGH SCHOOL, KALLIKUPPAM","PADASALAI STREET,KALLIKUPPAM,AMBATTUR,CHENNAI.53",600053
20748,TIRUVALLUR,Villivakkam,"MUNICIPAL HIGHER SECONDARY SCHOOL,ATHIPET",vanagaram high roadAthipet,600058
20749,TIRUVALLUR,Villivakkam,"NABI CRESCENT MATRICULATION SCHOOL, KOLLUMEDU","1117,Kollumedu Vellanoor",600062
20750,TIRUVALLUR,Villivakkam,NALLI KUPPUSWAMY V V KORATTUR,"11th streetTamil Nadu Housing Board Colony, Korattur",600080
20751,TIRUVALLUR,Villivakkam,"NARAYANA E-TECHNO SCH , VELLAPAN CHAVADI","NO. 152, P.H.ROAD VELLAPPANCHAVDI",600077
20752,TIRUVALLUR,Villivakkam,"NARAYANA E-TECHNO SCHOOL,RAGHAVENDRA NAGAR,RAMAPURAM","NARAYANA E-TECHNO SCHOOL, S NO 5/1 KKP SALAI
RAGAVENDRA NAGAR, RAMAPURAM, CHENNAI, TAMILNADU, 600089",600089
20753,TIRUVALLUR,Villivakkam,NARAYANA MATRICULATION HIGHER SECONDARY SCHOOL,,
20754,TIRUVALLUR,Villivakkam,NARAYANA OLYMPIAD SCHOOL,"No.1, kamdhenu 1st street, Mogappair East",600037
20755,TIRUVALLUR,Villivakkam,"NARAYANA OLYMPIAD SCHOOL, OMSAKTHINAGAR, VANAGARAM","No 79, OM Sakthi Nagar \Vanagaram, CHENNAI",600116
20756,TIRUVALLUR,Villivakkam,"NARENDRA MATRIC SCHOOL,KOVILPATHAGAI","NO.16, FIRST STREET, ST.PETER'S AVENUE, ASHOK NAGAR KOVILPATHAGAI, AVADI",600062
20757,TIRUVALLUR,Villivakkam,"NATHAN HS, NERKUNDRAM",NO 8 PERUMAL KOIL STREETERKUNDRAM CHENNAI,600107
20758,TIRUVALLUR,Villivakkam,NATHELLA VIDHYODAYA,"NSC ST, VENKATAPURAMAMBATTUR, CHENNAI",600053
20759,TIRUVALLUR,Villivakkam,"NAZARETH MHSS, KANNADAPALAYAM","Nazareth Matric. Hr. Sec. School
Kannadapalayam, Vellanur post, Avadi, Chennai - 600062",600062
20760,TIRUVALLUR,Villivakkam,NETHRODAYA SPECIAL SCHOOL FOR VI & LD,"no 47/1 phase 2 mogappair west Nolambur, chennai 600037",600037
20761,TIRUVALLUR,Villivakkam,NEW CENTURY MATRIC.HR.SEC.SCHOOL,"10, CHELLIAMMAN NAGAR,AYANAMBAKKAM MAIN ROAD, AMBATTUR",600058
20762,TIRUVALLUR,Villivakkam,OCF CENTRAL GOVERMENT SCHOOL,"AVADI, CHENNAI - 54",600054
20763,TIRUVALLUR,Villivakkam,"OUR ANGEL MATRIC HIGHER SECONDARY SCHOOL,VALASARAVAKKAM",Chowdry Nagar Main Roadvalasaravakkam,600087
20764,TIRUVALLUR,Villivakkam,"OUR LADY MATRIC HR SEC SCHOOL
,MADHURAVOYAL","BHARATHI NAGAR                                      I
STREET,MADURAVOYAL,CHENNAI-95",600095
20765,TIRUVALLUR,Villivakkam,"PANCHAYAT UNION MIDDLE SCHOOL, NEW KANNIYAMMAN NAGAR",MORAINEW KANNIYAMMAN NAGAR,600055
20766,TIRUVALLUR,Villivakkam,"PANCHAYAT UNION MIDDLE SCHOOL, NOLAMBUR","31A, PADASALAI STREET, NOLAMBUR,  CHENNAI",600095
20767,TIRUVALLUR,Villivakkam,PASUMPON AACINI MAT HSS AMBATTUR,"No: 1, Panneer selvam street, Venkatapuram, Ambattur",600053
20768,TIRUVALLUR,Villivakkam,"PASUMPON NARAYANA e-TECHNO SCHOOL, AMBATTUR","NO.610, PART-616/2,MURUGAPPA REDDY STREET,AMBATTUR, CHENNAI",600053
20769,TIRUVALLUR,Villivakkam,"PIONEER MAT, VELLAPPANCHAVADI","NO- 2, Puliambedu Village Road,Vellappanchavadi",600077
20770,TIRUVALLUR,Villivakkam,PJ GUPTA HS AMBATTUR,51/193 MTH ROADAMBATTUR,600053
20771,TIRUVALLUR,Villivakkam,"PMR MAT SCH, MUGAPAIR",Block V Mogappair east,600037
20772,TIRUVALLUR,Villivakkam,PON VIDYASHRAM,"SAPATHAGIRI NAGAR, ARCOT ROADNEAR HSB , PORUR",600116
20773,TIRUVALLUR,Villivakkam,"PRIYA MATRICULATION HIGHER SECONDARY SCHOOL, MUGAPAIR WEST",IV  BLOCKMOGAPPAIR WEST,600037
20774,TIRUVALLUR,Villivakkam,PRS Matric School,,
20775,TIRUVALLUR,Villivakkam,PUMS MUGAPPAIR SECTOR - 9,"KARUMARI AMMAN KOVIL STREET,7 TH BLOCK,MUGAPPAIR WEST.",600037
20776,TIRUVALLUR,Villivakkam,"PUMS, ADAYALAMPATTU",school streetAdayalampattu,600095
20777,TIRUVALLUR,Villivakkam,"PUMS, ALATHUR","VPUMS, ALATHUR, VIA IAFAVADI, CHENNAI",600055
20778,TIRUVALLUR,Villivakkam,"PUMS, CHETTIYAR AGARAM","School streetChettiyar agaram main road, Chettiyar agaram, Chennai",600077
20779,TIRUVALLUR,Villivakkam,"PUMS, KONIMEDU","School Street  , Konimedu",600052
20780,TIRUVALLUR,Villivakkam,"PUMS, MELAPEDU",JASMINE NAGARMELAPPEDU,600055
20781,TIRUVALLUR,Villivakkam,"PUMS, MUGAPAIR SECTOR-2",vpums sector 23rd block pugzhendhi salai,600037
20782,TIRUVALLUR,Villivakkam,"PUMS, MUGAPAIR SECTOR-4","3RD BLOCK, NAKEERAN SALAI.MOGAPPAIR EAST
.CHENNAI",600037
20783,TIRUVALLUR,Villivakkam,"PUMS,CMDA MADURAVOYAL","3, school street. 4th Block. MMDAColonychennai",600095
20784,TIRUVALLUR,Villivakkam,"PUMS,POOTHAPEDU","School road,Poothapedu,Near government girls higher secondary school,Porur,Chennai.",600116
20785,TIRUVALLUR,Villivakkam,"RAJALAKSHMI VIDHYASHRAM MATRICULATION HIGHER SECONDARY SCHOOL,RAMAPURAM","North park street,VenkatapuramAmbattur",600053
20786,TIRUVALLUR,Villivakkam,"RAJIV SCHOOL OF EXCELLENCE MATRIC HIGHER SECONDARY SCHOOL, ALAPAKKAM","SAKTHI SAIRAM STREET,Ganapathy Nagar, Alapakkam",600116
20787,TIRUVALLUR,Villivakkam,RAMAKRISHNA VIDHYA NIKETHAN,"93, car street,Thiruverkadu",600077
20788,TIRUVALLUR,Villivakkam,"RANGASAMY MATRIC  HSS,","PERUNTHALAIVAR KAMARAJAR GOVT HR SEC SCHOOLVENKADAPURAM, AMBATTUR",600053
20789,TIRUVALLUR,Villivakkam,"RAVINDRA BHARATHI CBSE SCHOOL, NERKUNDRAM","#16 Karunigar Street Opp: Nissan Service Station, Poonamallee High Rd, Nerkundram,",600107
20790,TIRUVALLUR,Villivakkam,"RAVINDRA BHARATHI GLOBAL SCHOOL
,MOGAPPAIR","NO.432 SEETHAKATHI SALAI, PANEER NAGARMOGAPPAIR EAST, CHENNAI",600037
20791,TIRUVALLUR,Villivakkam,RUDRAPPASAMY SCHOOL,"Karukku Main Road, Patravakkam, Ambattur Taluk,600053",600053
20792,TIRUVALLUR,Villivakkam,SACRED HEART MAT.HSS,SATHYA NAGAR PADI CHENNAI,600050
20793,TIRUVALLUR,Villivakkam,SALVATION MAT TMVOYAL,"No 1, Salvation AvenueThirumullaivoyal",600062
20794,TIRUVALLUR,Villivakkam,SAMUEL HARRIS MATRIC HIGHER SECONDARY SCHOOL AMBATTUR,1010 A CHOLAMBEDU ROAD AMBATTUR,600053
20795,TIRUVALLUR,Villivakkam,SANKALP - THE LEARNING CENTER,Master Plan ComplexNH 205,602001
20796,TIRUVALLUR,Villivakkam,"SATHEESH BALAJI MS,MADHANAKUPPAM","NO.1 COLLEGE ROADMADHANANGKUPPAM, KOLATHUR",600099
20797,TIRUVALLUR,Villivakkam,"SATHYA MAT HSS,VALASARAVAKKAM",Svs nagar annexe Valasaravakkam,600087
20798,TIRUVALLUR,Villivakkam,Sathyalok Matriculation Hr. Sec.  School,"No. 2/1, CHETTIAR AGARAM  ROAD, PORUR, CHENNAI",600116
20799,TIRUVALLUR,Villivakkam,SATHYALOK SCH FOR SPL CHILDREN(MR),"NO2/1 CHETTIYAR AGARAM ROAD,\PORUR,CHENNAI.",600116
20800,TIRUVALLUR,Villivakkam,SBIOA MODEL MATRIC HR.SEC.SCHOOL,"6th MAIN ROAD, MOGAPPAIR ERI SCHEMEMOGAPPAIR WEST, CHENNAI",600037
20801,TIRUVALLUR,Villivakkam,SCOPE GLOBAL SCHOOL,"380, CHURCH ROADMOGAPPAIR EAST",600037
20802,TIRUVALLUR,Villivakkam,SETHU BHASKARA MATRIC HR SEC SCH KALLIKUPPAM,"NO.59,VALLIAMMAL ST, PUDUR,
AMBATTUR,CHENNAINO.59,VALLIAMMAL ST, PUDUR, AMBATTUR,CHENNAI",600053
20803,TIRUVALLUR,Villivakkam,SHAMROCK MAT HSS MUGAPAIR,"10th block, Mogappair East, Chennai",600037
20804,TIRUVALLUR,Villivakkam,SHARON MATRIC HR.SEC SCHOOL,"No.39 Sharon Street,West Balaji Nagar Extn, Pudur, Kallikuppam",600053
20805,TIRUVALLUR,Villivakkam,"SHRI  VEL'S  ESTATE MATRICULATION HR. SEC.SCHOOL,VELLANUR","NO.#42, AVADI VEL TECH ROAD VELLANOOR",600062
20806,TIRUVALLUR,Villivakkam,"SHRI KRISHNASWAMY MATRICULATION SCHOOL,AYAPAKKAM","NO. R -76, TNHB SCHEME PHASE I & II, AYAPAKKAM, CHENNAI",600077
20807,TIRUVALLUR,Villivakkam,"SINTHEA MODEL MAT SCHOOL,KORATTUR","NO;10,44TH STREET,KORATTUR,CHENNAI",600080
20808,TIRUVALLUR,Villivakkam,SIRAGU MONTESSORI  MITTANANALLEE,"PalavedupettaiIAF Avadi,",600055
20809,TIRUVALLUR,Villivakkam,SIRORATHNAM MAT MANNURPET,BAJANAI KOIL STREETMANNURPET,600050
20810,TIRUVALLUR,Villivakkam,"SIVANTHI MAT HSS,RAMAPURAM",5/28 SRIRAM NAGARRAMAPURAM,600089
20811,TIRUVALLUR,Villivakkam,"SKDJ HSS, THIRUVERKADU","NO 11 K N V NAGARTHIRUVERKADU, CHENNAI",600077
20812,TIRUVALLUR,Villivakkam,"SPARTAN EXCLUSIVE SCHOOL , MOGAPPAIR EAST","11th Block, Mogappair EastMogappair East Chennai",600037
20813,TIRUVALLUR,Villivakkam,"SPARTAN MATRIC HIGHER SECONDARY SCHOOL,MUGAPAIR",No.1 Spartan Avenue\Mogappair East,600037
20814,TIRUVALLUR,Villivakkam,"SRE SASSTHA MATRIC HIGHER SECONDARY SCHOOL, NERKUNDRAM","No:6, AYYAPPAN STREET,
KADAMBADI AMMAN NAGAR, METTUKUPPAM, NERKUNDRAM,",600107
20815,TIRUVALLUR,Villivakkam,"SREE AADHITHYA MATRICULATION HIGH SCHOOL, VANAGARAM",1/243 andal naGAR ANNEXVANAGARAM,600116
20816,TIRUVALLUR,Villivakkam,SREE MAHA GANESA VIDYASALA MIDDLE SCHOOL. AMBATTUR,NORTH PARK STREET VENKATAPURAM AMBATTUR CHENNAI,600053
20817,TIRUVALLUR,Villivakkam,"SREE SARASWATHI MATRICULATION HIGH SCHOOL, KALLIKUPPAM","1, VIJAYALAKSHMI NAGARKALLIKUPPAM, AMBATTUR",600053
20818,TIRUVALLUR,Villivakkam,"SRI AYYAPPA N&P, METTUKUPPAM","maduravoyal,mettukuppam,chennai-95",600095
20819,TIRUVALLUR,Villivakkam,"SRI BHUVANESWARI MAT, PADI","145, VANNIER STREET, PADI, CHENNAI- 50.",600050
20820,TIRUVALLUR,Villivakkam,"SRI CHAITANYA SCHOOL, RAMAPURAM","12/2,12/3, Annai Sathya Nagar Main Road, Kotari Nagar, Thiruvallur Salai, Ramapuram, Chennai.",600089
20821,TIRUVALLUR,Villivakkam,SRI CHAITANYA TECHNO SCHOOL,"VANAGARAM - AMBATTUR ROAD, ATHIPET VILLAGEAYANAMBAKKAM",600058
20822,TIRUVALLUR,Villivakkam,SRI CHAITANYA TECHNO SCHOOL,"VANAGARAM - AMBATTUR ROAD, ATHIPET VILLAGE AYANAMBAKKAM",
20823,TIRUVALLUR,Villivakkam,"SRI CHITHANYA SCHOOL, NOLAMBUR","314/4, 3RD CROSS ST, VGN PHASE I, NOLAMBUR, CHENNAI 95",600095
20824,TIRUVALLUR,Villivakkam,SRI DEVI MATRIC SCHOOL,"no 95,96 sri krishna nagar nerkundram",600107
20825,TIRUVALLUR,Villivakkam,SRI KRISHNAMMAL MAT HSS,PK Govt GHSSAmbattur,600053
20826,TIRUVALLUR,Villivakkam,SRI RAMA KRISHNA VIDYA MANDIR MATRICULATION SCHOOL,"16/122, 2nd Main Road, Jayalakshmi Nagar,Thirumullaivoyal, Chennai",600062
20827,TIRUVALLUR,Villivakkam,"SRI RAMAKRISHNA MATRIC HSS,TMVOYAL","27 Chozhapuram Main Road, Thirumullaivoyal, chennai.",600062
20828,TIRUVALLUR,Villivakkam,"SRI RAMAKRISHNA MS,AMBATHUR 8","152, 3RD MAIN ROAD, BANU NAGAR, PUDUR, AMBATTUR",600053
20829,TIRUVALLUR,Villivakkam,"SRI SARASWATHI VIDHYA MANDIR MATRIC HR SEC SCHOOL, AYANAMBAKKAM",14B RAJANKUPPAM ROADAYANAMBAKKAM,600095
20830,TIRUVALLUR,Villivakkam,"SRI VENIYAMMAAL MATRICULATION SCHOOL, RAMAPURAM","3/1, THIRUMALAI NAGARKRISHNAVENI STREET, RAMAPURAM",600089
20831,TIRUVALLUR,Villivakkam,"SRI VENKATESHWARA MATRIC HIGHER SECONDARY SCHOOL,THIRUMULLAIVOYAL","359/E VICTORY AVENUETHIRUMULLAIVOYAL, CHENNAI",600062
20832,TIRUVALLUR,Villivakkam,SRI VENKATESWARA MATRIC HSS,TULSI GARDEN CHELLIAMMAN KOIL STREETCHELLIAMMAN NAGAR ATHIPET CHENNAI,600058
20833,TIRUVALLUR,Villivakkam,SRI VENKATESWARA VIDHYALAYA SENIOR SECONDARY SCHOOL,"R-80, Ambattur,Phase I & IITNHB, Ayapakkam, Chennai",600077
20834,TIRUVALLUR,Villivakkam,SRI VIDHYA NIKETHAN MATRICULATION SCHOOL,"No-12/76, III CROSS STREET\ BHARATHI NAGAR, AMBATTUR, CHENNAI-53",600053
20835,TIRUVALLUR,Villivakkam,SRI VIMALA VIDYALAYA CBSE,"Plot No 29,Amman Nagar Annex Amman Nagar, Chennai",600089
20836,TIRUVALLUR,Villivakkam,"SRI VISA MAT,MADURAVOYAL","no:12., meenatchi st, karthikeyan nagar, maduravoyal",600095
20837,TIRUVALLUR,Villivakkam,SRISHTI SPECIAL SCHOOL,"B4, Valayapathy Salai, J.J.Nagar. Mogappair East, Ch-37",600037
20838,TIRUVALLUR,Villivakkam,SRM HSS AMBATTUR,10 M.T.H.ROAD AMBATTUR CHENNAI 53,600053
20839,TIRUVALLUR,Villivakkam,"ST ANNAL MS,PORUR","3/174, DASS MAIN ROAD, ANNANAGAR, THUNDALAM",600077
20840,TIRUVALLUR,Villivakkam,"ST JOHNS HIGHER SECONDARY SCHOOL ,PORUR","NO.13, NEW COLONY, PORUR, CHENNAI",600116
20841,TIRUVALLUR,Villivakkam,"ST JOHNS MATRIC HR SEC SCHOOL, PULIAMBEDU","NO,11 BIG STREET, PULIAMBEDU,CHENNAI - 77",600077
20842,TIRUVALLUR,Villivakkam,"ST JOHNS MS,TM VOYAL",NO:9A MANOLODAI STREETLENIN NAGAR THIRUMULLAIVOIL,600062
20843,TIRUVALLUR,Villivakkam,ST JOSEPH MAT H S S AMBATTUR,"Krishnapuram, Ambattur Chennai",600053
20844,TIRUVALLUR,Villivakkam,"ST JOSEPH'S MATRIC  HSS,PORUR","No.16A,PALAYAKARA STREET, PORUR",600116
20845,TIRUVALLUR,Villivakkam,ST MARYS MAT SC - KARAMBAKKAM,"NO.45,VIGNESHWARA NAGAR PORUR, CHENNAI",600116
20846,TIRUVALLUR,Villivakkam,"ST PAULS HSS, KARAMPAKKAM","41-A,BHARATHI SALAI,ARUNACHALAM NAGAR,KARAMBAKKAM,PORUR,CHENNAI",600116
20847,TIRUVALLUR,Villivakkam,ST THERASA MAT HSS MANNURPET,"NO.12, KAMARAJ NAGAR,MANNUR PET , CHENNAI",600050
20848,TIRUVALLUR,Villivakkam,ST THOMAS VIDYALAYAM MATRIC HSS VANAGARAM,"10, Dhanalakshmi Nagar, Sivabootham VillageVanagaram",600095
20849,TIRUVALLUR,Villivakkam,"St. Mary's Matriculation Higher Secondary School ,IAF Avadi","201/4,Anna complex, Mittanamallee,Avadi IAF,Chennai - 600055",600055
20850,TIRUVALLUR,Villivakkam,"ST. THOMAS MATRICULATION SCHOOL, KOVILPATHAGAI, AVADI","JASMINE GARDEN, ASHOK NAGAR, KOVILPATHAGAI\AVADI, CHENNAI",600062
20851,TIRUVALLUR,Villivakkam,"ST.MARYS MATRICULATION HIGHER SECONDARY SCHOOL, ATHIPET","kalaivanar nagarathipet, ambattur",600058
20852,TIRUVALLUR,Villivakkam,St.MOSES MATRICULATION SCHOOL,"73/41-A, Karukku Main Road,\Menambedu, Ambattur, Chennai.",600053
20853,TIRUVALLUR,Villivakkam,SV HIGH SCHOOL,,
20854,TIRUVALLUR,Villivakkam,"SWAAMI VIVEKANANDA MATRIC HSS , RAMAPURAM","NO :1/7A,NAIDU STREET, RAMAPURAM CHENNAI",600089
20855,TIRUVALLUR,Villivakkam,"SWAMY'S MAT HSS,PORUR","Mangaiyarkarasi StreetSanthosh Nagar, Madhanandapuram",600125
20856,TIRUVALLUR,Villivakkam,SWAMY'S SCHOOL,"Plot Nos, 1 to 4, 7 to 10 , Mangaiyarkarasi Street, Santhosh Nagar, Madanandapuram, Chennai",600125
20857,TIRUVALLUR,Villivakkam,T.I. MATRICULATION HIGHER SECONDARY SCHOOL AMBATTUR,"NO. 1 & 2, M.T.H. ROAD, THIRUVENGADA NAGAR, AMBATTUR, CHENNAI",600053
20858,TIRUVALLUR,Villivakkam,THE LEO ACADEMY OF EXCELLENCE (CBSE),1513 e anna nagar west ext chennai-101,600101
20859,TIRUVALLUR,Villivakkam,THE NAZARETH ACADEMY,"Kovilpathagai Main RoadAvadi, Chennai",600062
20860,TIRUVALLUR,Villivakkam,THE SCHRAM ACADAMY NOLAMBUR,"III,IV,V FIRST MAIN ROAD, MCK LAYOUT, NOLAMBUR",600095
20861,TIRUVALLUR,Villivakkam,THE SCHRAM ACADEMY,ONE SCHRAM AVENUE\MADURAVOYAL,600095
20862,TIRUVALLUR,Villivakkam,THE SCRAM ACADEMY AYANAMPAKKAM,"189 PERUMAL KOIL STREET, RAJANKUPPAM AYANAMBAKKAM",600095
20863,TIRUVALLUR,Villivakkam,TI SCHOOL,Ambattur Chennai,
20864,TIRUVALLUR,Villivakkam,"UCCK MATRIC HR.SEC.SCHOOL,AYANAMPAKKAM","132,VANAGARAM ROAD, AYNAMBAKKAM",600095
20865,TIRUVALLUR,Villivakkam,V.N.R. VIVEKANANDA VIDYALAYA,"31/A, VIVEKANANDA GARDEN, GANGAIAMMAN NAGARMADURAVOYAL, CHENNAI",600095
20866,TIRUVALLUR,Villivakkam,VAILANKANNI MATRICULATION HIGHER SECONDARY SCHOOL,"5, Astalakshmi NagarValasaravakkam",600087
20867,TIRUVALLUR,Villivakkam,VALLIAMMAL MAT VENKATAPUR,"9 , k.k. road 14th street ,venkatapuram , ambattur",600053
20868,TIRUVALLUR,Villivakkam,VASANTHA VIDHYA. KARAMPAKKAM,"4/7, JAIN KOIL STREETPONNI NAGAR, KARAMBAKKAM, PORUR",600116
20869,TIRUVALLUR,Villivakkam,VASANTHAM SPL SCH,"Vasantham School East Mogappair, Next to EB Office",600037
20870,TIRUVALLUR,Villivakkam,VEDANTA ACADEMY SENIOR SECONDARY SCHOOL,NO 90oombal Main Road,600077
20871,TIRUVALLUR,Villivakkam,VEL TECH Dr RR & Dr SR MAT HR. SEC. SCHOOL,"187,avadi - veltech roadkovilpadagai avadi",600062
20872,TIRUVALLUR,Villivakkam,"VELAMMAL MAT SCHOOL, MU WEST","Pearl Palace, Block.No.7, Mugappair West, Chennai - 37",600037
20873,TIRUVALLUR,Villivakkam,"VELAMMAL MATRICULATION HIGHER SECONDARY, MOGA-EAST","VELAMMALGARDENS"", T.S.KRISHNA NAGAR,MOGAPPAIR EAST, CHENNAI""",600037
20874,TIRUVALLUR,Villivakkam,VELAMMAL VIDHIYASHRAM MATRICULATION SCHOOL,"NO. 2, 8TH CROSS STREET, SRI LAKSHMI NAGAR,MADURAVOYAL, CHENNAI-600095",600095
20875,TIRUVALLUR,Villivakkam,VELAMMAL VIDHYASHRAM AMBATTUR,"NO.17, VEKATESWARA NAGARORAGADAM, AMBATTUR",600053
20876,TIRUVALLUR,Villivakkam,"VELAMMAL VIDYALAYA (ANNEXURE)
SR.SEC.SCHOOL. MEL AYANAMBAKKAM, CHENNAI 95.","VELAMMAL VIDYALAYA  ANNEXUREMEL AYANAMBAKKAM , CHENNAI",600095
20877,TIRUVALLUR,Villivakkam,VELAMMAL VIDYALAYA PORUR CHENNAI,"LAKSHMI RAM GARDEN, CAUVERY NAGAR, 2ND AND 3RD STREET, KARAMBAKKAM, PORUR, CHENNAI-116",600116
20878,TIRUVALLUR,Villivakkam,"VELAMMAL VIDYALAYA, ALAPAKKAM",SEEMATHAMMAN NAGAR ALAPAKKAMMADURAVOYAL CHENNAI,600095
20879,TIRUVALLUR,Villivakkam,"VELAMMAL VIDYALAYA, MELAYANAMBAKKAM","VELAMMAL AVENUE
MELAYANAMBAKKAM CHENNAI - 600095",600095
20880,TIRUVALLUR,Villivakkam,Velammals Memorial Mat Hr Sec School,"No.2 &3, S.M koil street, Lakshmi Nagar Maduravoyal,ch 95.Maduravoyal, Chennai--95",600095
20881,TIRUVALLUR,Villivakkam,"VENKATESHWARA MATRIC SCHOOL, THIRUMULLAIVAYOL","7,BHARATHI NAGAR ,(opp.TNHB)THIRUMULLAIVOYAL, CHENNAI",600062
20882,TIRUVALLUR,Villivakkam,"VIJAYANTA HIGHER SEC SCHOOL , AVADI","HVF ESTATE,AVADI",600054
20883,TIRUVALLUR,Villivakkam,VIJAYANTA MODEL HR SEC SCHOOL,AVADICHENNAI,600054
20884,TIRUVALLUR,Villivakkam,"VIJAYANTHA SR.SEC., AVADI","H.V.F ESTATE, AVADI CHENNAI",600054
20885,TIRUVALLUR,Villivakkam,"ZAMAR MATRICULATION HR.SEC.SCHOOL, AYAPAKKAM","no.17 Bhavani nagar extension4th cross wellspring stree, ayapakkam, chennai",600077
20886,TIRUVANNAM,Anakkavur,BRIGHT PUBLIC SCHOOL,VEERAMBAKKAM KOOTROAD PURISAI,604401
20887,TIRUVANNAM,Anakkavur,GHS ALATHUR,SCHOOL STREET ALATHUR VILLAGE,604408
20888,TIRUVANNAM,Anakkavur,GHS ANAPPATHUR,Road streetanapathur,604401
20889,TIRUVANNAM,Anakkavur,GHS ELANEERKUNDRAM,SCHOOL STREET\ELANEERKUNDRAM,604401
20890,TIRUVANNAM,Anakkavur,GHS KOOZHAMANDAL,"MAIN ROAD , KOOZHAMANDAL-631701",631701
20891,TIRUVANNAM,Anakkavur,GHS METTU ECHUR,"CHEYYAR TO VANDAVASI ROAD, METTU ECHUR,
OPPOSITE OF EBCHEYYAR TO VANDAVASI ROAD, METTU ECHUR, OPPOSITE OF EB",604404
20892,TIRUVANNAM,Anakkavur,GHS THENELAPAKKAM,THENELAPAKKAM VILLAGE\CHEYYAR TALUK,604408
20893,TIRUVANNAM,Anakkavur,GHS THETHURAI,THETHURAI\GHS THETHURAI,604408
20894,TIRUVANNAM,Anakkavur,GHSS AKKUR,SCHOOL STREET\AKKUR,631701
20895,TIRUVANNAM,Anakkavur,GHSS ANAKKAVUR,Kalathu mettu stAnakkavoor,604401
20896,TIRUVANNAM,Anakkavur,GHSS KOVILUR,KALATHU METTU STKOVILUR,604404
20897,TIRUVANNAM,Anakkavur,GHSS PURISAI,METTU STREET/PURISAI VILLAGE / CHEYYAR TK / THIRUVANNAMALAI DIST,604401
20898,TIRUVANNAM,Anakkavur,GHSS SENGADU,SENGADU POST\CHEYYAR TALUK,604405
20899,TIRUVANNAM,Anakkavur,GHSS UKKAL,Govt.Hr. Sec. School Ukkal,631701
20900,TIRUVANNAM,Anakkavur,PUMS ALATHURAI,selliyamman koil streetalathurai,604408
20901,TIRUVANNAM,Anakkavur,PUMS CHEYYATRAIVENDRAN,cheyyatraivendran village & postcheyyatraivendran,604401
20902,TIRUVANNAM,Anakkavur,PUMS ERUMAIVETTI,pillaiyar kovil streetErumaivetti (post),604401
20903,TIRUVANNAM,Anakkavur,PUMS MADIPAKKAM,PUMS MADIPAKKAMCHEYYAR TALUK,631701
20904,TIRUVANNAM,Anakkavur,PUMS MELNEMELI,ROAD STREET PUMS MELNEMILICHEYYAR TALUK,604505
20905,TIRUVANNAM,Anakkavur,PUMS NEDUNGAL,PUMSedungal,604408
20906,TIRUVANNAM,Anakkavur,PUMS PAIYUR,PUMS PaiyurRoad Street,604408
20907,TIRUVANNAM,Anakkavur,PUMS PERUMBALAI,school streetperumbalai village,604401
20908,TIRUVANNAM,Anakkavur,PUMS VEERAMBAKKAM PUDUR,veerambakkam postcheyyar taluk,604408
20909,TIRUVANNAM,Anakkavur,WISDOM MAT HSS CHEYYATRAI VENDRAN,wisdom nagarcheyyatraivendran,604401
20910,TIRUVANNAM,Arni,"ACS MATRIC HSS, ARNI","ARCOT ROAD, ACS NAGAR, IRUMBEDU, ARNI",632317
20911,TIRUVANNAM,Arni,ADWMS PAIYUR,"MARIYAMMAN KOVIL STREET,PAIYUR COLONY ARNI TALUKARNI TALUK,TIRUVANNAMALAI DT",632317
20912,TIRUVANNAM,Arni,ADWMS PAPPAMBADI,Road Street PappambadiMozhugampoondi Village & Post Arni TK TVM Dist,632317
20913,TIRUVANNAM,Arni,APPLE INTERNATIONAL MATRICULATION SCHOOL,"SF.NO.253/1D, VALAPANDAL  ROADVELAPPADI",632317
20914,TIRUVANNAM,Arni,BEST MATRIC HIGHER SECONDARY SCHOOL ARNI,"Venkateshwara NagarChetpet Road, Arni",632301
20915,TIRUVANNAM,Arni,CSI HSS  ARNI,"3Pudhukamur Road,arni",632301
20916,TIRUVANNAM,Arni,GGMHSS ARNI,KOTTAI EAST STREETARNI,632301
20917,TIRUVANNAM,Arni,GHS ADHANOOR,"ARCOT ROAD, GANDHI NAGAR ADANUR, ARNI TALUK",632317
20918,TIRUVANNAM,Arni,GHS HARIHARAN NAGAR,ARNI TALUKTIRUVANNAMALI DIST,632317
20919,TIRUVANNAM,Arni,GHS KALPOONDI,kalpoondi\arni,632317
20920,TIRUVANNAM,Arni,GHS MEYYUR,"GOVT HIGH SCHOOL, ,MEYYUR  , ,ARNI
TALUK,632317,TIRUVANNAMALAI DISTRICT - 33060702701MANDAVELI STREET,MEYYUR-632317",632317
20921,TIRUVANNAM,Arni,GHS MORAPANTHANGAL,"GOVT HIGH SCHOOL, MORAPPANTHANGAL",632317
20922,TIRUVANNAM,Arni,GHS NESAL,"GOVT.HIGH SCHOOL, NESAL, ARNI T.K.",632316
20923,TIRUVANNAM,Arni,GHS PAIYUR,"GOVTHIGH SCHOOL,PAIYUR   632317,ARNI
TALUK,TIRUVANNAMALAIDIST - 33060703705GHS,PAIYUR",632317
20924,TIRUVANNAM,Arni,GHS RATTINAMANGALAM,KULATHU METTU STRATTINAMANGALAM,632316
20925,TIRUVANNAM,Arni,GHS SIRUMOOR,"Dharmaraja Koil Street, SirumoorArni Tk",632314
20926,TIRUVANNAM,Arni,GHS VADUGASATHU,roadstreetvadugasathu,632316
20927,TIRUVANNAM,Arni,GHS VELAPADI,SAI NAGARVELAPPADI,600000
20928,TIRUVANNAM,Arni,GHS VETTIYANTHOLUVAM,S.U.VANAM ROADVETTIAYNTHOLUVAM,632314
20929,TIRUVANNAM,Arni,GHS VILAI,GOVERNMENT HIGH SCHOOLNESAL POST VILAI ARANI,632316
20930,TIRUVANNAM,Arni,GHS-MAMANDOOR,SCHOOL STREETMAMANDUR,632317
20931,TIRUVANNAM,Arni,GHSS (B)  ARNI,fort south street arnifort south street arni,632301
20932,TIRUVANNAM,Arni,GHSS AGRAPALAYAM,"1/258 SCHOOL STREET,AGRAPALAYAM ARNI TALUK",632314
20933,TIRUVANNAM,Arni,GHSS- IRUMBEDU,ARANIARANI,632317
20934,TIRUVANNAM,Arni,GHSS MULLANDIRAM,"MEL STREET MULLANDIRAM, ARNI",632512
20935,TIRUVANNAM,Arni,GHSS S.V.NAGARAM,"KATCHERI STREET, SV NAGARAM",632317
20936,TIRUVANNAM,Arni,GHSS SEVOOR,GOVT HSS SCHOOL\SEVOOR,632316
20937,TIRUVANNAM,Arni,GHS-SANGEETHAVADI,METTU STREET\SANGEETHAVADI,632504
20938,TIRUVANNAM,Arni,KANNAMMAL INTERNATIONAL SCHOOL,"47-A, MILLERS ROAD\ARNI",632301
20939,TIRUVANNAM,Arni,MHS ANATHAPURAM(SAIDAI),"Ananthapuram saithai ,arni",632301
20940,TIRUVANNAM,Arni,MMS ANANTHAPURAM(N) ARNI,"ANANTHAPURAM NORTH\SAIDAPET, ARNI",632301
20941,TIRUVANNAM,Arni,MMS SARPANAPET,"Vadakkumada veedhi, Sarpanarpet,Arni",632301
20942,TIRUVANNAM,Arni,MMS SHAFFIULLA ST ARNI,shaffiyulla streetramakrishna pet,632301
20943,TIRUVANNAM,Arni,MMS THACHUR ROAD ( SS KOIL ST),"S.S koil Street, Arani",632301
20944,TIRUVANNAM,Arni,"MMS, P A KOIL ST, ARNI",PALANI ANDAVAR KOIL STREETKOSAPALAYAM  ARNI,632301
20945,TIRUVANNAM,Arni,MUNICIPAL HIGH SCHOOL KANNAPPAN ST POONTHOTAM ARNI,"kannappan st,Poonthotam,Arni",632301
20946,TIRUVANNAM,Arni,PUMS 12PUTHUR,"P.U.MIDDLE SCHOOL\12 PUTHUR, ARNI BLOCK",632512
20947,TIRUVANNAM,Arni,PUMS ADAYAPULAM,"KAYAPPAKKAM, ADAYAPALAM,ARNI TK",632317
20948,TIRUVANNAM,Arni,PUMS KANIGILUPPAI,"SCHOOL ST, KANIGILUPPAI , ARNI",632317
20949,TIRUVANNAM,Arni,PUMS MGR NAGAR PAIYUR,PUMS MGR NAGARPAIYUR,632317
20950,TIRUVANNAM,Arni,PUMS NETHAPAKKAM,ROAD STREET NETHAPAKKAMROAD STREET NETHAPAKKAM,632317
20951,TIRUVANNAM,Arni,PUMS ONDIGUDISAI,SCHOOL STREET ONDIGUDISAI,632317
20952,TIRUVANNAM,Arni,PUMS PANAIYUR,"SCHOOL STREET\PANAIYUR
pin 632518",632518
20953,TIRUVANNAM,Arni,PUMS PAZHANGAMUR,"PUMS , PAZHANGAMOOR ,  IRUMBEDU PANCHAYAT, ARNI-632317",632317
20954,TIRUVANNAM,Arni,PUMS POOSIMALAIKUPPAM,SCHOOL STREETPOOSIMALAIKUPPAM,632312
20955,TIRUVANNAM,Arni,PUMS S.U.VANAM,"ROAD STREET SUVANAM , ARNI",632314
20956,TIRUVANNAM,Arni,PUMS SOMANTHANGAL,"SCHOOL STREET\SOMANTHANGAL, ARNI",632314
20957,TIRUVANNAM,Arni,PUMS SUBANRAO PETTAI,SUBANRAO PETTAIS.V.NAGARM POST,632317
20958,TIRUVANNAM,Arni,PUMS THUNTHAREEGAMPATTU,ROAD STREET THUNTHAREEGAMPATTUROAD STREET THUNTHAREEGAMPATTU,632317
20959,TIRUVANNAM,Arni,PUMS VELLERI,PUMS VELLERIARANI,632317
20960,TIRUVANNAM,Arni,"PUMS, ARIYAPPADI","Big Street , Ariyapadi, ARNI",632314
20961,TIRUVANNAM,Arni,SHRI BALA VIDHYA MANDIR MATRIC HR SEC SCHOOL,"CHETPET ROAD,VILAI VILLAGE, NESAL POST, ARNI - 632316",632316
20962,TIRUVANNAM,Arni,"SRI BHARATHI VIDHYASHRAM MATRIC HR.SEC. SCHOOL, AGRAPALAYAM",ARNI TO VELLORE MAIN ROADAGRAPALAYAM,632314
20963,TIRUVANNAM,Arni,ST MARY'S MATRIC HSS ARNI,"VALAPANDAL ROAD\PAIYUR VILLAGE, ARNI",632317
20964,TIRUVANNAM,Arni,ST. JOSEPH HSS(GIRLS) ARNI,"KARTHIKEYAN ROAD, ARNITIRUVANNAMALAI",632301
20965,TIRUVANNAM,Arni,ST. JOSEPH'S MATRIC HR SEC SCHOOL  ARNI,"3/1, KARTHIKEYAN ROAD, ARNI - 632301",632301
20966,TIRUVANNAM,Arni,ST.GEMMA MATRIC.HR.SEC.SCHOOL RANDHAMKORATTUR,"panaiyur post,arni tktiruvannamalaI DISTRICT",632518
20967,TIRUVANNAM,Arni,SUB. SASTRIAR HSS ARNI,"72,NORTH FORD STREET,ARNI",632301
20968,TIRUVANNAM,Arni,VIKAS VIDHYASHARAM MATRICULATION HR SEC SCHOOL NESAL,"43/1, 45/1, 2,3 NESAL- ARAYALAM ROAD,NESAL",632316
20969,TIRUVANNAM,Chengam,A.P.J MEMORIAL MATRICULATION SCHOOL,,
20970,TIRUVANNAM,Chengam,ADWHS MELPUZHUTHIYUR,FIRST STREETAMBEDKAR NAGAR,606709
20971,TIRUVANNAM,Chengam,ADWMS KAYAMBATTU,MAIN ROADKAYAMPATTU VILLAGE AND POST,606701
20972,TIRUVANNAM,Chengam,BARATH MAT  HSS CHENGAM,"197/6B, RIVER STREET, MILLATH NAGAR, CHENGAM",606701
20973,TIRUVANNAM,Chengam,GBHSS-MELPALLIPATTU,"MGR NAGAR ,MELPALLIPATTU",606709
20974,TIRUVANNAM,Chengam,GGHSS MELPALLIPATTU,Main roadmelpallipattu,606703
20975,TIRUVANNAM,Chengam,GHS (MUSLIM) CHENGAM,"ABDUL KALAM NAGAR , MILLATH NAGAR, CHENGAM",606701
20976,TIRUVANNAM,Chengam,GHS C.SORPANANDAL,Sathanur roadChengam T.K,606706
20977,TIRUVANNAM,Chengam,GHS CHE.NACHIPATTU,"GHS, CHE..NACHIPATTU",606709
20978,TIRUVANNAM,Chengam,GHS CHENNASAMUTHIRAM,NEAR PRIMARY HEALTH CARE CENTRENEAR PRIMARY HEALTH CARE CENTRE,606701
20979,TIRUVANNAM,Chengam,GHS KARIMALAIPADI,GHS KARIMALAIPADI MELRAVANDAVADI  POST,606703
20980,TIRUVANNAM,Chengam,GHS KRISHNAPURAM,"krishnapuram, koil street",606710
20981,TIRUVANNAM,Chengam,GHS KUPPANATHAM,"J J NAGAR
KUPPANATHAM CHENGAM TALUK",606710
20982,TIRUVANNAM,Chengam,GHS MELCHENGAM,GHS MELCHENGAMMELCHENGAM,606703
20983,TIRUVANNAM,Chengam,GHS MELRAVANDAVADI,MAIN ROADMELRAVANDHAVADI,606703
20984,TIRUVANNAM,Chengam,GHS NEEPATHURAI,"GHS Neepa thurai, Chengam taluk,Tiruvannamalai district",606703
20985,TIRUVANNAM,Chengam,GHS PACHAL,GOVERNMENT HIGH SCHOOLPACHAL,606704
20986,TIRUVANNAM,Chengam,GHS PULIYAMPATTI,PULIYAMPATTICHENGAM,606703
20987,TIRUVANNAM,Chengam,GHS VINNAVANOOR,pachal postchengam,606704
20988,TIRUVANNAM,Chengam,GHS-ANTHANUR,"GOVERNMENT HIGH SCHOOL,BANGALORE MAIN ROAD, ANTHANUR VILL ,CHENGAM.",606709
20989,TIRUVANNAM,Chengam,GHSS  ELANGUNNI,"GHSS-ELANGUNNI
NEAR GOVT.PRIMARY HOSPITAL",606703
20990,TIRUVANNAM,Chengam,GHSS ARATTAVADI,MAIN ROAD\ARATTAVADI,606709
20991,TIRUVANNAM,Chengam,GHSS KANNAKURUKKAI,KANNAKURUKKAIMAIN ROAD,606704
20992,TIRUVANNAM,Chengam,GHSS PARAMANANDAL,"GOVT HR SEC SCHOOL,
PARAMANANDAL, PARAMANANDAL POST,",606710
20993,TIRUVANNAM,Chengam,GHSS PERIYAKOLAPADI,GHSS - PERIYAKOLAPADIINDRA NAGAR,606704
20994,TIRUVANNAM,Chengam,GHSS(BOYS) CHENGAM,TIRUVANNAMALAITIRUVANNAMALAI,606701
20995,TIRUVANNAM,Chengam,GHSS(GIRLS) CHENGAM,PERUMAL KOIL ST CHENGAM,606701
20996,TIRUVANNAM,Chengam,GHSS-ANDIPATTI,"MAIN ROAD, ANDIPATTI VILLAGE & POSTCHENGAM TALUK, TIRUVANNAMALAI DISTT.",606703
20997,TIRUVANNAM,Chengam,MAHARISHI  HR SEC SCHOOL CHENGAM,"KUPPANATHAM ROAD, CHENGAM",606701
20998,TIRUVANNAM,Chengam,NANDHEESWARA MATRICULATION SCHOOL,ARASANKANNI VILLAGE& POST CHENGAM TALUK TIRUVANNAMALAI 606703,606703
20999,TIRUVANNAM,Chengam,PUMS ARASANKANNI,PUMS\ARASANKANNI,606703
21000,TIRUVANNAM,Chengam,PUMS -AYOTHIYAPATTANAM,AYOTHIYAPATTINAM VILLAGEMELRAVANDHAVADI POST,606703
21001,TIRUVANNAM,Chengam,PUMS CHE. AGARAM,"PANCHAYAT UNION MIDDLE SCHOOL\CHE. AGARAM,
CHENGAM T.K., TIRUVANNAMALAI DISTRICT",606704
21002,TIRUVANNAM,Chengam,PUMS CHE. TIRUVALLUVARNAGAR,Main RoadThiruvalluvar Nagar,606709
21003,TIRUVANNAM,Chengam,PUMS GANESAPURAM,"pums,ganesapurampachal post.",606704
21004,TIRUVANNA MALAI,Chengam,PUMS GANESAPURAM,"pums,ganesapuram pachal post.",
21005,TIRUVANNAM,Chengam,PUMS K.ANNANAGAR,KO.ANNANAGARPARAMANANDHAL POST,606710
21006,TIRUVANNAM,Chengam,PUMS KATTAMADUVU,MAIN ROADMELRAVANDHAVADI POST,606703
21007,TIRUVANNAM,Chengam,PUMS KOTTAVUR,KOTTAVOOR VILLAGE KUPPANATHAM POSTCHENGAM TK THIRUVANNAMALAI DIST,606710
21008,TIRUVANNAM,Chengam,PUMS MANMALAI,"Thukkapet Post, Manmalai Village, Chengam Taluk, Tiruvannamalai District-606709.",606709
21009,TIRUVANNAM,Chengam,PUMS MELPENNATHUR,"PUMS MELPENNATHUR,MELPENNATUR( POST) CHENGAM(TK)-606704",606704
21010,TIRUVANNAM,Chengam,PUMS MELPUZHUTHIYUR,MELPULUTHIYURMELPULUTHIYUR,606709
21011,TIRUVANNAM,Chengam,PUMS MELVANAKKAMPADI,MAIN ROADMELVANAKKAMBADI,606703
21012,TIRUVANNAM,Chengam,PUMS NEW KUILAM,near mariamman kovilnewquilam,606710
21013,TIRUVANNAM,Chengam,PUMS PERIYAKALTHAMBADI,"PERIYAKALTHAMBADI\C.SORPANANDAL CHENGAM TK ,TIRUVANNAMALAI DIST 606706.",606706
21014,TIRUVANNAM,Chengam,PUMS PERUMPAKKAM,PUMS Perumpakkam Thandarampattu main road pandithappattu post perumpakkam,606603
21015,TIRUVANNAM,Chengam,PUMS PINJUR,pums pinjurpinjur post,606709
21016,TIRUVANNAM,Chengam,PUMS PUDUPATTU,Panchayat Union Middle schoolPudupattu,606710
21017,TIRUVANNA MALAI,Chengam,PUMS PUDUPATTU,"MAIN ROAD, PUDUPATTU",
21018,TIRUVANNAM,Chengam,PUMS THALAVANAICKENPETTAI,THALAVANAIKKANPETTAI\CHENGAM,606701
21019,TIRUVANNAM,Chengam,PUMS THAZAIYUTHU,thazhaiyuthu Arattavadi post,606709
21020,TIRUVANNAM,Chengam,PUMS THEETHANDAPATTU,Theethandapattu Chengam T.K Tiruvannamalai Dt,606701
21021,TIRUVANNAM,Chengam,PUMS UCHIMALAIKUPPAM,PACHAL POSTCHENGAM TK,606704
21022,TIRUVANNAM,Chengam,PUMS VALAYAMPATTU,"RAJA STREET, VALAYAMPATTU.",606701
21023,TIRUVANNAM,Chengam,SAGAYA MADHA HSS(TM) CHENGAM,141THUKKAPET,606709
21024,TIRUVANNAM,Chengam,SAHAYAMADHA MATRIC HSS- CHENGAM,"Sahayamadha school streetThukkapet, Chengam",606709
21025,TIRUVANNAM,Chengam,SHREE NIVEDHA MATRICULATION SCHOOL,"Muraiyar Village, Chengam Taluk,Tiruvannamalai Dist-606709",606709
21026,TIRUVANNAM,Chengam,SIDDHARTH MATRICULATION SCHOOL,"ALAPUTHUR VILLAGE, PUDUPATTU POST, CHENGAM",606710
21027,TIRUVANNAM,Chengam,SIGARAM INTERNATIONAL SCHOOL,"Sigaram International School Sigaram Nagar, Banglore Main Road, Chengam Tk,Tiruvannamalai Dt",620002
21028,TIRUVANNAM,Chengam,SRI RAMAKRISHNA MATRIC HSS CHENGAM,NO 01POLUR ROAD CHENGAM,606701
21029,TIRUVANNAM,Chengam,Sri Sarathi balamandir matric higher secondary school,,
21030,TIRUVANNAM,Chengam,SRI VIVEKANANDA MATRIC HIGHER SEC SCHOOL- CHENGAM,THENDRAL NAGAR THUKAPET CHNEGAM,606709
21031,TIRUVANNAM,Chengam,SRISHTI HIGHER SEC  SCHOOL,Polur main Road chengam,606705
21032,TIRUVANNAM,Chengam,VIMALA IRUDHAYA MATRICULATION SCHOOL ANWARABATH,"VIMALA HRIDAYA MATRIC SCHOOLANWARABATH,CHENGAM",606705
21033,TIRUVANNAM,Chetpet,ANNAI RENUGAMBAL MATRIC HR. SEC SCHOOL,"kolavoor pulivananthal post ,polur tk, thiruvannamalai Dst, Tamil Nadu",606904
21034,TIRUVANNAM,Chetpet,ANSALDO MATRIC MARUTHUVAMBADI,ANSALDO NAGAR \Maruthuvampadi,606801
21035,TIRUVANNAM,Chetpet,CHINMAYA VIDHYALAYA MATRIC HR SEC SCHOOL MANDAKOLATHUR,"Koot Road\Mandakolathur Vill & post,Polur TK",606904
21036,TIRUVANNAM,Chetpet,DANIE MATRIC SCHOOL -CHETPET,"DARMARAJA KOIL STREET\ANNAMALAI NAGAR/
pazhampet,chetpet-606801",606801
21037,TIRUVANNAM,Chetpet,DHIVYA HIGH SCHOOL-CHETPET,"Gingee Road, chetpetThiruvannamalai District",606801
21038,TIRUVANNAM,Chetpet,DHIVYA MATRIC HSS CHETPET,"77/1, 77/2 GINGEE ROAD\CHETPET AND TALUK",606801
21039,TIRUVANNAM,Chetpet,DOMINIC SAVIO HSS (BOYS) CHETPET,"DOMINIC SAVIO HR.SEC.SCHOOL\FATHIMA STREET, LOURDU NAGAR, CHETPET, TVM.DT.",606801
21040,TIRUVANNAM,Chetpet,GHS ETTIVADI,"16,GANDHI STREET,ETTIVADI,POLUR TK,TIRUVANNAMALAI DT",606907
21041,TIRUVANNAM,Chetpet,GHS GUDALUR,ERIKKARAI STREETGUDALUR,606907
21042,TIRUVANNAM,Chetpet,GHS INDIRAVANAM,GOVT HIGH SCHOOL  INDIRAVANAM,632313
21043,TIRUVANNAM,Chetpet,GHS KILKARIKATHUR,PILLAIYAR KOIL STREETPILLAIYAR KOIL STREET,606803
21044,TIRUVANNAM,Chetpet,GHS PELASUR,1\PADAGAM MAIN ROAD,606803
21045,TIRUVANNAM,Chetpet,GHS RANDAM,RANTHAM\SEMMIYAMANGALAM POST,606904
21046,TIRUVANNAM,Chetpet,GHS ULAGAMPATTU,"RICE MIL STREET,ULAGAMPATTUULAGAMPATTU(PO) CHETPET(Tk)",606801
21047,TIRUVANNAM,Chetpet,GHSS MANDAKOLATHUR,No:1 Road StMANDAKOLATHUR,606904
21048,TIRUVANNAM,Chetpet,GHSS MANSURABAD,"MANSURABAD village & POST, MANSURABAD",606902
21049,TIRUVANNAM,Chetpet,GHSS NAMBEDU,Road StreetNAMBEDU,606902
21050,TIRUVANNAM,Chetpet,GHSS PAZHAMPET,Pazhampet\Vandavasi Road,608801
21051,TIRUVANNAM,Chetpet,GHSS PERNAMBAKKAM,SEMMIYAMANGALAM POST CHETPET T.K.,606904
21052,TIRUVANNAM,Chetpet,GHSS SANARAPALAYAM,Polur Chetpet Main Road\Main Road Sanarapalayam,606904
21053,TIRUVANNAM,Chetpet,GHSS SEVARAPOONDI,GHSS SEVARAPOONDI CHETPETTALUKA THIRUVANNAMALAI,606902
21054,TIRUVANNAM,Chetpet,GHSS VADAMATHIMANGALAM,THIRUMALAI ROAD\VADAMATHIMANGALAM,606907
21055,TIRUVANNAM,Chetpet,NIRMALA MADHA HSS (GIRLS) SUSAINAGAR,NIRMALA MATHA GHSS SUSAI NAGAR,632326
21056,TIRUVANNAM,Chetpet,PUMS ALLIYALAMANGALAM,SCHOOL STREET\ALLIYALAMANGALAM,606904
21057,TIRUVANNAM,Chetpet,PUMS ATHURAI,SCHOOL STREET\AUTHURAI,606902
21058,TIRUVANNAM,Chetpet,PUMS GENGAISOODAMANI,SCHOOL STREET\GENGAISOODAMANI,606801
21059,TIRUVANNAM,Chetpet,PUMS KARUNGALIKUPPAM,PALLIKUDA STREET\KARUNGALIKUPPAM,606904
21060,TIRUVANNAM,Chetpet,PUMS KILPATTU,"PUMS Kilpattu, Polur Taluk, Tiruvannamalai district, Tamilnadu",606907
21061,TIRUVANNAM,Chetpet,PUMS KOLAKARAVADI,"ROAD STREET\ KOLAKKARAVADI DEVIKAPURAM POST
606902
CHETPET TK",606901
21062,TIRUVANNAM,Chetpet,PUMS KOZHAVUR,PADASALAI STREET\KOZHAVOOR,606904
21063,TIRUVANNAM,Chetpet,PUMS MARUTHUVAMBADI,SCHOOL STREET\MARUTHUVAMBADI VILLAGE,606801
21064,TIRUVANNA MALAI,Chetpet,PUMS MARUTHUVAMBADI,SCHOOL STREET MARUTHUVAMBADI VILLAGE,
21065,TIRUVANNAM,Chetpet,PUMS MATTAPIRAIYUR,"ROAD STREETPUMS, MATTAPIRAIYUR",606904
21066,TIRUVANNAM,Chetpet,PUMS MODAIYUR,CHETPET ROADMODAIYUR,606902
21067,TIRUVANNAM,Chetpet,PUMS NARASINGAPURAM,NARASINGAPURAMNARASINGAPURAM,606902
21068,TIRUVANNA MALAI,Chetpet,PUMS NARASINGAPURAM,NARASINGAPURAM NARASINGAPURAM,
21069,TIRUVANNAM,Chetpet,PUMS OGHUR,"oghur village\Murugapadi post, Polur taluk, Tiruvannamalai Distic.",606803
21070,TIRUVANNAM,Chetpet,PUMS SADUPPERI,ROAD STREET\SADUPERI,606907
21071,TIRUVANNAM,Chetpet,PUMS SANIKAVADI,School Street.  Sanikavadi village and Post.  Polur Taluk.  T. V. Malai Dt. 606803.,606803
21072,TIRUVANNAM,Chetpet,PUMS SEMMIYAMANGALAM,ROAD STREET SEMMIYAMANGALAM-606904,606904
21073,TIRUVANNAM,Chetpet,PUMS THENVILAPAKKAM,MUTHALAMMAN KOVIL STREETTHENVILAPAKKAM,606904
21074,TIRUVANNAM,Chetpet,PUMS UTHOOR,BIG SREEET\OTHALAVADI POST,632326
21075,TIRUVANNAM,Chetpet,PUMS VAMBALUR,PERUMAL KOVIL STREETVAMBALUR,606907
21076,TIRUVANNAM,Chetpet,RCM MIDDLE PATHIYAVARAM,ROAD STREET\PATHIYAVARAM,632326
21077,TIRUVANNAM,Chetpet,RCM MIDDLE THACHAMBADI,DON BOSCO STREET\THACHAMBADI,606902
21078,TIRUVANNAM,Chetpet,SRI BHAGAVAN NEMINATHA HR SEC SCHOOL TIRUMALAI,VADAMATHIMANGALAM ROADTIRUMALAI,606907
21079,TIRUVANNAM,Chetpet,SRI BHARATHI MATRICULATION SCHOOL,"ARNI ROAD, THATHANUR, GENGAISODAMANI, CHETPET TALUK, TIRUVANNAMALAI-606801",606801
21080,TIRUVANNAM,Chetpet,SRI SANTHA VIDYALAYA MATRIC HSS- GENGAISOODAMANI,77 ARNI ROADGANGAISUDAMANI,606801
21081,TIRUVANNAM,Chetpet,ST ANNES HSS (GIRLS) CHETPET,"1/1 Pope Andaver Street\Chetpet, T.V Malai D.t",606801
21082,TIRUVANNAM,Chetpet,ST JOSEPHS HSS (BOYS) SUSAINAGAR,"ST.JOSEPHS INSTITUTION, SUSAINAGAR VILLAGE AND POST",632326
21083,TIRUVANNAM,Chetpet,ST. JOSEPH MATRICULATION SUSAINAGAR,"St. Joseph's Matric School\susainagar,  Chetpet Taluk, Thiruvannamalai dt., - 632326.",632326
21084,TIRUVANNAM,Chetpet,ST.AMALARAKKINI HIGHER SECONDARY SCHOOL FOR THE VISUALLY IMPAIRED,"ST AMALARAKKINI HR SEC SCHOOL FOR THE
VISUALLY IMPAIRED, AMALINAGAR, SUSAINAGAR POSTCHETPET TALUK, THIRUVANNAMALAI DISTRICT",632326
21085,TIRUVANNAM,Chetpet,"WIN PARK VIDHYALAYA MATRICULATION SCHOOL, CHETPET",01 CC ROAD ETTIVADI POLUR TALUK TIRUVANNAMALAI DISTRICT 606907,606907
21086,TIRUVANNAM,Cheyyar,ADWHS PULIYARAMBAKKAM,GOVT ADW HIGH SCHOOLPULIYARAMBAKKAM CHEYYAR,604407
21087,TIRUVANNAM,Cheyyar,"AIMS CBSE SENIOR SECONDARY SCHOOL, CHEYYAR","595/D, ARCOT ROADCHEYYAR.604407",604407
21088,TIRUVANNAM,Cheyyar,DHRONA PUBLIC SCHOOL,"Arani Road, Thandarai VillageM.K.Poondi Post, Cheyyar",604407
21089,TIRUVANNAM,Cheyyar,DR VGN MATRIC HIGH SCHOOL CHEYYAR,"paruthipuram \kanchipuram road, cheyyar taluk",604407
21090,TIRUVANNAM,Cheyyar,GHS HOUSING BOARD,"HOUSING BOARD,PAINKINAR,CHEYYAR",604407
21091,TIRUVANNAM,Cheyyar,GHS KAZHAIYUR,"VELALAR STREET, KAZHIYUR, CHEYYAR TALUK",604407
21092,TIRUVANNAM,Cheyyar,GHS KORUKKATHUR,GOVT HIGH SCHOOL ROAD STREET  KORUKKATHUR,632318
21093,TIRUVANNAM,Cheyyar,GHS KUNNATHUR,ROAD STREET  KUNNATHUR,604402
21094,TIRUVANNA MALAI,Cheyyar,GHS KUNNATHUR,ROAD STREET  KUNNATHUR,
21095,TIRUVANNAM,Cheyyar,GHS MELMATTAI VINNAMANGALAM,ponniyammankoil stmelmattai,604503
21096,TIRUVANNAM,Cheyyar,GHS MELSEESHAMANGALAM,Savadi StreetMelseesamangalam,604504
21097,TIRUVANNAM,Cheyyar,GHS PAPPANTHANGAL,ARCOT ROAD PAPPANTHANGAL,604407
21098,TIRUVANNAM,Cheyyar,GHS PARASUR,road streetparasur,604409
21099,TIRUVANNAM,Cheyyar,GHS THIRUMANI,"HEAD MASTER GOVT HIGH SCHOOL,THIRUMANI,CHEYYAR TK",604504
21100,TIRUVANNAM,Cheyyar,GHS THIRUVOTHUR,"NO.1 , ATTRANKARAI STREETTHIRUVOTHUR",604407
21101,TIRUVANNAM,Cheyyar,GHS VADUGAPATTU,VADUGAPATTU/M.K.POONDI POST,604407
21102,TIRUVANNAM,Cheyyar,GHS-ENATHAVADI,GHS ENATHAVADIM K POONDI POST CHEYYAR,604407
21103,TIRUVANNAM,Cheyyar,GHSS KORUKKAI,Road street korukkai,604409
21104,TIRUVANNAM,Cheyyar,GHSS NEDUMBIRAI,NATHAKKOLLAI STREETEDUMBIRAI,604407
21105,TIRUVANNAM,Cheyyar,GHSS- PALLI,"ROAD STREET, PALLI-604407",604407
21106,TIRUVANNAM,Cheyyar,GHSS(BOYS) CHEYYAR,GOVERNMENT BOYS HIGHER SECONDARY SCHOOL\GANDHI ROAD CHEYYAR,604407
21107,TIRUVANNAM,Cheyyar,GHSS-VAZHKUDAI,ROAD STREETVAKKADAI,604409
21108,TIRUVANNAM,Cheyyar,GMHSS(GIRLS)- CHEYYAR,BANGALOW STREETCHEYYAR,604407
21109,TIRUVANNAM,Cheyyar,INDIAN PUBLIC SCHOOL,"New Bypass , Road , kodanagar, cheyyar Tiruvannamalai  District
- 604407",604407
21110,TIRUVANNA MALAI,Cheyyar,INDIAN PUBLIC SCHOOL,"New Bypass , Road , kodanagar, cheyyar Tiruvannamalai  District 604407",
21111,TIRUVANNAM,Cheyyar,INDO AMERICAN  MATRIC HR.SEC.SCHOOL CHEYYAR,KANCHEEPURAM ROADCHEYYAR,604407
21112,TIRUVANNAM,Cheyyar,JAMBU MAHARISHI VANNIYAR MATRICULATION HIGHER SECONDARY  SCHOOL PALANTHANGAL,"JAMBU MAHARISHI VANNIYAR
MATRIC.HR.SEC.SCHOOL ARNI TO VANDAVASI ROAD,AGARAM -X- ROAD PALANTHANGAL",604504
21113,TIRUVANNAM,Cheyyar,KNNC GHSS MUNUGAPATTU,"ROAD ST ,MUNUGAPATTU VILL & POST,CHEYYAR TALUK,TIRUVANNAMALAI DISTRICT.",604504
21114,TIRUVANNAM,Cheyyar,MHS GIRUDHARANPETTAI,OLD HOSPITAL STGIRITHARANPET,604407
21115,TIRUVANNAM,Cheyyar,MMS-BARITHIPURAM (WEST),gandhi  salai near marketcheyyar,604407
21116,TIRUVANNAM,Cheyyar,MMS-KODANAGAR,nalla taneer kula stkodanagar,604407
21117,TIRUVANNAM,Cheyyar,MMS-THIRUVOTHUR (MUSLIM),NEW MOSQUE STREETC HEYYAR,604407
21118,TIRUVANNAM,Cheyyar,OXFORD MATRIC SCHOOL CHEYYAR,"THIRUVTHUR ROADCHEYYAR,T.V MALAI DT.",604407
21119,TIRUVANNAM,Cheyyar,PUMS MELNAGARAMBEDU,melnagarambedu villagekaduganur post,604503
21120,TIRUVANNAM,Cheyyar,PUMS RAMAKRISHNAPURAM,BIG STREET\RAMAKRISHNAPURAM,604402
21121,TIRUVANNAM,Cheyyar,PUMS SENGAMPOONDI,Peranamalloor post\Cheyyar T. K,604503
21122,TIRUVANNAM,Cheyyar,PUMS SIRUVELIYANALLUR,"SIRUVELIYANALLUR VILLAGE,MADIPPAKKAM POST,CHEYYAR",631701
21123,TIRUVANNAM,Cheyyar,PUMS THANDARAI,"panchayat union middle school
M.K  poondi (post), thandarai,",604407
21124,TIRUVANNAM,Cheyyar,PUMS THOZHUPPEDU,panchayat union Middle School ThozhuppeduThozhuppedu Cheyyar Taluck TVM -604409,604409
21125,TIRUVANNAM,Cheyyar,PUMS VADATHANDALAM,"VADATHANDALAM VILLAGE,ARUGAVUR POST CHEYYAR TK.",604407
21126,TIRUVANNAM,Cheyyar,PUMS-KILPUDUPAKKAM,PUMS Kilpudupakkam &postCheyyar T.K,604407
21127,TIRUVANNAM,Cheyyar,PUMS-MUKKUR,"ROAD STREETPUMS MUKKUR, MUKKUR VILLAGE",604409
21128,TIRUVANNAM,Cheyyar,PUMS-PAINKINAR,ARUGAVOOR POST\CHEYYAR TALUK,604407
21129,TIRUVANNAM,Cheyyar,ST JOSEPH MATRIC KODANAGAR CHEYYAR,"NO 50/106, ARCOT ROAD KODANAGAR - CHEYYAR",604407
21130,TIRUVANNAM,Cheyyar,ST PAULS HIGH SCHOOL CHEYYAR,"02, ARCOT ROADcheyyar",604407
21131,TIRUVANNAM,Cheyyar,"VICTORY MATRIC, VINNAVADI","vinnavadi main road , vinnavadi village , cheyyar T.KVINNAVADI SALAI",604407
21132,TIRUVANNAM,Cheyyar,VIRUTCHAM INTER PUBLIC SCHOOL,"Arni Road, Cheyyar",604407
21133,TIRUVANNAM,Cheyyar,VISWA BARATHI MATRICULATION,"Arani road, Perumpallam (v)Arugavur (p), Cheyyar Taluk",604407
21134,TIRUVANNAM,Cheyyar,VIVEGA INTERNATIONAL MATRIC SCHOOL CHEYYAR,"3, samathiyan kula stcheyyar",604407
21135,TIRUVANNAM,Cheyyar,WISDOM VIDHYASHRAM INTERNATIONAL SCHOOL  CHEYYAR,(Opp.Adhiparasakthi Temple)Arcot Road,604407
21136,TIRUVANNA MALAI,Jawadhu Hills,"AUXILIUM MATRICULATION SCHOOL, JAMUNAMARATHUR",V Malai Dt,
21137,TIRUVANNAM,Jawadhu Hills,EKLAVYA MODEL RESIDENTIAL SCHOOL,"ATHIPET VILLAGE AND POST , JAMUNAMARATHUR TK, TIRUVANNAMALAI DT.",635703
21138,TIRUVANNAM,Jawadhu Hills,FOREST HSS JAMUNAMARATHUR,JAMUNAMARATHURBDO OFFICE ROAD,635703
21139,TIRUVANNAM,Jawadhu Hills,FOREST MS JAMMUNAMARATHUR,FMS JAMUNAMARATHURFMS JAMUNAMARATHUR,635703
21140,TIRUVANNAM,Jawadhu Hills,FOREST MS KALYANAMANDAI,KALYANAMANTHAI VILL PALAMARATHUR JAMUNAMARATHUR TK,635703
21141,TIRUVANNAM,Jawadhu Hills,FOREST MS KILVILAMUCHI,FOREST MIDDLE SCHOOLKILVILAMUCHI,635703
21142,TIRUVANNAM,Jawadhu Hills,FOREST MS KOVILUR,KOVILUR VILLAGEJAMUNAMARATHUR VIA,635703
21143,TIRUVANNAM,Jawadhu Hills,FOREST MS MELPET,MELPATTUMELPATTU,635703
21144,TIRUVANNAM,Jawadhu Hills,FOREST MS PULIYUR,"PULIYUR VILLAGEPULIYUR PO via.JAMUNAMARATHUR
.PIN 635703  .JAWADHU HILLS",635703
21145,TIRUVANNAM,Jawadhu Hills,FOREST MS VAZHAKADU,Vazhakkadu village Nachaamalai post,635703
21146,TIRUVANNAM,Jawadhu Hills,FOREST MS VEERAPPANUR,VEERAPPANUR POSTJAMUNAMARATHUR,635703
21147,TIRUVANNAM,Jawadhu Hills,GHS KILAIYUR,BANDREW ROADKILAIYUR,606710
21148,TIRUVANNAM,Jawadhu Hills,GHS VEDAKOLLAIMEDU,"AMIRTHI POST,KANIYAMBODI VIA,POLUR TK,TVM DT.\VEDAKOLLAIMEDU",632102
21149,TIRUVANNAM,Jawadhu Hills,Govt Model Higher Sec school perungattur,kovilur post\jamunamarathur tk,635703
21150,TIRUVANNAM,Jawadhu Hills,GTR HSS NAMMIYAMPATTU,1 NAMMIYAMPATTUJAWADHUHILLS,632102
21151,TIRUVANNAM,Jawadhu Hills,GTRHS ARASUVELI,"ARASUVELI,VEERAPANUR POST,JAMUNAMARATHUR TK-TIRUVANNAMALAI DT",635703
21152,TIRUVANNAM,Jawadhu Hills,GTRHS-KOVILANDOOR,kovilandurkovilandur,632102
21153,TIRUVANNAM,Jawadhu Hills,GTRHSS-ATTIYANUR,"Attiyanur village & post,Jamunamarathur Taluk, Thiruvannamalai district.",635703
21154,TIRUVANNAM,Jawadhu Hills,GTRHSS-PATTARAIKADU,pattaraikadujawadhu hills,635703
21155,TIRUVANNAM,Jawadhu Hills,GTRMS OORGOUNDANOOR,oorgoundanurchengam,606710
21156,TIRUVANNAM,Jawadhu Hills,GTRMS SERAMARATHUR,seramarathur villagepadanoor post,632102
21157,TIRUVANNAM,Jawadhu Hills,KGBVRS AMMATANKOLLAI,PERUNKATTUR VILLAGEKOVILUR POST,635703
21158,TIRUVANNAM,Jawadhu Hills,KGBVRS GUNDALATHUR,GUNDALATHURKOVILUR  POST,635703
21159,TIRUVANNAM,Jawadhu Hills,KGBVRS MUTHANATHUR,Mutnattur(vill) nammiyampattu(p)polur(T.K) T.V malai(D.T),635102
21160,TIRUVANNAM,Jawadhu Hills,KGBVRS PULIYUR,puliyurjamunamarathur tk,635703
21161,TIRUVANNAM,Jawadhu Hills,PUMS ALANJANUR,ALANJANOOR VILLAGEJAMUNAMARATHUR POST & TALUK,635703
21162,TIRUVANNAM,Jawadhu Hills,PUMS BANDIREW,"Bandirew,Oorgoundanur post,Chengam tk.Thiruvannamalai",606710
21163,TIRUVANNAM,Jawadhu Hills,PUMS IRULAMPARAI,"HEADMASTERPUMS  IRULAMPARAI, RAMANATHAPURAM POST",606905
21164,TIRUVANNAM,Jawadhu Hills,PUMS KALLATHUR(P),Pillayar kovil streetPattaraikadu Post,635703
21165,TIRUVANNAM,Jawadhu Hills,PUMS KALLIPARAI,pum school kalliparaimandaparai post,635703
21166,TIRUVANNAM,Jawadhu Hills,PUMS KANAMALAI,kaniyambadi (via)Balaabirayampattu (post),632102
21167,TIRUVANNAM,Jawadhu Hills,PUMS KILKANAVAYUR,Nagalur postKaniyampadi via,632102
21168,TIRUVANNAM,Jawadhu Hills,PUMS KOOTTATHUR,"KOOTTATHUR VILLAGE AND POST-635705, MEL
SILAMBADI PANCHAYAT,JAWADHU HILLS UNION,
JKAILMKNAANMAAVRAAYTUHRURROTAADL,UMKU,THIRAUNVAATNHNUARMVAILLAAI GE,",635703
21169,TIRUVANNAM,Jawadhu Hills,PUMS MUTHANATHUR,"NADANOOR POST, TIRUVANNAMALAI DT,",632102
21170,TIRUVANNAM,Jawadhu Hills,PUMS THANIYAR,Pillayar kovil streetThaniyar,606803
21171,TIRUVANNAM,Jawadhu Hills,PUMS THOPPUR,THOPPUR VILLAGEPALAMARATHUR POST,635703
21172,TIRUVANNAM,Jawadhu Hills,PUMS THUMBAIKADU,THUMBAKADU  village & post JAWADHU HILLS,606803
21173,TIRUVANNAM,Jawadhu Hills,PUMS THURINJIKUPPAM,Kallathur(po)Chengam(tk),606710
21174,TIRUVANNAM,Jawadhu Hills,PUMS VELLIYUR,VALLIYUR\VALLIYUR,632102
21175,TIRUVANNAM,Jawadhu Hills,ST JOSEPH HSS ATHIPET,THOMAS TOWN ATHIPET VILLAGE AND POST,635703
21176,TIRUVANNAM,Jawadhu Hills,TRIBAL HSS GUNIGANTHUR,"JAWADHU TRIBAL HR SEC SCHOOL
SFRD,
TRIBAL BHAVAN, AMIRTHI ROADGUNIGANTHUR VIIL &",635703
21177,TIRUVANNAM,Kalasapakkam,ADWHS-KETTAVARAMPALAYAM,ADW HIGH SCHOOLKETTAVARAMPALAYAM,606901
21178,TIRUVANNAM,Kalasapakkam,ADWMS KADALADI,"OLD COLONY, KADALADI VILLAGE AND POST, KALASAPAKKAM TK",606908
21179,TIRUVANNAM,Kalasapakkam,ADWMS VEERALUR,matha kovil streetveeralur,606901
21180,TIRUVANNAM,Kalasapakkam,AIDED MIDDLE SIRUVALLUR,"Bramin street,siruvallur village and postkalasapakkam TK,Thiruvannamalai DT",606906
21181,TIRUVANNAM,Kalasapakkam,ANMMS THENMAHADEVAMANGALAM,"S MUTHUKUMARASAMY AIDED MIDDLE SCHOOL, THENMAHADEVAMANGALAM",606908
21182,TIRUVANNAM,Kalasapakkam,ARAVINDHAR MATRIC KALASAPAKKAM,ARAVINDHAR NAGARTHENPALLIPATTU,606751
21183,TIRUVANNAM,Kalasapakkam,CHEZHIAN MATRIC HIGHER SECONDARY SCHOOL,"CC ROAD,THENPALLIPATTU VILLAGE, KALASAPAKKAM TALUK THIRUVANNAMALAI DIST",606751
21184,TIRUVANNAM,Kalasapakkam,DON BOSCO MATRICULATION SCHOOL - ADHAMANGALAM,Madha Kovil StreetAdamangalam,606901
21185,TIRUVANNAM,Kalasapakkam,GHS ANIYALAI,ANIYALAIKAMPATTUMIN ST,606904
21186,TIRUVANNAM,Kalasapakkam,GHS KANTHAPALAYAM,"Road street\Kanthapalayam, 606901",606901
21187,TIRUVANNAM,Kalasapakkam,GHS KIDAMPALAYAM,"KIDAMPALAYAMKALASAPAKKAM TK,",606901
21188,TIRUVANNAM,Kalasapakkam,GHS KILKUPPAM,"South Street, Kilkuppam",606705
21189,TIRUVANNAM,Kalasapakkam,GHS PADAGAM,"Mandavelli street , Padagam",606904
21190,TIRUVANNAM,Kalasapakkam,GHS POONDI,ARASAMARA STREET POONDIARASAMARA STREET POONDI,606751
21191,TIRUVANNAM,Kalasapakkam,GHS THENMAHADEVAMANGALAM,"Road Street, Thenmahadevamangalam, Kalasapakkam (TK), Tiruvannamalai",606908
21192,TIRUVANNAM,Kalasapakkam,GHS-NAVAPPALAYAM,"GHS Navappalayam  Gangavaram pOST
KALASAPAKKAM.TALUK 606901  TIRUVANNAMALAI DIST",606901
21193,TIRUVANNAM,Kalasapakkam,GHSS (BOYS) ADAMANGALAM,PADASALAI ST ADAMANGALAM,606901
21194,TIRUVANNAM,Kalasapakkam,GHSS (GIRLS) ADHAMANGALAM,EB STREET\ ADAMANGALAM,606901
21195,TIRUVANNAM,Kalasapakkam,GHSS (GIRLS) KALASAPAKKAM,"Road Street, Opposite Post Office, Kalasapakkam.",606751
21196,TIRUVANNAM,Kalasapakkam,GHSS KADALADI,"KADALADI, OPPOSITE OF GOVT HOSPITAL, KALASAPAKKAM TALUK",606803
21197,TIRUVANNAM,Kalasapakkam,GHSS KILPALUR,"KULATHU METU STREET, KILPALUR VILLAGE, KALASAPAKKAM TALUK",606908
21198,TIRUVANNAM,Kalasapakkam,GHSS LADAVARAM,"KOIL STREET, LADAVARAM, KALASAPAKKAM TK, TIRUVANNAMALAI",606751
21199,TIRUVANNAM,Kalasapakkam,GHSS MELARANI,"HEADMASTER,GOVT HR SEC SCHOOL MELARANI",606906
21200,TIRUVANNAM,Kalasapakkam,GHSS MELSHOLANKUPPAM,PADASALAI STREET\GHSS-MELSOLANKUPPAM,606901
21201,TIRUVANNAM,Kalasapakkam,GMHSS (BOYS) KALASAPAKKAM,"GOVT BOYS HR SEC
SCHOOL,KALASAPAKKAM,KALASAPAKKAM TK 606751 - 33061002101GOVT BOYS HR SEC SCHOOL ,",600000
21202,TIRUVANNAM,Kalasapakkam,GOVT MIDDLE KETTAVARAMPALAYAM,Braminar street\kettavarampalayam,606901
21203,TIRUVANNAM,Kalasapakkam,PUMS ALANGARAMANGALAM,School Street  AlangaramangalamPadagam Post  Kalasapakkam TK,606904
21204,TIRUVANNAM,Kalasapakkam,PUMS ANAIVADI COLONY,KALUR POST\KALASAPAKKAM TALUK,606751
21205,TIRUVANNAM,Kalasapakkam,PUMS GENGAVARAM,"PANCHAYAT UNION MIDDLE SCHOOL,GENGAVARAM",606901
21206,TIRUVANNAM,Kalasapakkam,PUMS KAPPALUR,kAPPALURKAPPALUR  &  Post,606751
21207,TIRUVANNAM,Kalasapakkam,PUMS KOOTRAMPALLI,kootrampalliVeeralur,606901
21208,TIRUVANNAM,Kalasapakkam,PUMS MATTAVETTU,pums mattavettu kalasapakkam block  tiruvannamalai dt,606908
21209,TIRUVANNAM,Kalasapakkam,PUMS MELVANNIYANUR,"ROAD STREET, MELVANNIYANUR VILLAGEPONNDI POST KALASAPAKKAM TALUK",606751
21210,TIRUVANNAM,Kalasapakkam,PUMS PATHIYAVADI,BRAHMANAR STREET,606751
21211,TIRUVANNAM,Kalasapakkam,PUMS PATTIYANDAL,PUMS PATTIYANDAL\VEERALUR POST,606901
21212,TIRUVANNAM,Kalasapakkam,PUMS PAZHANKOIL,KIZ STREETPALANKOYIL,606751
21213,TIRUVANNAM,Kalasapakkam,PUMS SETTAMPATTU,"ROAD STREETSEETAMBATTU VILLAGE, PADAGAM POST",606904
21214,TIRUVANNAM,Kalasapakkam,PUMS SHOLAVARAM,"PADASALAI STREETSHOLAVARAM,ELATHUR POST",606906
21215,TIRUVANNAM,Kalasapakkam,PUMS VEERALUR,PADASALAI STREET VEERALUR,606901
21216,TIRUVANNAM,Kalasapakkam,"SRI SARAVANA VIDHYALAYA MATRIC HR SEC SCHOOL ,ELATHUR",POLUR - CHENGAM MAIN ROAD ELATHUR VILLAGE,606906
21217,TIRUVANNAM,Kalasapakkam,"SWAMI VENKATESWARA MATRICULATION
HIGHER SECONDARY SCHOOL, KANDHAPALAYAM",KANDHAPALAYAM VILL AND POSTKALASAPAKKAM TK THIRUVANNAMALAI DT,606901
21218,TIRUVANNAM,Kilpennathur,ADWMS KARNAMPOONDI,karnampoondisirnathur post,604601
21219,TIRUVANNAM,Kilpennathur,ADWMS PANNIYUR,"ISUKKAZHIKATTERI POST,PANNIYUR VILLAGE,
THANDARAI (VIA),KILPENNATHUR TALUK, TIRUVANNAMALAI DISTRICT. 606804",606804
21220,TIRUVANNAM,Kilpennathur,AMEEN HSS SO.PUDUR,"DINDIVANAM MAIN ROAD, SO-PUDURPUDUR",606611
21221,TIRUVANNAM,Kilpennathur,ANNAAMALAI MATRIC HR SEC SCHOOL SO PUDHUR,"ARANJI ROAD, SO.PUDHUR
SOMASIPADI POST,TIRUVANNAMALAI -606611",606611
21222,TIRUVANNAM,Kilpennathur,DMHS SOMASIPADI,SOMASIPADISOMASIPADI POST,606611
21223,TIRUVANNAM,Kilpennathur,DR. LAMAYAR MATRIC VETTAVALAM,"47, SIVAN KOVIL STREET. VETTAVALAM",606754
21224,TIRUVANNAM,Kilpennathur,GHS AVOOR,Avoor,606755
21225,TIRUVANNAM,Kilpennathur,GHS CHELLANKUPPAM,Padasalai streetchellankuppam,606755
21226,TIRUVANNAM,Kilpennathur,GHS KARIKALAMBADI,KARIKKALAMBADIKOLATHHUR POST,606755
21227,TIRUVANNAM,Kilpennathur,GHS KAZHIKULAM,"GOVERNMENT HIGH SCHOOL,KAZHIKULAM ,
VAZUTHALANGUNAM POST ,TIRUVANNAMALAI - 604601",604601
21228,TIRUVANNAM,Kilpennathur,GHS KEEKALUR,"GOVT HIGH SCHOOL - KEEKALURKILPENNATHUR TALUK, TIRUVANNAMALAI",604601
21229,TIRUVANNAM,Kilpennathur,GHS KOLATHUR,"KATTUMALAIYANOOR ROAD, KOLATHUR 606755
.KILPENNATHUR BLOCK, TIRUVANNAMALAI T.K",606755
21230,TIRUVANNAM,Kilpennathur,GHS KONALUR,villupram main roadNear Mariyaman  koil,606754
21231,TIRUVANNAM,Kilpennathur,GHS NARIYAMANGALAM,KAZHIKULAM ROADNARIYAMANGALAM,604601
21232,TIRUVANNAM,Kilpennathur,GHS SU.POLAKUNAM,"SU.POLAKKUNAM VILLAGE,KONALUR POST,TIRUVANNAMALAI.DT",606755
21233,TIRUVANNAM,Kilpennathur,GHS VAIPUR,THANDARAI ROAD\VAIPUR,606754
21234,TIRUVANNAM,Kilpennathur,GHS VALUTHALANGUNAM,SCHOOL STREET\VAZHUTHALANGUNAM,604601
21235,TIRUVANNAM,Kilpennathur,GHS VELANANDAL,"GOVERNMENT HIGH SCHOOL,VELANANDAL",606755
21236,TIRUVANNAM,Kilpennathur,GHS-KATTUMALAIYANUR,"GHS, KATTUMALAIYANURKATTUMALAIYANUR POST",606804
21237,TIRUVANNAM,Kilpennathur,GHSS (BOYS) KILPENNATHUR,CHENNAI MAIN ROADKILPENNATHUR,604601
21238,TIRUVANNAM,Kilpennathur,GHSS (BOYS) VETTAVALAM,25RAJAJI STREET,606754
21239,TIRUVANNAM,Kilpennathur,GHSS (GIRLS) KILPENNATHUR,PATTI STREET\KILPENNATHUR,604601
21240,TIRUVANNAM,Kilpennathur,GHSS (GIRLS) VETTAVALAM,"NO.1,  RAJAJI STREET, VETTAVALAM.",606754
21241,TIRUVANNAM,Kilpennathur,GHSS IYNGUNAM,GHSS IYNGUNAM \KANALAPADI,606611
21242,TIRUVANNAM,Kilpennathur,GHSS MEKKALUR,AVALURPET MAIN ROAD\MEKKALUR,604601
21243,TIRUVANNAM,Kilpennathur,GHSS RAJANTHANGAL,1MAIN ROAD,606755
21244,TIRUVANNAM,Kilpennathur,GHSS VEDANATHAM,ANNA NAGARVEDANATHAM,606611
21245,TIRUVANNAM,Kilpennathur,GOOD WILL MATRIC HR.SEC SCHOOL ANUKKUMALAI VETTAVALAM,Neivanatham road Anukkumalai,606754
21246,TIRUVANNAM,Kilpennathur,JAYAM VIDYASHRAM SCHOOL( CBSE ) KILPENNATHUR,260/1A1/KALPOONDI SALAI KILPENNATHUR THIRUVANNAMALAI DT.,604601
21247,TIRUVANNAM,Kilpennathur,LAKSHMI AMMAL MATRICULATION SCHOOL,TINDIVANAM MAIN ROADKILPENNATHUR,604601
21248,TIRUVANNAM,Kilpennathur,MOORTHY MATRIC HR.SEC.SCHOOL,"76, Periyar street,VETTAVALAM",606754
21249,TIRUVANNAM,Kilpennathur,NATIONAL MATRIC HIGHER SECONDARY SCHOOL RAJANTHANGAL,RajanthangalSanipoondi post,606755
