S NO,DISTRICT,BLOCK NAME,SCHOOL NAME,SCHOOL ADDRESS,PINCODE
10115,MAYILADUTH,Sembanarkoil,SREE KRISHNA MATRICULATION HS SCHOOL,"ALERVELI, MARAGATHAM COLONY, PORAYAR, THARNGAMBADI, NAGAPATTINAM",609307
10116,MAYILADUTH,Sembanarkoil,"SRI GURUGNANA SAMBANDAR MISSION
MATRICULATION HIGH SCHOOL, THIRUKKADAIYUR",south st\ thirukkadavur,609311
10117,MAYILADUTH,Sembanarkoil,"SRI SRI VIDYA MANDIR MATRICULATION SCHOOL, ANAIKOVIL",Manikkapangu (PO)Tharangamabadi  (TK),609313
10118,MAYILADUTH,Sembanarkoil,ST ANTONYS MS NATHAM,"NATHAM,SS NALLUR(POST)
SIRKALI (TK)",608118
10119,MAYILADUTH,Sembanarkoil,"ST THERESA'S AIDED GIRLS HIGHER SECONDARY SCHOOL, THARANGAMBADI",KING STREET\THARANGAMBADI,609313
10120,MAYILADUTH,Sembanarkoil,SVS AMS ERUKKATANCHERY,Salaikarai StreetErukkattanchery,609307
10121,MAYILADUTH,Sembanarkoil,"TELC  THALTHAKUMI GIRLS HIGH SCHOOL, PORAYAR",3 yathava streetporayar,609307
10122,MAYILADUTH,Sembanarkoil,"TELC BJM BOYS AIDED HIGHER SECONDARY SCHOOL,THARANGAMPADI","No. 5, Admiral StreetTharangambadi",609313
10123,MAYILADUTH,Sembanarkoil,TELC MS KARAIMEDU,"Main Road, Karaimedu Melaperumpallam Po, Tharangambadi T.k",609107
10124,MAYILADUTH,Sembanarkoil,"THAMARAI MATRIC HR.SEC. SCHOOL, SEMBANARKOVIL","Thamarai matriculation school
mudikandanallur village, sembanarkoil main road",609309
10125,MAYILADUTH,Sembanarkoil,"THAVASU MUTHU NADAR AIDED HR SEC SCHOOL, PORAYAR","VEERAPPAPILLAI STREET, PORAYAR",609307
10126,MAYILADUTH,Sembanarkoil,"THIRUVENKADAM AIDED HIGH SCHOOL KEEZHAIYUR, SEMBANARKOVIL",MAHARAJAPURAM\KEELAIYUR,609304
10127,MAYILADUTH,Sembanarkoil,"VALLIAMMAI GHSS, THILLAIYADI",THILLAIYADITHILLAIYADI,609310
10128,MAYILADUTH,Sirkali,ADW GHSS KARAIMEDU,"SCHOOL STREET,KARAIMEDU, SATTANATHAPURAM PO, SIRKAZHI TK - 609109",609109
10129,MAYILADUTH,Sirkali,ADW GHSS KONDAL,HOSTAL STREET / KONDAL  VALLUVAKUDI PO,609116
10130,MAYILADUTH,Sirkali,"ANNAI SARATHA VIDHYA MATRIC  SCHOOL, KARAIMEDU",NH 45 A KARAIMEDU  SIRKALI,609109
10131,MAYILADUTH,Sirkali,BEST MATRICULATION HR SEC SCHOOL SIRKALI,"MAIN ROAD,THENPATHY, SIRKALI",609111
10132,MAYILADUTH,Sirkali,DAGGSM  VTP MS .THENPATHI,"20, Main RoadThenpathi, Sirkali",609111
10133,MAYILADUTH,Sirkali,EZHILMALAR MHS SIRKALI,"gnana sambandar colonypidari south street,sirkali",609110
10134,MAYILADUTH,Sirkali,G(G)HSS VAITHEESWARANKOIL,"THAMARIKULA STREET,VAITHEESWARAN KOIL",609117
10135,MAYILADUTH,Sirkali,GHS AGANI,"School Street, AganiAgani, Kovilpathu(post)",609111
10136,MAYILADUTH,Sirkali,GHS AGARAPERUNTHOTTAM,GOVT.HIGH SCHOOLAGARAPERUNTHOTTAM,609106
10137,MAYILADUTH,Sirkali,GHS KAVERIPOOMPATTINAM,"VANAGIRI MAIN ROAD,KAVERIPOOMPATTINAM",609105
10138,MAYILADUTH,Sirkali,GHS MELACHALAI,SCHOOL STREET\MELACHALAI,609109
10139,MAYILADUTH,Sirkali,GHS THIRUNAGARI,"GOVT. HIGH SCHOOL,THIRUNAGARI.",609106
10140,MAYILADUTH,Sirkali,GHS THIRUVALI,"NIMMELI ROAD, THIRUVALI",609109
10141,MAYILADUTH,Sirkali,GHS VANAGIRIKUPPAM,FISHERMAN COLONYVANAGIRIKUPPAM,609105
10142,MAYILADUTH,Sirkali,GHSS KONAYAMPATTINAM,govt hr sec school konayamopattinamGovt hr sec school konayampattinam,609106
10143,MAYILADUTH,Sirkali,GHSS NANGUR,"MAIN ROAD,NANGUR, NANGUR POST",609106
10144,MAYILADUTH,Sirkali,GHSS VAITHEESWARANKOIL,EAST CAR STREETVAITHEESWARANKOIL,609117
10145,MAYILADUTH,Sirkali,GOOD SAMARITAN PUBLIC SCHOOL,"GOOD SAMARITAN PUBLIC SCHOOL, THENPATHY, SIRKALI, NAGAPATTINAM DT.",609111
10146,MAYILADUTH,Sirkali,HOLY CROSS MATRIC SCHOOL THIRUVENGADU,EAST STREET \ THIRUVENGADU,609114
10147,MAYILADUTH,Sirkali,KAM AIDED HIGH SCHOOL KOVILPATHU,THURAIYUR ROADKOILPATHU,609111
10148,MAYILADUTH,Sirkali,LIONS CLUB MATRICULATION SCHOOL VILANTHIDASAMUTHIRAM,VILANTHIDASAMUTHIRAM SIRKAZHI,609111
10149,MAYILADUTH,Sirkali,LMC AIDED HR SEC SCHOOL SIRKALI,PITARI NORTH STSIRKALI,609110
10150,MAYILADUTH,Sirkali,MMS OOZHIYAKARANTHOPPU,OOZHIYAKARANTHOPPUSIRKALI,609110
10151,MAYILADUTH,Sirkali,MPL HSS SIRKALI,NORTH MADA VILAGAMSIRKALI,609110
10152,MAYILADUTH,Sirkali,MUNICIPAL MIDDLE SCHOOL PANAKATTANKUDISALAI,"Panangattangudi salai, SirkaliPanangattangudisalai, Sirkali",609110
10153,MAYILADUTH,Sirkali,PANCHAYAT UNION MIDDLE SCHOOL SATTANATHAPURAM,SOUTH STREETSATTANATHAPURAM,609109
10154,MAYILADUTH,Sirkali,PANCHAYAT UNION MIDDLE SCHOOL SENTHANGUDI,SENTHANGUDI\VILANTHIDA SAMUDRAM - POST,609111
10155,MAYILADUTH,Sirkali,PANCHAYAT UNION MIDDLE SCHOOL   THITTAI,thittai\thittai post,609111
10156,MAYILADUTH,Sirkali,PUMS ALLIVILAGAM,Panchayat union middle schoolAllivilagam,609109
10157,MAYILADUTH,Sirkali,PUMS ANNAPPANPETTAI,Main RoadAnnappanpettai,609106
10158,MAYILADUTH,Sirkali,PUMS KATHIRUPPU,MAINROAD\KATHIRUPPU,609109
10159,MAYILADUTH,Sirkali,PUMS KAVERIPOOMPATTINAM (FISHER),Kaveripoompattinam Fisher & PostSirkali,609105
10160,MAYILADUTH,Sirkali,PUMS MANGAIMADAM,"Embavai, Mangaimadam(po), Sirkali-609106",609106
10161,MAYILADUTH,Sirkali,PUMS MANIGRAMAM,Main Road Manigramam,609114
10162,MAYILADUTH,Sirkali,PUMS NIMELI NEPPATHUR,NIMMELI NEPPATHURNEPPATHUR POST,609109
10163,MAYILADUTH,Sirkali,PUMS PUNGANUR,APSAR STREET\PUNGANUR,609117
10164,MAYILADUT HURAI,Sirkali,PUMS PUNGANUR,APSAR STREET PUNGANUR,
10165,MAYILADUTH,Sirkali,PUMS VALLUVAKUDI,Main RoadValluvakudi,609116
10166,MAYILADUTH,Sirkali,S M HINDU AIDED HR SEC SCHOOL SIRKALI,OOZHIYAKARAN THOPPU SIRKALI,609110
10167,MAYILADUTH,Sirkali,"S M HINDU MATRICULATION HIGH SCHOOL, SIRKALI","S.M.HINDU MATRICULATION SCHOOL, BAZAAR STREET,SIRKALI",609110
10168,MAYILADUTH,Sirkali,SHRI NATARAJAN MEMORIAL PUBLIC SCHOOL KARAIMEDU,KARAIKAL MAIN ROADKARAIMEDU,609109
10169,MAYILADUTH,Sirkali,SHYAMALA GIRLS AIDED HR SEC SCHOOL SIRKALI,"64-67 PIDARI SOUTH STREETG.H.ROAD, SIRKALI",609110
10170,MAYILADUTH,Sirkali,SMH MS SOUTH ST SIRKAZHI,"SOUTH CAR STREET, SIRKALI",609110
10171,MAYILADUTH,Sirkali,"SRI GURUGNANASAMBANDAR MISSION - SRI
MUTHAIAH MATRIC. HR. SEC. SCHOOL, VAITHEESWARANKOIL",MAYILADUTHURAI MAIN ROAD/VAITHEESWARANKOIL PO/SIRKALI TK.,609117
10172,MAYILADUTH,Sirkali,SRI MUTHURAJAM MATRICULATION SCHOOL KARKOVIL,"PATTAVARTHI ROAD, KARKOIL",609112
10173,MAYILADUTH,Sirkali,SRINIVASA AIDED HSS MELAIYUR,MAIN ROADMELAIYUR,609107
10174,MAYILADUTH,Sirkali,"SSD BOYS AIDED HIGER SECONDARY SCHOOL, THIRUVENGADU","EAST CAR STREET,THIRUVENGADU,SIRKALI TALUK PIN 609114",609114
10175,MAYILADUTH,Sirkali,"SSD GIRLS HIGH SCHOOL, THIRUVENGADU",WEST MADAVILAGAMTHIRUVENGADU,609114
10176,MAYILADUTH,Sirkali,"ST JOSEPH MATRICULATION  HR SEC SCHOOL,
P.K. ROAD, SIRKALI","PANANKATTANGUDI ROAD,SIRKALIPANANKATTANGUDI ROAD,SIRKALI",609110
10177,MAYILADUTH,Sirkali,SUBHAM VIDYA MANDIR SIRKALI,"SURVEY NO 611/1,SRI KALI NAGARSATTANATHAPURAM, SIRKAZHI",609110
10178,MAYILADUTH,Sirkali,TRMCT .MS. KANNIYAGUDI,"MAIN ROAD,KANNIAYAKUDIMAIN ROAD,KANNIAYAKUDI",609112
10179,MAYILADUTH,Sirkali,VIVEKANANDA MATRIC. HSS SIRKALI,"THENPATHY, SIRKAZHI",609111
10180,NAGAPATTIN,Keezhaiyur,AMGHSS THIRUKUVALAI,"A.M.G HSS , THIRUKKUVALAINAGAI(DT)",610204
10181,NAGAPATTIN,Keezhaiyur,AMS-CHOLAVIDYAPURAM,Madha koil streetCholavidyapuram,611103
10182,NAGAPATTIN,Keezhaiyur,AMS-KEELAVALAKKARAI,MAIN ROAD\KEELAVALAKKARAI,610204
10183,NAGAPATTIN,Keezhaiyur,AMS-P.R.PURAM,"church street, prathabaramapuramSOUTH STREET",611111
10184,NAGAPATTIN,Keezhaiyur,AMS-PUDUPALLI,puthupalli eastpudupalli,611112
10185,NAGAPATTIN,Keezhaiyur,AMS-THANNILAPPADI,"SOUTH STREET, THANNILAPADDITHANNILAPADDI MAIN ROAD",611109
10186,NAGAPATTIN,Keezhaiyur,"ANNAI VAILANKANNI MATRICULATION HIGH SCHOOL,VETTAIKARANIRUPPU",SURIYA VINAYARKAR STREETVETTAIKARANIRUPPU,611112
10187,NAGAPATTIN,Keezhaiyur,CHRIST THE KING HS-VAILANKANNI,"11,Sivan Kovil StreetKarunai illam ,",611111
10188,NAGAPATTIN,Keezhaiyur,CHRIST THE KING SPECIAL HIGHER SECONDARY SCHOOL VAILANKANNI,SIVAN KOVIL STREETVAILANKANNI,611111
10189,NAGAPATTIN,Keezhaiyur,GHS ETTUKKUDI,Pallikuda theru\ Ettukkudi,610204
10190,NAGAPATTIN,Keezhaiyur,GHS GRAMATHUMEDU,Anna Street\GRAMATHUMEDU,611102
10191,NAGAPATTIN,Keezhaiyur,GHS KARAPPIDAGAI,MAIN ROADKILVELUR TALUK,611110
10192,NAGAPATTIN,Keezhaiyur,GHS SERUTHUR,SERUTHUR\KILVELUR TALUK,611111
10193,NAGAPATTIN,Keezhaiyur,GHS THIRUPOONDI NORTH,MALAKKA PALLI THERU THIRUPOONDI,611110
10194,NAGAPATTIN,Keezhaiyur,GHS VILUNTHAMAVADI (E),"PILLAIYAR KOIL STREET,MANALMEDU VILUNTHAMAVADI",611112
10195,NAGAPATTIN,Keezhaiyur,GHSS KEEZHAIYUR,"SCHOOL STREET, KEELAIYUR",611103
10196,NAGAPATTIN,Keezhaiyur,GHSS PALAKKURICHI,"Mariamman kovil st,palakurichi,thevur (via)Nagapattinam",611109
10197,NAGAPATTIN,Keezhaiyur,GHSS THIRUPOONDI,"goverment higher sceondary school, thirupoondi",611110
10198,NAGAPATTIN,Keezhaiyur,GHSS VETTAIKKARANIRUPPU,VETTAIKARANIRUPPUNAGAPATTINAM DIST,611112
10199,NAGAPATTIN,Keezhaiyur,GHSS-P.R.PURAM,NADU STREETPRATHAMARAMAPURAM,611111
10200,NAGAPATTIN,Keezhaiyur,GHSS-VILUNTHAMAVADI,MARIYAMMAN KOVIL STREET VILUNDAMAVADI,611112
10201,NAGAPATTIN,Keezhaiyur,GOVERNMENT HIGH SCHOOL PERIYATHUMBUR,"main road, periyathumbur chinnathumbur po",611102
10202,NAGAPATTIN,Keezhaiyur,"OUR LADY OF HEALTH AIDED HIGHER SECONDARY SCHOOL, VELANKANNI",MAIN ROAD VAILANKANNI,611111
10203,NAGAPATTIN,Keezhaiyur,PUMS KARAIMETTUTHIDAL,"Bakthavathcahalam road, karaimettuthidalKaraimettuthidal, mainroad.",611110
10204,NAGAPATTIN,Keezhaiyur,PUMS THATHANTHIRUVASAL,MAIN ROADTHATHANTHIRUVASAL,611112
10205,NAGAPATTIN,Keezhaiyur,PUMS THIRUKKUVALAI,"THIRUKKUVALAI PO, THIRUKKUVALAI TK, NAGAPATTINAM DT.",610204
10206,NAGAPATTIN,Keezhaiyur,PUMS THIRUVASAL,MAIN ROADTHIRUVASAL,610204
10207,NAGAPATTIN,Keezhaiyur,PUMS VAILANKANNI,CHETTI SOUTH STREETVELANGANNI,611111
10208,NAGAPATTIN,Keezhaiyur,PUMS VENMANACHERY,THENPATHI MAIN ROADVENMANACHERRY,611103
10209,NAGAPATTIN,Keezhaiyur,PUMS VILUNTHAMAVADI WEST,vilunthamavadi westkilvelur taluk,611112
10210,NAGAPATTIN,Keezhaiyur,PUMS VIZHUNTHAMAVADI (T)EAST,thenpathy east\vilunthamavadi,611112
10211,NAGAPATTIN,Keezhaiyur,PUNITHA FATHIMA MATRICULATION SCHOOL THIRUPOONDI,"ECR MAIN ROAD,THIRUPOONDI",611110
10212,NAGAPATTIN,Keezhaiyur,ST SEBASTIANS HR SEC SCHOOL KAMESWARAM EAST,KALLAR NAGARKAMESWARAM,611110
10213,NAGAPATTIN,Keezhaiyur,ST. ANTONY'S AIDED HIGH SCHOOL KARUNKANNI,MATHAKOIL STREETKARUNKANNI,611103
10214,NAGAPATTIN,Kelvelur,GHS ATHAMANGALAM,"GOVERNMENT HIGH SCHOOL ,ADHAMANGALAM,MAIN
ROAD, KOVIL KANNAPOOR (PO) , THIRUKUVALAI(TK), NAGAPATTINAM(DT)-610207",610207
10215,NAGAPATTIN,Kelvelur,GHS KILLUKUDI,"SOUTH STREET, KILLUKUDI PO, KILVELUR(DT), NAGAPATTINAM(DT)",611109
10216,NAGAPATTIN,Kelvelur,GHS KILVELUR,"Perumal kovil street,
kilvelur, Nagapattinam(dt)_611104",611104
10217,NAGAPATTIN,Kelvelur,GHS SATTIYAKUDI,"SATTIYAKUDI, KILLUKUDI - POST, KILVELUR TALUK , NAGAPATTINAM DISTRICT",611109
10218,NAGAPATTIN,Kelvelur,GHS VENKIDANGAL,"GOVERNMENT HIGH SCHOOL , SCHOOL STREET
,VENKIDANGAL,  OKKUR POST,  KILVELUR(TK), NAGAPATTINAM (DIST)-611002",611002
10219,NAGAPATTIN,Kelvelur,GHSS ANTHAKUDI,"VELLAN STREET, ANTHAKUDI , KILVELUR, NAGAPATTINAM",610106
10220,NAGAPATTIN,Kelvelur,GHSS KILVELUR,"Government Higher Secondary School, Kilvelur. Kilvelur (PO), Kilvelur TK , Nagapattinam. DT. 61104",611104
10221,NAGAPATTIN,Kelvelur,GHSS KURUKKATHI,"GOVERNMENT HIGHER SECONDARY SCHOOL,
KURUKKATHI, NAGAI MAIN ROAD,  KURUKKATHI, KOOTHUR( POST), KILVELUR(TALUK),  NAGAPATTINAM",611105
10222,NAGAPATTIN,Kelvelur,GHSS THEVUR,"KACHANAM ROAD, THEVUR(pt),
KILVELUR(tk),Nagapattinam(dt)",611109
10223,NAGAPATTIN,Kelvelur,INFANT JESUS MATRICULATION HIGH SCHOOL THEVUR,"WEST
STREET,THEVUR(POST),KILVELUR(TK),NAGAPPATTINA M(DT)",611109
10224,NAGAPATTIN,Kelvelur,PUMS ATHIPULIYUR,"PANCHAYAT UNION MIDDLE SCHOOL, ATHIPULIYUR, KILVELUR (TALUK), NAGAPATTINAM (DT)- 611105",611105
10225,NAGAPATTIN,Kelvelur,PUMS IRUKKAI,"PANCHAYATH UNION MIDDLE SCHOOL IRUKKAI,
VADUGACHEERY(PO),
PKAILNVCEHLAUYRATTAULNUIKO,N MIDDLE SCHOOL,",611109
10226,NAGAPATTIN,Kelvelur,PUMS KADAMBANGUDI,"KADAMBANKUDI, OKKUR(PO), KILVELUR(TK), NAGAPATTINAM(DT)-611002",611002
10227,NAGAPATTIN,Kelvelur,PUMS KERALANTHAN,"KERALANTHAN, SIGAR( POST ) , KILVELUR(TK)",610106
10228,NAGAPATTIN,Kelvelur,PUMS KOHUR,"PANCHAYAT UNION MIDDLE SCHOOL, KOHUR, KILVELUR (TALUK), NAGAPTTINAM(DT)-611104",611104
10229,NAGAPATTIN,Kelvelur,PUMS KURUMANANGUDI,"PANCHAYAT UNION MIDDLE SCHOOL,
,KURUMANANGUDI, KUTHUR (POST), KILVELUR
(PTAANLCUHKA),YNAATGUANPIAOTNTMINIADMDL(EDTS)C-6H1O1O10L5,PALLIVASAL",611105
10230,NAGAPATTIN,Kelvelur,PUMS KUTHUR,"STREET,KUTHUR,  KUTHUR(POST), KILVELUR(TALUK), NAGAPATTINAM(DT)-611105",611105
10231,NAGAPATTIN,Kelvelur,PUMS MOHANUR,"MOHANUR, MOHANUR(PO),KILVELUR(TK), NAGAPATTINAM(DT)",611109
10232,NAGAPATTIN,Kelvelur,PUMS NAGALUR,"NAGALUR , KORATHANGUDI (POST)KILVELUR (TALUK), NAGAPATTINAM (D.T)",610207
10233,NAGAPATTIN,Kelvelur,PUMS RADHAMANGALAM,"Panchayath Union Middle School Rathamangalam, Thevur(po),
Kilvelur tk, Nagapattinam DT 611109",611109
10234,NAGAPATTIN,Kelvelur,PUMS THEVUR,"NORTH STREET, THEVUR(PO),KILVELUR(TK).",611109
10235,NAGAPATTIN,Kelvelur,PUMS THIRUKKANNANGUDI,"PANCHAYAT UNION MIDDLE
SCHOOL,THIRUKKANNANGUDI, KILVELUR(Tk), PNAANGCAHPAYTTAITNHAUMN(DIOt)N-61M1I1D0D4 LE",611104
10236,NAGAPATTIN,Kelvelur,PUMS VADAKKALATHUR,"SCHOOL,VADAKKALATHUR,PATTAMANGALAM POANSTC,HKAILYVAETLURNITOANLMUKID, DNLAEGASCPHAOTTOILNAM DT.",611104
10237,NAGAPATTIN,Kelvelur,PUMS VADAKKUPANAIYUR,"VADAKKUPANAIYUR, THERKKUPANAIYUR POST, PTAHNIRCUHKAKYUAVTAULNAIIO-TNKM,INDADGLAE PSACTHTOIONLAM -DT",610207
10238,NAGAPATTIN,Kelvelur,PUMS VALLAVINAYAGAN KOTTAGAM,"VALLAVINAYAGANKOTTAGAM,THERKUPANIYUR PO, THIRUKKUVALAI TALUK, NAGAPATTINAM - DT.",610207
10239,NAGAPATTIN,Kelvelur,PUMS VANDALUR,"Vandalur, Sembiyanmadevi (po)Kilvelur(TK), Nagpattinam(DT)",611109
10240,NAGAPATTIN,Kelvelur,SRI KALAIMAHAL AIDED HIGH SCHOOL MANALUR,"Manalur, Kakkalani (post).Kilvelur(tk),nagapattinam(dt)",611101
10241,NAGAPATTIN,Kelvelur,"THIRU ANJUVATTATHAMMAN GIRLS AIDED HIGH SCHOOL, KILVELUR","THIRU ANJUVATTATHAMMAN GIRLS AIDED HIGH
SCHOOL, KILVELUR , KILVELUR(TALUK),
VNALGIAVPAALTATMINDAEMSI(KDATR)- H61R1.1S0E4C.SCHOOL, SOUTH STREET,",611104
10242,NAGAPATTIN,Kelvelur,VALIVALAM DESIKAR  AIDED HIGHER SECONDARY SCHOOL VALIVALM,"VALIVALAM & POST,THIRUKKUVALI TK, NAGAPATTINAM DIST.",610207
10243,NAGAPATTIN,Nagapattinam,"NAGORE MODERN MATRICULATION HIGHER SECONDARY SCHOOL, NAGORE",NAGORE NAGAI MAIN ROAD NAGORE.,611002
10244,NAGAPATTIN,Nagapattinam,ADW HS AZHINJAMANGALAM,AZHINJAMANGALAM\PALAIYUR POST,611106
10245,NAGAPATTIN,Nagapattinam,"Aided Nadarajan Damayanthi High School, Nagapattinam.","RAILWAY STATION ROAD VELIPPALAYAM,NAGAPATTINAM",611001
10246,NAGAPATTIN,Nagapattinam,AJC PUBLIC SCHOOL CBSE NAGAPATTINAM,"NO:1, RAJA NAGAR, SAVERIOR KOVIL STREET, KADAMBADI, NAGAPATTINAM-611001.",611001
10247,NAGAPATTIN,Nagapattinam,AMRITA VIDYALAYAM SENIOR SECONDARY SCHOOL NAGAPATTINAM,VADAGUDI ROAD COLLECTORATE  POST,611003
10248,NAGAPATTIN,Nagapattinam,AMS ST Antonys Therkku Poigainallur,ST. ANTONYS KOVIL STREET\THERKKU POIGAINALLUR,611111
10249,NAGAPATTIN,Nagapattinam,"AMS.ST.ANTONYS LOURDU, NAGAPATTINAM",II Beach RoadNagapattinam,611001
10250,NAGAPATTIN,Nagapattinam,CHIDAMBARANAR AMS ORATHUR,"MAIN ROAD, ORATHUR.",611108
10251,NAGAPATTIN,Nagapattinam,CHINMAYA VIDYALAYA HSS CBSE,"646 CHOKKANATHAR KOIL STREETKADAMBADI, NAGAPATTINAM",611001
10252,NAGAPATTIN,Nagapattinam,CSI AIDED HIGH SCHOOL NAGAPATTINAM,ALAGER WEST STREET,611001
10253,NAGAPATTIN,Nagapattinam,CSI AIDED HIGHER SECONDARY SCHOOL NAGAPATTINAM,NETHAJI ROADNAGAPATTINANM,611001
10254,NAGAPATTIN,Nagapattinam,E.G.S.P.J INTERNATIONAL SCHOOL,"SALAMAN THOTTAM,KADAMBADI,NAGAPATTINAM",611001
10255,NAGAPATTIN,Nagapattinam,EGS PILLAY MATRICULATION HIGH SCHOOL KADAMBADI NAGAPATTINAM,Solomon ThottamKadambadi,611001
10256,NAGAPATTIN,Nagapattinam,GHOUTHIA AIDED HIGHER SECONDARY SCHOOL NAGORE,YAHUSSAIN THAIKKAL STREETNAGORE,611002
10257,NAGAPATTIN,Nagapattinam,GHS ELANKADAMBANUR,"Mariyamman koil Street, Elankadambanur,Perunkadambanur(po),",611108
10258,NAGAPATTIN,Nagapattinam,GHS KALASAMBADI,"KALASAMBADI,ORATHUR (PO)",611108
10259,NAGAPATTIN,Nagapattinam,GHS KURICHI,kurichiagapattinam-61102,611102
10260,NAGAPATTIN AM,Nagapattinam,GHS KURICHI,kurichi agapattinam-61102,
10261,NAGAPATTIN,Nagapattinam,GHS NAGORE,"perumal keezha veethi, NAGORE",611002
10262,NAGAPATTIN,Nagapattinam,GHS PAPPAKOVIL,PapakovilAnthanapettai,611102
10263,NAGAPATTIN,Nagapattinam,GHS PUTHUCHERY,GHS PUDUCHERYSIKKAL VIA,611108
10264,NAGAPATTIN,Nagapattinam,GHS VADAKKUPOIGAINALLUR,VADAKKUPOIGAINALLURNAGAPATTINAM DIST,611106
10265,NAGAPATTIN,Nagapattinam,"GHS, SEMBIYANMADEVI","GHS,SembiyanmahadeviTherkku Thoppu",611109
10266,NAGAPATTIN,Nagapattinam,"GHS,VADAVOOR",GHS-VADAVURVADAVUR,611108
10267,NAGAPATTIN,Nagapattinam,GHSS AKKARAIPETTAI,MAIN ROADAKKARAIPETTAI,611106
10268,NAGAPATTIN,Nagapattinam,GHSS MUTTAM,"PERUMAL KOVIL ST, MUTTAM",611002
10269,NAGAPATTIN,Nagapattinam,GHSS SIKKAL,"Railway station road , sikkalRailway station road , sikkal",611108
10270,NAGAPATTIN,Nagapattinam,"GHSS, AZHIYUR",MAIN ROAD ALIYUR,611104
10271,NAGAPATTIN,Nagapattinam,GOVERNMENT HIGH SCHOOL SAMANTHANKUPPAM,Samanthankuppam,611003
10272,NAGAPATTIN,Nagapattinam,"Government Model School, Nagapattinam",,
10273,NAGAPATTIN,Nagapattinam,GSPJ ADHARSH MATRICULATION HIGHER SECONDARY SCHOOL NAGAPATTINAM,Public Office RoadNear SP Office,611001
10274,NAGAPATTIN,Nagapattinam,J.JEYA MATRICULATION HIGHER SECONDARY SCHOOL COOKS ROAD VELIPALAYAM,Cooks Road Velippalayam Nagapattinam,611001
10275,NAGAPATTIN,Nagapattinam,KUMARAN AIDED HIGH SCHOOL MANJAKOLLAI,4-130 KUMARAN NORTH STREETMANJAKOLLAI,611106
10276,NAGAPATTIN,Nagapattinam,KUMARAN AMS MANJAKOLLAI,NORTH STMANJAKOLLAI,611106
10277,NAGAPATTIN,Nagapattinam,MGHSS NAGAPATTINAM,NEELA SOUTH STREETNAGAPATTINAM,611001
10278,NAGAPATTIN,Nagapattinam,MMS KADAMBADI,PUBLIC OFFICE ROAD KADAMBADI,611001
10279,NAGAPATTIN,Nagapattinam,MMS KALLUKARA STREET.,KALLUKKARA STREET NAGAPATTINAM,611001
10280,NAGAPATTIN,Nagapattinam,MMS MIYAH STREET NAGORE,"MMS,MIYATH STREET,NAGORE.",611002
10281,NAGAPATTIN,Nagapattinam,MMS NAMBIYAR NAGAR,"municipal middle school,nambiyar nagarmunicipal middle school,nambiyar nagar",611001
10282,NAGAPATTIN,Nagapattinam,MMS NELLUKKADAI STREET,MUNICIPAL MIDDLE SCHOOLNELLUKKADAI STREET- VELIPPALAYAM-NAGAPATTINAM,611001
10283,NAGAPATTIN,Nagapattinam,MMS PATTINACHERY,SAMBA THOTTAM NAGORESAMBA THOTTAM NAGORE,611002
10284,NAGAPATTIN AM,Nagapattinam,NAGAPATTINAM DISTRICT GOVERNMENT MODEL SCHOOL,,
10285,NAGAPATTIN,Nagapattinam,Nagore Crescent Matriculation Higher Secondary School for Girls,MUDUKKUTHAZHAI LANE SAMBATHOTTAM NAGORE,611002
10286,NAGAPATTIN,Nagapattinam,NATARAJAN DHAMAYANTHI AIDED HIGHER SECONDARY SCHOOL VELIPPALAYAM,"PUBLIC OFFFICE ROAD,VELIPPALAYAM, NAGAPATTINAM",611001
10287,NAGAPATTIN,Nagapattinam,NATIONAL AIDED HIGHER SECONDARY SCHOOL NAGAPATTINAM,"5, NEELA SOUTH STREET, MAGAPATTINAM.",611001
10288,NAGAPATTIN,Nagapattinam,NATIONAL AIDED HIGHER SECONDARY SCHOOL NAGORE,PIDARIKOIL STAGORE,611002
10289,NAGAPATTIN,Nagapattinam,NEHRU MATRICULATION HIGHER SECONDARY SCHOOL NAGAPATTINAM,"5 naduvar sannathi,, nagapattinam",611001
10290,NAGAPATTIN,Nagapattinam,PUMS ANTHANAPETTAI,SIVAN EAST STREET\ANTHANAPETTAI,611102
10291,NAGAPATTIN,Nagapattinam,PUMS KEECHANKUPPAM,KeechankuppamNagapattinam,611106
10292,NAGAPATTIN,Nagapattinam,PUMS KURICHI,"Mainroad, kurichi",611102
10293,NAGAPATTIN,Nagapattinam,PUMS SANGAMANGALAM,PANCHAYAT UNION MIDDLE School Sangamangalam,611108
10294,NAGAPATTIN,Nagapattinam,PUMS THERKKU POIGAINALLUR,Mariyammankoil streetTherkkupoigainallur,611111
10295,NAGAPATTIN,Nagapattinam,PUMS VADUGACHERY,"MAIN ROAD, KOTTURVADUGACHERY POST, NAGAPATTINAM",611109
10296,NAGAPATTIN,Nagapattinam,PUMS VERGUDI,VERGUDIAGARA ORATHUR,611108
10297,NAGAPATTIN,Nagapattinam,"PUMS,PORAVACHERRY",poravacherypums poravachery,611108
10298,NAGAPATTIN,Nagapattinam,SIR ISSAC NEWTON CBSE  SCHOOL,"Pappakovil, Andhanampattai Po, Nagapattinam- 611102",611102
10299,NAGAPATTIN,Nagapattinam,"SIR ISSAC NEWTON MATRIC HR,SEC SCHOOL","Papa kovil, Anthanapettai (P.O)Nagapattinam(Dt)",611102
10300,NAGAPATTIN,Nagapattinam,SRIMATHY PADMAVATHI MATRIC HSS VELIPPALAYAM,31 RAMANAICKEN TANK  STREETVELIPALAIYAM,611001
10301,NAGAPATTIN,Nagapattinam,ST. ANTONYS AIDED HIGHER SECONDARY SCHOOL NAGAPATTINAM,"Maruthuvar streetVelippalayam,Nagapattinam",611001
10302,NAGAPATTIN,Nagapattinam,ST. MICHAEL'S AKADEMY KARUVELANKADAI,"No-41, South Street\Karuvelangadai",611102
10303,NAGAPATTIN,Thalainayar,AIDED MIDDLE SCHOOL AVARIKADU,AvarikkaduAvarikkadu,614806
10304,NAGAPATTIN,Thalainayar,GHS AYMOOR,THIRUKKUVALAI TKnagapattinam dist,614711
10305,NAGAPATTIN,Thalainayar,GHS KALLIMEDU,KALLIMEDU\VEDARANYAM TK,614809
10306,NAGAPATTIN,Thalainayar,GHS KOLAPPADU,"NORTH STREET, KOLAPPADU, THIRUKKUVALAI TALUK, NAGAI DISTRICT",610207
10307,NAGAPATTIN,Thalainayar,GHS KOTHANGUDI,main roadkothangudi,610203
10308,NAGAPATTIN,Thalainayar,GHS KOVILPATHU,melakadu\kovilpathu South,611112
10309,NAGAPATTIN,Thalainayar,GHS MOOKATCHI THERU,MOOKACHI THERU NALUVEDHAPATHY,611112
10310,NAGAPATTIN,Thalainayar,GHS ORADIYAMBULAM,"AMBALAVANESWARAR STREET,THALANAYAR III SETHI",614712
10311,NAGAPATTIN,Thalainayar,GHS PANGAL,"MAIN ROAD, PANGAL\SOORAMANGALAM-PO, THIRUKKUVALAI-T.K",610201
10312,NAGAPATTIN,Thalainayar,GHS SITHAIMOOR,Thirukkuvalai Road Sithaimoor-610203,610203
10313,NAGAPATTIN,Thalainayar,GHS VELLAPALLAM(FC),"GOVERNMENT HIGH SCHOOL, VELLAPPALLAM FC.VELLAPPALLAM, VEDARANIAM, NAGAPATTINAM.",611112
10314,NAGAPATTIN,Thalainayar,GHSS THALAINAYAR,PALLIVASAL STREETTHALANAYAR,614712
10315,NAGAPATTIN,Thalainayar,GHSS UMBALACHERY,chetty streetumbalacherry west,614711
10316,NAGAPATTIN,Thalainayar,GHSS VELLAPALLAM,vellappallam postvedaranyam tk,611112
10317,NAGAPATTIN,Thalainayar,PUMS ARUNTHAVAMPULAM,"PUMS, ARUNTHAVAMPULAMARUNTHAVAMPULAM POST",614711
10318,NAGAPATTIN,Thalainayar,PUMS KOLAPPADU,"Agraharam,KOLAPPADU\THIRUKUVALAI T.K Nagapattinam Dt",610207
10319,NAGAPATTIN,Thalainayar,PUMS MANAKKUDI,sivan kovil streetmanagudi,614712
10320,NAGAPATTIN,Thalainayar,PUMS MARACHERY,"PUMS, MARACHERY, MARACHERY POST, PAMANI (SO)",614711
10321,NAGAPATTIN,Thalainayar,PUMS NEERMULAI,PANCHAYAT UNION MIDDLE SCHOOL NEERMULAI @POPAMANI (VIA) THALAINAYAR UNION,614711
10322,NAGAPATTIN,Thalainayar,PUMS ORADIYAMBULAM,Mariyamman kovil streetthalainayar first sethi,614712
10323,NAGAPATTIN,Thalainayar,PUMS PRINJUMOOLAI,"prinjumoolai,thalanayar poVedaranyam tk",614712
10324,NAGAPATTIN,Thalainayar,PUMS SANTHANAMTHERU,santhanam street\Thalainayar,614712
10325,NAGAPATTIN,Thalainayar,PUMS THALAINAYAR 4 SETHI,"THALAINAYAR IV SETHI, THALAINAYAR [POST]VEDARANIYAM T.K, NAGAPATTINAM D.T",614712
10326,NAGAPATTIN,Thalainayar,PUMS THALAINAYAR AGRAHARAM,THALAINAYAR AGRAHARAM VEDARANIYAM TK,614712
10327,NAGAPATTIN,Thalainayar,PUMS THIRUVIDAIMARUTHUR,"PUMS-THIRUVIDAMARUDURArunthavampulam post
,Thirukkuvalai TK, Nagai -dist",614711
10328,NAGAPATTIN,Thalainayar,PUMS VADUGOOR,"south street, vadugoor & postthirukkuvalai taluk",614712
10329,NAGAPATTIN,Thalainayar,"SIVASAKTHI INTERNATIONAL  SCHOOL, THALAINAYAR","NO.1/1, CHINNA SALAI, THALANAYAR, VEDARANYAM TALUK, NAGAPATTINAM DISTRICT.",614712
10330,NAGAPATTIN,Thalainayar,SRINIVASANAR AIDED HIGH SCHOOL NALUVEDAPATHI,"SANJADI STREET,NALUVEDAPATHY",611112
10331,NAGAPATTIN,Thalainayar,ST. XAVIER'S HIGHER SECONDARY SCHOOL NEERMULAI,"St xavier hr sec school,
Neermulai post Neermulai.",614711
10332,NAGAPATTIN,Thalainayar,VGHSS MANAKKUDI,PALLIKUDA THERUMANAKKUDI,614712
10333,NAGAPATTIN,Thirumarugal,AKR MATRIC HR.SEC.SCHOOL ENANGUDI,MAIN ROADMATHIRIMANGALAM-ENANGUDI,609701
10334,NAGAPATTIN,Thirumarugal,AL-AMAN CRESCENT MATRIC HR SEC SCHOOL ATHALAIYUR,"RAZACK FATHIMA NAGAR, ADALAIYUR,ENANGUDI.",609701
10335,NAGAPATTIN,Thirumarugal,GHS GANAPATHIPURAM,Main RoadGanapathipuram,609702
10336,NAGAPATTIN AM,Thirumarugal,GHS GANAPATHIPURAM,Main Road Ganapathipuram,
10337,NAGAPATTIN,Thirumarugal,GHS KEEZHAPOLAGAM,MAIN ROAD KEELAPOLAGAM POLAGAM PO NAGAPATTINAM DT pin:609702,609702
10338,NAGAPATTIN,Thirumarugal,GHS MARUNGUR,VADA KUTHALAM ROADMARUNGUR,609702
10339,NAGAPATTIN,Thirumarugal,GHS NARIMANAM,"perumal koil street,narimanam",611002
10340,NAGAPATTIN,Thirumarugal,GHS PANANGUDI SAMATHUVAPURAM,"Alli Veethi, SamathuvapuramPanangudi",611002
10341,NAGAPATTIN,Thirumarugal,GHS THITTACHERRY,"MAIN ROAD ,THITTACHERYMAIN ROAD, THITTACHERY",609703
10342,NAGAPATTIN,Thirumarugal,GHS VAZHGUDI,"VAZHKUDI , VIRKUDI POST",610101
10343,NAGAPATTIN,Thirumarugal,GHSS AMBAL,SOUTH STAMBAL,609503
10344,NAGAPATTIN,Thirumarugal,GHSS ENANGUDI,karaipakkam Enangudi 609701,609701
10345,NAGAPATTIN,Thirumarugal,GHSS PURAGRAMAM,KISMATH STREETNATTARMANGALAM SALAI,609703
10346,NAGAPATTIN,Thirumarugal,GHSS THIRUKKANNAPURAM,WEST STREETThirukkannapuram,609704
10347,NAGAPATTIN,Thirumarugal,GHSS THIRUMARUGAL,NORTH STREET THIRUMARUGAL,609702
10348,NAGAPATTIN,Thirumarugal,GHSS THITTACHERY,North pattakal streetThittacherry,609703
10349,NAGAPATTIN,Thirumarugal,"GMS VAZHMANGALAM,",MAIN ROAD.VAZHMANGALAM,609703
10350,NAGAPATTIN,Thirumarugal,NALLANDA MATRICULATION  SCHOOL,THITTACHERRY ROADPANANGUDI,611002
10351,NAGAPATTIN,Thirumarugal,PUMS - PANDARAVADAI,PUMS PANDARAVADAISCHOOL STREET PANDARAVADAI,609702
10352,NAGAPATTIN,Thirumarugal,PUMS ATHALAIYUR,"P.U.M.School, Adalaiyur,
Enangudi - post, Nagapattinam - Dt.,            Pin: 609701.",609701
10353,NAGAPATTIN,Thirumarugal,PUMS KOTTARAKUDI,"3,Maariammankovil streetKottarakudi",610101
10354,NAGAPATTIN,Thirumarugal,PUMS KUTHALAM,MARIYAMMAN KOIL STKUTHALAM,609703
10355,NAGAPATTIN,Thirumarugal,PUMS PAKKAMKOTTUR,PALLIKUDASTREETKOTTUR,609701
10356,NAGAPATTIN,Thirumarugal,PUMS PORAKUDI,03 main roadporakudi,609503
10357,NAGAPATTIN,Thirumarugal,PUMS PUTHAGARAM,"KALIYAMMAN KOVIL ST, PUTHAGARAM, NAGAPATTINAM DT.611001",611001
10358,NAGAPATTIN,Thirumarugal,PUMS VOWALADI,MAIN ROADVOWALADI,609701
10359,NAGAPATTIN,Thirumarugal,PUMS-KANGALANCHERY,KangalancheriKangalancheri,610101
10360,NAGAPATTIN,Thirumarugal,PUMS-THIRUCHENKATTANGUDI,"MELA VEEDHI,THIRUCHENKATTANGUDI
,THIRUMARUGAL",609704
10361,NAGAPATTIN,Thirumarugal,PUMS-THIRUPPAYATHANGUDI,THIRUPAYATHANGUDI\THIRUPAYATHANGUDI,610101
10362,NAGAPATTIN,Thirumarugal,PUMS-VADAKARAI,VADAKARAI - B.OENANGUDI - POST & VIA,609701
10363,NAGAPATTIN,Thirumarugal,SMT CRESCENT MATRICULATION SCHOOL AUDALAIYUR,"1/211,Aqsha street Adalaiyur",609701
10364,NAGAPATTIN,Thirumarugal,SRI NADESAIYHA GOVT AMS SCHOOL,AMS MELAPUTHANUR SUNTHARA VINAYAGAR KOVIL STREET  KEELATHANJAVURE POST THIRUMARUGAL,610101
10365,NAGAPATTIN,Thirumarugal,ST.ANNES AMS SCHOOL,St.Anne's Middle School\Karaiyur,610101
10366,NAGAPATTIN,Thirumarugal,ST.JOSEPH AMS SCHOOL,"PERMAL KOIL STREET,KANGALANCHERY",610101
10367,NAGAPATTIN,Vedaranyam,"ADW HS, VETTIYAKADU",VETTIYAKKADUVEDARANIYAM,614810
10368,NAGAPATTIN,Vedaranyam,AGARAM MATRICULATION SCHOOL KARUPPAMPULAM,KARUPPAMPULAM MAIN ROADKARUPPAMPULAM,614707
10369,NAGAPATTIN,Vedaranyam,"AL-NOOR INDIAN MATRICULATION HIGHER
SECONDARY SCHOOL, THETHAKUDI SOUTH THOPPUTHURAI",1-199/1 Al -Noor Schools RoadThethakudi South,614809
10370,NAGAPATTIN,Vedaranyam,"AMS, KARUPPANKADU","THENNAMPULAM POST,KARUPPANKADU, VEDARANIYAM",614806
10371,NAGAPATTIN,Vedaranyam,"AMS, MUTHALIYAR THOPPU","MUDALIYARTHOPPU,NEIVILAKKU POST",614808
10372,NAGAPATTIN,Vedaranyam,"AMS,KATHARIPULAM",ams kathiripulam vedaranyam,614808
10373,NAGAPATTIN,Vedaranyam,AMS-PUSHPAVANAM,"AMS, PUSHPAVANAM\VEDARANIYAM",614809
10374,NAGAPATTIN,Vedaranyam,"ANANTHARASU AMS, MARAIGNAYANALLUR",MARAIGNAYANALLUR & POSTVEDARANIAM TALUK,614810
10375,NAGAPATTIN,Vedaranyam,"ELAKKUVANAR AMS,VOIMEDU","1/426 Udaiyadevankadu, voimedu east 1/426 Udaiyadevankadu, voimedu east",614714
10376,NAGAPATTIN,Vedaranyam,G(GIRLS) HSS VEDARANYAM,"KEEZHAMADAVILAGAM,VEDARANYAM.KEEZHAMADA VILAGAM,VEDARANYAM.",614810
10377,NAGAPATTIN,Vedaranyam,"GANESA AMS, CHETTIPULAM",SIRYANKADUCHETTIPULAM,614806
10378,NAGAPATTIN,Vedaranyam,GHS ARUKATTUTHURAI,sunami nagarARUCOTTUTHURAI,614809
10379,NAGAPATTIN,Vedaranyam,GHS AYAKKARANPULAM 3,Nallan kuthagaiAyakkaranpulam 3,614707
10380,NAGAPATTIN,Vedaranyam,GHS KOVILKULAM,"Kovilkulam South, Ayakkaranpulam-4",614707
10381,NAGAPATTIN,Vedaranyam,GHS MARUTHUR NORTH,"GHS,MARUTHUR NORTH\VEDARANYAM(TK)",614714
10382,NAGAPATTIN,Vedaranyam,GHS MARUTHUR SOUTH,MARUTHUR SOUTHMARUTHUR SOUTH PO,614714
10383,NAGAPATTIN,Vedaranyam,GHS NAGAKKUDAIYAN,GOVT HIGH SCHOOLNAGAKKUDAIYAN,614808
10384,NAGAPATTIN,Vedaranyam,GHS SIRUTHALAIKADU,KADINALVAYAL POSTVEDARANYAM TALUK,614707
10385,NAGAPATTIN,Vedaranyam,GHSS  KARUPPAMPULAM,NADUKKADUKARUPPAMPULAM,614707
10386,NAGAPATTIN,Vedaranyam,GHSS KADINALVAYAL,"NADUKADU, KADINALVAYAL, (P.O)  VEDADARANYAM (T.K) 614707",614707
10387,NAGAPATTIN,Vedaranyam,GHSS KARIYAPATTINAM,KARIAYAPATTINAMKARIYAPATTINAM,614806
10388,NAGAPATTIN,Vedaranyam,GHSS KATHARIPULAM,"Govt. Hr. Sec. School, Market place, Keela Kuthagai, Vedaranyam TK, Nagapattinam",614808
10389,NAGAPATTIN,Vedaranyam,GHSS KODIYAKARAI,MARIYAMMAN KOVIL STREETKODIKKARAI,614807
10390,NAGAPATTIN,Vedaranyam,GHSS PANCHANATHIKULAM EAST,PANCHANATHIKKULAM EASTVEDARANYAM.( TK),614714
10391,NAGAPATTIN,Vedaranyam,GHSS PUSHPAVANAM,THERKU PALPANNAI CHERRINAGAPPATTINAM,611003
10392,NAGAPATTIN,Vedaranyam,GHSS SARABOJIRAJAPURAM,SARABOJIRAJAPURAMTHULASIYAPATTINAM,614714
10393,NAGAPATTIN,Vedaranyam,GHSS THAGATTUR,SUBRAMANIYAN KADUSUBRAMANIANKADU,614714
10394,NAGAPATTIN,Vedaranyam,GHSS THANIKOTTAGAM,sakuttithevankaduTHANIKKOTTAGAM,614716
10395,NAGAPATTIN,Vedaranyam,GHSS THOPPUTHURAI -MODEL,NAGAI MAIN ROADTHOPPUTHURAI,614809
10396,NAGAPATTIN,Vedaranyam,GHSS-SEMBODAI,VadakaduSembodai,614809
10397,NAGAPATTIN,Vedaranyam,GOVERNMENT HIGH SCHOOL PANNAL,"GHS ,PANNAL\VEDARANYAM TK",614707
10398,NAGAPATTIN,Vedaranyam,GOVERNMENT HIGH SCHOOL PIRANTHIYANKARAI,Main RoadPiranthiyankarai,614806
10399,NAGAPATTIN,Vedaranyam,"GOVERNMENT HIGH SCHOOL, ADHANUR","GHS ADHANUR,VEDARANIYAM TKNAGAPATTINAM",614707
10400,NAGAPATTIN,Vedaranyam,"GOVERNMENT HIGH SCHOOL, RAJANKATTALAI",RAJANKATTALAIANNAPETTAI,614714
10401,NAGAPATTIN,Vedaranyam,"GOVT GIRLS HR SEC SCHOOL,AYAKKARANPULAM -3",NALLANKUTHAGAI AYAKKARANPULAM-3,614707
10402,NAGAPATTIN,Vedaranyam,"KANTHAVILAS AMS, VADAMAZHAI","1/190,vadamazhaivadamazhai manakkadu(PO)",614716
10403,NAGAPATTIN,Vedaranyam,"KGKG GIRLS AIDED HR. SEC. SCHOOL
,VEDARANYAM","NAGAI ROAD\MAHARAJAPURAM,VEDARANYAM",614810
10404,NAGAPATTIN,Vedaranyam,MAHATMA GANDHI AMS MUTHALIYAR KUTHAGAI,ayakkaranpulam-2vedaranyam,614707
10405,NAGAPATTIN,Vedaranyam,"NAKKEERANAR AMS,PANCHANATHIKULAM WEST",PANCHANATHIKULAM-WESTVEDARANYAM-TK,614714
10406,NAGAPATTIN,Vedaranyam,"POINT CALIMERE INTERNATIONAL SCHOOL, KURAVAPULAM","NO 41, MELAKADUKURAVAPULAM",614808
10407,NAGAPATTIN,Vedaranyam,PUMS CHETTIYAKADU,CHETTIYAKKADUKARUPPAMPULAM-SOUTH,614707
10408,NAGAPATTIN,Vedaranyam,PUMS GOVIDANKADU,PUMS GOVINDANKADUTHAGATTUR,614714
10409,NAGAPATTIN,Vedaranyam,PUMS KURAVAPULAM WEST,Kuravapulam west\Kuravapulam,614808
10410,NAGAPATTIN,Vedaranyam,PUMS SEMBAGARAYANALLUR NORTH,SENBAGARAYANALLUR NORTHSENBAGARAYANALLUR NORTH,614806
10411,NAGAPATTIN,Vedaranyam,PUMS THANIKOTTAGAM SOUTH,THANIKKOTTAGAM SOUTH\THANIKKOTTAGAM(Post),614716
10412,NAGAPATTIN,Vedaranyam,"PUMS THIRD STREET, VEDARANIYAM","PUMS THIRD STREET,VEDARANYAM.",614810
10413,NAGAPATTIN,Vedaranyam,"PUMS, AYAKKARANPULAM 2",PappureddikuthagaiAYAKKARANPULAM-2,614707
10414,NAGAPATTIN,Vedaranyam,"PUMS, CHETTITHERU",chettitheruthethakudi north,614809
10415,NAGAPATTIN,Vedaranyam,"PUMS, KAILAVANAMPETTAI","Kailavanampettai,
Vedaraniam Post Nagapatinam District",614810
10416,NAGAPATTIN,Vedaranyam,"PUMS, PERIYAKUTHAKAI EAST",PUMS PERIYAKUTHAGAI EASTAYAKKARANPULAM 1,614707
10417,NAGAPATTIN,Vedaranyam,"PUMS, POOSARIKADU",poosarikadukaththaripulam,614808
10418,NAGAPATTIN,Vedaranyam,"PUMS, SINGANKUTTHAKAI",SINGANKUTHAGAIAYAKKARANPULAM-3,614707
10419,NAGAPATTIN,Vedaranyam,"PUMS, VELLIKIDANKU",vellikidankuvanduvancheri po,614714
10420,NAGAPATTIN,Vedaranyam,"PUMS,MOOLAKKARAI",Moolakarai Vedaranyam Block,614816
10421,NAGAPATTIN,Vedaranyam,"PUMS,NEIVILAKKU",THERKU KADUNEIVILAKKU,614808
10422,NAGAPATTIN,Vedaranyam,"PUMS,PATTINATHERU",PATTINATHERUPUSHPAVANAM,614809
10423,NAGAPATTIN,Vedaranyam,"PUMS,PERIYAKUTHAGAI",P.U.M.SchoolPeriyakuthagai,614809
10424,NAGAPATTIN,Vedaranyam,"PUMS,PICHAKATTALAI",vanduvancheri(po)Thagattur(via),614714
10425,NAGAPATTIN,Vedaranyam,"PUMS,THENNADAR","Panchayat Union Middle School ,
Panchanathikulam West (BO) , Thennadar - 614714",614714
10426,NAGAPATTIN,Vedaranyam,"PUMS,THOPPUTHURAI(MUSILIM)",panchayat union middle school thopputhurai vedaranyam,614809
10427,NAGAPATTIN,Vedaranyam,"PUMS,VOIMEDU WEST",panchayat union middle school voimedu west vedaranyam,614714
10428,NAGAPATTIN,Vedaranyam,PUMS-THIYAGARAJAPURAM,"PUMS,THIYAGARAJAPURAMCHETTIPULAM,VEDARANIA M",614806
10429,NAGAPATTIN,Vedaranyam,"QUAIDE MILLATH MATRICULATION HIGHER SECONDARY SCHOOL, THOPPUTHURAI","QUAIDE MILLATH MAT. HR. SEC. SCHOOL, THOPPUTHURAI",614809
10430,NAGAPATTIN,Vedaranyam,"R.NATESANAR GOVT. HR.SEC.SCHOOL, AYAKARANPULAM 2",Ayakkaranpulam-2,614707
10431,NAGAPATTIN,Vedaranyam,RAMAMADAM AMS-PERIYAKUTHAGAI,"Mallankadu\Periyakuthagai,Vedaranyam Taluk,Nagapattinam Dist.",614809
10432,NAGAPATTIN,Vedaranyam,"RV SHARMA AMS, THETHAKUDI",AYYIANKADUTHETHAKUDI NORTH,614809
10433,NAGAPATTIN,Vedaranyam,RVS BHARATH MATRICULATION HIGHER SECONDARY SCHOOL AYAKARANPULAM,AYAKKARANPULAM-3AYAKKARANPULAM-3,614707
10434,NAGAPATTIN,Vedaranyam,SARADHAMBAL VIDYASHRAM MATRICULATION HIGHER SEC. SCHOOL THETHAKUDI SOUTH,THETHAKUDI SOUTH\THETHAKUDI SOUTH,614809
10435,NAGAPATTIN,Vedaranyam,"SEETHALAKSHMI AIDED HIGH SCHOOL,KURAVAPULAM",NADUKKADU KURAVAPPULAM,614808
10436,NAGAPATTIN,Vedaranyam,"SEETHALAKSHMI AMS, ARAKARAI",seethalakshmi Aided Middle School Arakkarai  Thethakudi North,614809
10437,NAGAPATTIN,Vedaranyam,SK GHSS THETHAKUDI SOUTH,THETHAKUDI SOUTH-POST VEDARANYAM-TALUK,614809
10438,NAGAPATTIN,Vedaranyam,SKS GHSS VEDARANYAM,SETHU RASTHAVEDARANYAM,614810
10439,NAGAPATTIN,Vedaranyam,SRI. THAYUMANAVAR VIDYALAYA AMS VEDARANYAM,SRITHAYUMANAVAR VIDYALAYAMNORTH STREET,614810
10440,NAGAPATTIN,Vedaranyam,ST ANTONY'S MATRICULATION HR SEC SCHOOL VEDARANYAM,YERIMELKARAI\VEDARANYAM,614810
10441,NAGAPATTIN,Vedaranyam,"SUBBAIYA AMS, PAYATHAVARANKADU","PAYATHAVARANKADUAGASTHIYANPALLI,VEDDARAN YAM",614810
10442,NAGAPATTIN,Vedaranyam,SWAMI VIVEKANANDHA MATRICULATION SCHOOL ANDARKADU VEDARANYAM,ANDARKADUMARIYANALLUR POST,614810
10443,NAGAPATTIN,Vedaranyam,"THENI AMS,RAJAPURAM","RAJAPURAM POSTVEDARANYAM , NAGAPATTINAM",614806
10444,NAGAPATTIN,Vedaranyam,VICTORY HIGHER SECONDARY SCHOOL PANCHANATHIKULAM WEST,KONDATHEVANKADU\PANCHANATHIKULAM WEST,614714
10445,NAMAKKAL,Elachipalayam,GHS ILUPPILI,"GOVT HIGH SCHOOL  ILUPPILI
ILUPPILI PO TIRUCHENGODE TK NAMAKKAL DT 637202",637202
10446,NAMAKKAL,Elachipalayam,GHS KUMARAMANGALAM,"GHS
KUMARAMANGALAM\TIRUCHENGODU(TK),NAMAKKAL (GDHTS)",637205
10447,NAMAKKAL,Elachipalayam,GHS KUPPANDAPALAYAM,"SCHOOL,KUPPANDAPALAYAMKUMARAMANGALAM(VI A),TIRUCHENGODE(TK)",637205
10448,NAMAKKAL,Elachipalayam,GHSS BOMMAMPATTI,"HEAD MASTER,\GOVT.HR.SEC.SCHOOL, BOMMAMPATTY",637212
10449,NAMAKKAL,Elachipalayam,GHSS ELACHIPALAYAM,"GHSS ELACHIPALAYAM,
ELACHIPALAYAM POST TIRUCHENGODE(TK)",637202
10450,NAMAKKAL,Elachipalayam,GHSS MANICKAMPALAYAM,"GHSS MANICKAMPALAYAM, KOOTHAMPOONDI P.O,
Tiruchengode (tk) Namakkal(Dt)-637202",637202
10451,NAMAKKAL,Elachipalayam,GHSS PERIYAMANALI,"GHSS,PERIYAMANALI,THIRUCHENGODE(T.K)NAMAKKA L(D.T)",637410
10452,NAMAKKAL,Elachipalayam,GHSS ULAGAPPAMPALAYAM,"GOVT HR SEC
SCHOOL,ULAGAPPAMPALAYAM,KUMARAMANGALAM
PTOHIRUCHENGODE MAIN ROAD",637205
10453,NAMAKKAL,Elachipalayam,GHSS VELAGOUNDAMPATTI,"VELAGOUNDAMPATTY(P.O),THIRUCHENGODE T.K,NAMAKKAL DT",637212
10454,NAMAKKAL,Elachipalayam,KONGUNADU MATRIC HSS VELAGOUNDAMPATTI,"VELAGOUNDAMPATTI, TIRUCHENGODE TALUK, NAMAKKAL DT -637212",637212
10455,NAMAKKAL,Elachipalayam,KONGUNADU SCHOOL  VELAGOUNDAMPATTI,"(PO)
TIRUCHENGODE Tk, NAMAKKAL Dt",637212
10456,NAMAKKAL,Elachipalayam,"MAHENDRA MATRIC HIGHER SECONDARY SCHOOL, KUMARAMANGALAM","MAHENDRA NAGARKUMARAMANGALAM, THIRUCHENGODU (T.K)",637205
10457,NAMAKKAL,Elachipalayam,PUMS KOKKALAI,"PUMSchool,Kokkalai,Kokkalai(po)Thiruchengode(TK),Namakka l(DT)",637410
10458,NAMAKKAL,Elachipalayam,PUMS NALLAKUMARANPALAYAM,"PUMS NallakumaranpalayamTiruchengode (TK), Namakkal(DT)",637212
10459,NAMAKKAL,Elachipalayam,PUMS PACH.PUDUPALAYAM,"P.U.M.S.SCHOOL,PACH.PUDUPPALAYAM,GANDHI ASHRAM(PO)TIRUCHENGODE(TK),NAMAKKAL(DT)",637201
10460,NAMAKKAL,Elachipalayam,PUMS SATHINAICKENPALAYAM,PUM school\sathyainaickenpalayam,637205
10461,NAMAKKAL,Elachipalayam,"SENGUNTHAR MATRICULATION HIGHER SECONDARY SCHOOL, KOSAVAMPALAYAM","KOSAVAMPALAYAM, KUMARAMANGALAM PO, TIRUCHENGODE TK, NAMAKKAL DT, 637205",637205
10462,NAMAKKAL,Elachipalayam,"SHRI RAMACHANDIRA MATRIC HR SEC SCHOOL,ELACHIPALAYAM","SHRI RAMACHANDIRA MATRIC HR SEC SCHOOL,,
ELACHIPALAYAM(P.O), TIRUCHENCODETALUK,
SNHARMIARKAKMAALCDHIASNTRDIICRTA-6P3U7B20L2IC SCHOOL,",637202
10463,NAMAKKAL,Elachipalayam,SHRI RAMACHANDIRA PUBLIC SCHOOL,"ELACHIPALAYAM, TIRUCHENGODE T.K, NAMAKKAL
D.T - 637202",637202
10464,NAMAKKAL,Elachipalayam,SHRI RENGA VIDYALAYA HIGHER SECONDARY SCHOOL,"RAYARPALAYAM ,NAMAKKAL",637205
10465,NAMAKKAL,Elachipalayam,"SHRI RENGA VIDYALAYA MATRIC HIGHER SECONDARY SCHOOL,RAYARPALAYAM","RAYARPALAYAM,NAMMAKKAL",637205
10466,NAMAKKAL,Elachipalayam,SHRI VIDHYABHARATHI HIGH SCHOOL SAKKARAMPALAYAM,"SHRI VIDHYABHARATHI HIGH SCHOOL
SAKKARAMPALAYAM
SAHGRAIRVAIMDH(PY.AOB),HTAHRIRAUTCHHI EMNAGTORDICE(HTI.GKH),ENRASMEACKOKNADLA-RY",637202
10467,NAMAKKAL,Elachipalayam,"SHRI VIDHYABHARATHI MATRIC HIGHER SECONDARY SCHOOL, SAKKARAMPALAYAM","SCHOOL, SAKKARAMPALAYAM, AGARAM(P.O), THIRUCHENGODE(T.K),NAMAKKAL(D.T)-637202",637202
10468,NAMAKKAL,Elachipalayam,ST.THERASAS MIDDLE SCHOOL  ELANAGAR,elanagarvelangoundampatty,627312
10469,NAMAKKAL,Elachipalayam,"STAR MATRIC HIGHER SECONDARY SCHOOL, PERIYAMANALI","PALAKARANKADU,PERIYAMANALI,TIRUCHENGODE,NA
MAKKAL.637410PALAKARANKADU,PERIYAMANALI,TIR UCHENGODE,NAMAKKAL.637410",637410
10470,NAMAKKAL,Elachipalayam,T P P GHSS MANALI JEDARPALAYAM,periyamanali(po)TIRUCHENGODE(TK),637410
10471,NAMAKKAL,Elachipalayam,VIVEKANANDHA VIDHYA BHAVAN MATRIC HR.SEC.SCHOOL  ELAYAMPALAYAM,"VIVEKANANDHA VIDHYA BHAVAN MATRIC HIGHER
SECONDARY SCHOOL ELAYAMPALAYAM,",637205
10472,NAMAKKAL,Erumapatti,ADW HIGH SCH A.PALAPATTY,erumapatty viaalanganatham post,637013
10473,NAMAKKAL,Erumapatti,"BHARATHI ACADEMY,  REDDIPATTI",REDDIPATTY\REDDIPATTY,637002
10474,NAMAKKAL,Erumapatti,BHARATHI HIGHER SECONDARY SCHOOL REDDIPATTI,"BHARATHI HIGHER SECONDARY SCHOOL, REDDIPATTI, NAMAKKAL",637002
10475,NAMAKKAL,Erumapatti,"BHARATHI VIDHYALAYA MATRICULATION
HIGHER SECONDARY SCHOOL, REDDIPATTI, NAMAKKAL DT -637002","BHARATHI SCHOOL STREET, REDDIPATTI",637002
10476,NAMAKKAL,Erumapatti,GBHSS ERUMAPATTY,"GOVT.BOYS.HR.SEC.SCHOOL,VADAVATHUR
ROAD,ERUMAPATTYGOVT.BOYS.HR.SEC.SCHOOL,VADA VATHUR ROAD,ERUMAPATTY",637013
10477,NAMAKKAL,Erumapatti,GGHSS ERUMAPATTY,"GGHSS, ERUMAPATTY, ERUMPATTY BLOCK, NAMAKKAL - 637013",637013
10478,NAMAKKAL,Erumapatti,GHS ALANGANATHAM,pidariyamman kovil streetALANGANATHAM,637013
10479,NAMAKKAL,Erumapatti,GHS BODINAICKENPATTI,"Main Road8/39 RASAPUDUR ,BODINAICKENPATTI",637405
10480,NAMAKKAL,Erumapatti,GHS JAMBUMADAI,"JAMBUMADAI,VADAVATHUR(PO),MOHANUR(TALUK) NAMAKKAL(DIST)",637013
10481,NAMAKKAL,Erumapatti,GHS PAVITHRAM,THURAIYUR MAIN ROADPAVITHIRAM,637021
10482,NAMAKKAL,Erumapatti,GHS PAVITHRAMPUDUR,Ghs Pavithirampudur 637021,637021
10483,NAMAKKAL,Erumapatti,GHSS KAVAKKARANPATTI,"GOVT HR SEC SCHOOL, KAVAKKARAPATTI PO, KAVAKKARAPATTI, NAMAKKAL-637013",637013
10484,NAMAKKAL,Erumapatti,GHSS MUTHUKAPATTI,"GHSS, MUTHUGAPATTIKONDAMPATTI ROAD",637405
10485,NAMAKKAL,Erumapatti,GHSS PALAYAPALAYAM,GHSS PALAYAPALAYAM NAMAKKAL DT 637405,637405
10486,NAMAKKAL,Erumapatti,GHSS POTTIREDDIPATTI,THURAIYUR MAIN ROAD POTTIREDIPATTYpottireddipatti,637013
10487,NAMAKKAL,Erumapatti,GHSS SEVINTHIPATTI,"GHSS SEVINTHIPATTI, MOHANUR TK, NAMAKKAL DT",621215
10488,NAMAKKAL,Erumapatti,GHSS VARAGUR,"THURAIYUR ROAD, VARAGURNAMAKKAL DT",637021
10489,NAMAKKAL,Erumapatti,"OXFORD MATRICULATION HIGHER SECONDARY
SCHOOL, KAIKATTI, ERUMAPATTI, NAMAKKAL DT -637021","Radhakrishnan street kaikatti,Radhakrishnan street kaikatti,Erumapatti",637013
10490,NAMAKKAL,Erumapatti,PUMS A VALAVANTHI,Punjayat Union Middle School ValavanthiErumapatti Union Namakal District,621215
10491,NAMAKKAL,Erumapatti,PUMS DEVARAYAPURAM,P U M SCHOOL DEVARAYAPURAM POSENDHAMANGALAM TK NAMAKKAL,637021
10492,NAMAKKAL,Erumapatti,PUMS KALICHETTIPATTI,ponneri postNAMAKKAL,637013
10493,NAMAKKAL,Erumapatti,PUMS KASTHURIPATTI,"PANCHAYAT UNION MIDDLE SCHOOL,
KASTHURIPATTY,VARADHARAJAPURAM (PO), SENTHAMANGALAM (TK), NAMAKKAL (DT).",637013
10494,NAMAKKAL,Erumapatti,PUMS KOOLIPATTY,"P.U.M.S,KOOLIPATTI,REDDIPATTI(PO)SENDAMANGALA M(TK),NAMAKKAL (DT)",637002
10495,NAMAKKAL,Erumapatti,PUMS M METTUPATTY,"PUMS,M.METTUPATTI,M.METTUPATTI
(PO),ERUMAPATTI BIOCK ,MOHANUR (TK),NAMAKKAL(DT).",637020
10496,NAMAKKAL,Erumapatti,PUMS NAVALADIPATTI,NAVALADIPATTIERUMAPATTI BLOCK,637013
10497,NAMAKKAL,Erumapatti,PUMS THOOSUR,2/292-A valayapatti main roadThusur post,637002
10498,NAMAKKAL,Erumapatti,PUMS VADUGAPATTY,"p.u.m.school,vadugapatty,valayapatty(p.o),\mohanur (t.k),namakkal (d.t)",637020
10499,NAMAKKAL,Erumapatti,PUMS VARATHARAJAPURAM,PUMS VARATHARAJPAURAMERUMAPATTI UNION,637013
10500,NAMAKKAL,Erumapatti,"SRI CHAITANYA TECHNO SCHOOL, KOOLIPATTY","SRI CHAITANYA TECHNO SCHOOL, KOOLIPATTI, NAMAKKAL",
10501,NAMAKKAL,Erumapatti,"SRI MAHABHARATHI HIGHER SECONDARY SCHOOL, KOOLIPATTI","Koolipatty, Reddipatty(PO)",637002
10502,NAMAKKAL,Erumapatti,"SRI VIVEKANANDHA VIDHYAALAYA
MATRICULATION SCHOOL, ERUMAPATTI, NAMAKKAL DT -637021",ERUMAPATTINAMAKKAL,637013
10503,NAMAKKAL,Kabilarmalai,"BRINDHAVAN  MATRICULATION SCHOOL, POTHANUR","19A1B1, JEDARPALAYAM MAIN ROAD, POTHANUR (PO)
PARAMATHIVELUR. TK. NAMAKKAL. DT. 19A1B1, JEDARPALAYAM MAIN ROAD, POTHANUR (PO)",638181
10504,NAMAKKAL,Kabilarmalai,CHANAKYA HI-TECH MATRICULATION HIGHER SECONDARY SCHOOL,"Velur to kabilarmalai main RoadOpp EB Power Station , Pothanur",638181
10505,NAMAKKAL,Kabilarmalai,GBHSS PANDAMANGALAM,PANDAMANGALAMPARAMATHI VELUR,637208
10506,NAMAKKAL,Kabilarmalai,GGHSS PANDAMANGALAM,PANDAMANGALAM POSTPARAMATHY VELUR TK NAMAKKAL DT,637208
10507,NAMAKKAL,Kabilarmalai,GHS ANANGUR,Anangur .K.Ayampalayam POAnangur .K.Ayampalayam PO,637213
10508,NAMAKKAL,Kabilarmalai,GHS KONDALAM,KONDALAM\PARAMATHI VELUR TK,637208
10509,NAMAKKAL,Kabilarmalai,GHS NANJAPPAGOUNDAMPALAYAM,"GOVT. HIGH SCHOOL, NANJAPPAGOUNDAMPALAYAM,
KOTHAMANGALAM POST,PARAMATHI - VELUR TK, NAMAKKAL DT.",637213
10510,NAMAKKAL,Kabilarmalai,GHSS JEDARPALAYAM,"KABILARMALAI MAIN ROADJEDARPALAYAM,PARAMATHI VELUR",637213
10511,NAMAKKAL,Kabilarmalai,GHSS KABILARMALAI,"GHSS KABILARMALAI, KABILARMALAI POST, PARAMATHI VELUR TK, NAMAKKAL DT.",637204
10512,NAMAKKAL,Kabilarmalai,GHSS PILIKKALPALAYAM,PILIKKALPALAYAMPARAMATHI VELUR TALUK,637213
10513,NAMAKKAL,Kabilarmalai,GHSS POTHANUR,"POTHANUR-(PO) PARAMATHI VELUR-(TK), NAMAKKAL (DT)",638181
10514,NAMAKKAL,Kabilarmalai,GHSS SOLASIRAMANI,GHSS SOLASIRAMANITIRUCHENGODE VIA,637210
10515,NAMAKKAL,Kabilarmalai,K.S MANIAM VIDHYA BHAVAN SENIOR SECONDARY SCHOOL  CBSE,"VALASUPALAYAM, IRUKKUR POST PARAMATHI VELUR TALUK, NAMAKKAL DT",637204
10516,NAMAKKAL,Kabilarmalai,PUMS CHEYYAMPALAYAM,seyyampalayamkandampalayam,637203
10517,NAMAKKAL,Kabilarmalai,PUMS CHINNASOLIPALAYAM,"PUMS CHINNASOLIPALAYAM PERIYASOLIPALAYAM PO PARAMATHIVELUR TK, NAMAKKAL DT",637204
10518,NAMAKKAL,Kabilarmalai,PUMS K.AYYAMPALAYAM,AYAMPALAYAM PO PARAMATHIVELUR TKAYAMPALAYAM PO PARAMATHIVELUR TK,637213
10519,NAMAKKAL,Kabilarmalai,PUMS K.AYYAMPALAYAM,AYAMPALAYAM PO PARAMATHIVELUR TK AYAMPALAYAM PO PARAMATHIVELUR TK,
10520,NAMAKKAL,Kabilarmalai,PUMS KOLAKKATTUPUDHUR,PUMS KOLAKKATUPUDUR EAST STREET,637208
10521,NAMAKKAL,Kabilarmalai,PUMS NETTAIYAMPALAYAM,"PUM SCHOOL NETTAIYAMPALAYAM, PARAMATHI VELUR TALUK, NAMAKKAL DISTRICT.",637208
10522,NAMAKKAL,Kabilarmalai,PUMS PONMALARPALAYAM,PUM SCHOOL PONMALARPALAYAM KONDALAM POST P.VELUR TK NAMAKKAL DT,637208
10523,NAMAKKAL,Kabilarmalai,PUMS SELUR SELLAPPAMPALAYAM,"SELUR SELLAPPAMPALAYAM, SELUR POST, PARAMATHI-VELUR TK, NAMAKKAL DT",637208
10524,NAMAKKAL,Kabilarmalai,PUMS SULLIPALAYAM,PUMS SULLIPALAYAMSULLIPALAYAMPOST,637203
10525,NAMAKKAL,Kabilarmalai,PUMS THIDUMAL,THIDUMAL PO PARAMATHIVELUR TKTHIDUMAL PO PARAMATHIVELUR TK,637204
10526,NAMAKKAL,Kabilarmalai,PUMS V.PUDHUPALAYAM,"PUMS V.PUDHUPALAYAMPARAMATHI VELUR TALUK, NAMAKKAL",637213
10527,NAMAKKAL,Kabilarmalai,PUMS VADAKARAIATTUR,vadakaraiyathur  & po P.VELUR TK  NAMAKKAL DT,637213
10528,NAMAKKAL,Kabilarmalai,PUMS VENGAMEDU,"PUMS VENGAMEDU, P.VELUR NAMAKKAL(DT).",638182
10529,NAMAKKAL,Kabilarmalai,PUMS VENGARAI,"PUMS VENGARAI ,VENGARAI (PO ) PARAMATHIVELUR
TK, Namakkal(DT).",637208
10530,NAMAKKAL,Kabilarmalai,PUMS ZAMIN ELAMPALLI,Zamin Elampalli(Po) P.Velur(Tk) Namakkal(Dt),637210
10531,NAMAKKAL,Kabilarmalai,R.N. OXFORD PUBLIC SCHOOL,PAUNDAMANGALAM\PARAMATHI VELUR,637208
10532,NAMAKKAL,Kabilarmalai,"RKV MATRIC HR.SEC.SCHOOL, JEDARPALAYAM",Vinayaga NagarJedarpalayam,637213
10533,NAMAKKAL,Kabilarmalai,"RN OXFORD MATRICULATION SCHOOL, MUNIAGOUNDAMPALAYAM, NAMAKKAL","muniagoundampalayam\
paundamangalam PO, P.VELUR",637208
10534,NAMAKKAL,Kabilarmalai,"SREE AMMAN MATRICULATION HIGHER SECONDARY  SCHOOL, MARAPPAMPALAYAM","4/147 A Marappampalayam,Solasiramani",637210
10535,NAMAKKAL,Kabilarmalai,"SRI RAJA VINAYAGA MATRICULATION SCHOOL, VELLATHARAI","VELLATHARAI,SELURPOP.VELUR ,NAMAKKAL DT",637208
10536,NAMAKKAL,Kabilarmalai,ST.JOSEPH R.C MID SCHOOL PERUNKURICHI,main road\perunkuruchi,637201
10537,NAMAKKAL,Kabilarmalai,"SUN STAR HR SEC SCHOOL, VADAKARAIATTUR",IndiranagarVadakaraiattur,637213
10538,NAMAKKAL,Kabilarmalai,VIVEKANANDA HIGHER SECONDARY SCHOOL PAUNDAMANGALAM,KABILARMALAI ROAD PARAMATHI VELUR TK NAMAKKAL DT,637208
10539,NAMAKKAL,Kabilarmalai,"VIVEKANANDA MATRICULATION HIGHER SECONDARY SCHOOL, PAUNDAMANGALAM","KABILARMALAI ROAD, PAUNDAMANGALAM, PARAMATHI VELUR TK, NAMAKKAL DT",637208
10540,NAMAKKAL,Kabilarmalai,VIVEKANANDA VIDYALAYAM PAUNDAMANGALAM,"KABILARMALAI ROAD, PAUNDAMANGALAM, PARAMATHI VELUR (TK) NAMAKKAL (Dt)",637208
10541,NAMAKKAL,Kollihills,DHARMAVIDYALAYA MATRI HIGH SCHOOL KOLLIHILLS,"16/117, POONTHOTTAM, MELKALINGAM POST",637411
10542,NAMAKKAL,Kollihills,GHS NATHUKULIPATTY,"GHS NATHUKULIPATTY, NATHUKULIPATTY, GUNDURNADU, KOLLIHILLS-637411",637411
10543,NAMAKKAL,Kollihills,GHS SELURNADU,Pallakkuzhiselurnadu,637411
10544,NAMAKKAL,Kollihills,"GHS, SEPPANKULAMPATTI","GHS SEPPANGULAMPATTI, ADUKKAM(PO) , SELURNADU, KOLLIHILLS, NAMAKKAL",637411
10545,NAMAKKAL,Kollihills,GHSS ARIYURPUDUVALAVU,"ARIYUR PUDUVALAVU ,ARIYUR NADU .KOLLI HILLS- 637411",637411
10546,NAMAKKAL,Kollihills,"GOVERNMENT HIGH SCHOOL, ALATHURNADU","PERIYAMANGALAM, ALATHURNADU, KOLLIHILLS PIN- 637415",637415
10547,NAMAKKAL,Kollihills,"GOVT.EKLAVYA MODEL RESIDENTIAL HR.SEC.SCHOOL, SENKARAI","GOVT.EKLAVYA MODEL RESIDENTIAL HR SEC SCHOOL, EDAPULINADU,SENGARAI, KOLLIHILLS,NAMAKKAL",637411
10548,NAMAKKAL,Kollihills,GTR HSS SENGARAI,"GTR HSS SENGARAI, POWERKADU POST, EDAPPULINADU, KOLLIHILLS PIN 637415",637415
10549,NAMAKKAL,Kollihills,GTR HSS VALAVANTHINADU,"GTR HSS VALAVANTHINADU,SEMMEDU POST, KOLLI HILLS, NAMAKKAL",637411
10550,NAMAKKAL,Kollihills,"HILLDALE MATRICULATION HIGHER
SECONDARY SCHOOL, VASALURPATTI,KOLLIMALAI,NAMAKKAL DT -",vasalurpatti kollihills,637411
10551,NAMAKKAL,Kollihills,KGBV ARIYUR KILAKKUVALAVU,"KGBV ARIYURKIZHAKKUVALAVU, ARIYURNADUKILLAKKUVAVUPATTI,KOLLIHILLS",634711
10552,NAMAKKAL,Kollihills,KGBV NATHUKULIPATTI,"Nathukulipatty,Gundurnadu,Kollihills,Namakkal",637411
10553,NAMAKKAL,Kollihills,KGBV SELURNADU,"PALLAKULIPATTY,SELURNADUKOLLIHILLS",637411
10554,NAMAKKAL,Kollihills,"MODEL SCHOOL, KOLLIHILLS","GOVT. MODEL SCHOOL, THINDUPPATTI, SEMMEDU, KOLLIHILLS.",637411
10555,NAMAKKAL,Kollihills,PUMS ARIYUR KIZHAKKU VALAVU,Ariyur Kizhakku ValavuKollihills,637411
10556,NAMAKKAL,Kollihills,PUMS ARIYUR SOLAKADU,"PUMS Ariyursolakkadu, kollihills",637415
10557,NAMAKKAL,Kollihills,PUMS ASAKKATTUPATTI,periya koviliur(po) kollihills,637411
10558,NAMAKKAL,Kollihills,PUMS BAILNADU,"Mekkinigadu(po),Bailnadu,Kollihills(TK),Namakkal(DT)",637408
10559,NAMAKKAL,Kollihills,PUMS KUNDUNINADU,"KUNDANI KASPA , KUNDANI NADUKOLLIHILLS TK, NAMAKKAL DT",637411
10560,NAMAKKAL,Kollihills,PUMS NADUVALAVU,"PUMS Naduvalavu, Thiruppulinadu, kuzhivalavu POST Naduvalavu, KOLLIHILLS.",637415
10561,NAMAKKAL,Kollihills,PUMS NARIYANKADU,"NARIYANKADU,CHITOORNADU, KOLLIHILLS-637415",637415
10562,NAMAKKAL,Kollihills,PUMS PERAKKARAINADU,"THOTTIKADU, PERAKKARAINADU PO,\KOLLIHILLS",637415
10563,NAMAKKAL,Kollihills,PUMS PERUMPARAPPUPATTI,"PERUMPARAPPUPATTI, VILARAM, KOLLIHILLS",637411
10564,NAMAKKAL,Kollihills,PUMS PUNGAMPATTI,"Pumschool, pungampatty, kollihills -637415",637411
10565,NAMAKKAL,Kollihills,PUMS THIRUPULINADU,"PUMS THIRUPULINADU OORPURAM, KOLLIHILLS",637415
10566,NAMAKKAL,Kollihills,PUMS VALAPPURNADU,"PUMS, VALAPPURNADUKOLLIHILLS, NAMAKKAL",637411
10567,NAMAKKAL,Kollihills,PUMS VASALURPATTI,"THINNANURNADU, VASALURPATTI(PO),
kolli hills,
TNIaRmUaCkkHaEl (NdG.t)ODE TO SALEM MAIN ROAD,",637411
10568,NAMAKKAL,Mallasamudram,"AKV MATRICULATION HIGHER SECONDARY SCHOOL , SURIYAGOUNDAMPALAYAM","SURIYAGOUNDAMPALAYAM BUS STOP,MALLASAMUDRAM,NAMAKKAL.",637503
10569,NAMAKKAL,Mallasamudram,"AKV PUBLIC SCHOOL, SENIOR SECONDARY - CBSE, SURIYAGOUNDAMPALAYAM","Suriyagoundampalayam, Mallasamudram Melmugam, Mallasamudram Po,Tiruchengode Tk, Namakkal Dt.",637503
10570,NAMAKKAL,Mallasamudram,GHS  SAPPAYAPURAM,"GHS SAPPAYAPURAM,TIRUCHENGODE(TK),NAMAKKAL(DT)",637505
10571,NAMAKKAL,Mallasamudram,"GOVERNMENT HIGH SCHOOL,KOTTAPALAYAM","GOVT HIGH SCHOOL KOTTAPALAYAM,TIRUCHENGODE (TK) NAMAKKAL(DT)",637503
10572,NAMAKKAL,Mallasamudram,GOVERNMENT HR SEC SCHOOL RAMAPURAM,"GHSS,RAMAPURAM, TIRUCHENGODE,NAMAKKAL",637202
10573,NAMAKKAL,Mallasamudram,GOVERNMENT HR SEC SCHOOL VAIYAPPAMALAI,"vaiyappamalai,vaiyappamalai,namakkal.",637410
10574,NAMAKKAL,Mallasamudram,GOVT BOYS HR SEC SCHOOL MALLASAMUTHRAM,"Govt Boys Hr.sec
school,Mallasamuthram,Mallasamuthram,Tiruchengode(TK),Nam
aVkAkIaYl(ADPTP).AMALAI MAIN ROAD, MALLASAMUDRAM,",637503
10575,NAMAKKAL,Mallasamudram,GOVT GIRLS HR SEC SCHOOL MALLASAMUDRAM,"MALLASAMUDRAM PO, TIRUCHENGODE TK, NAMAKKAL DT, PIN-637503",637503
10576,NAMAKKAL,Mallasamudram,"MAHENDRA INTERNATIONAL SCHOOL, KALIPATTI","MAHENDRA INTERNATIONAL SCHOOL,KALIPATTI,TIRUCHENGODE,NAMAKKAL.",637501
10577,NAMAKKAL,Mallasamudram,"MAHENDRA MATRICULATION HIGHER SECONDARY SCHOOL,KALIPATTI","SALEM-TIRUCHENGODE ROAD
KALIPATTI TIRUCHENGODE TK",637501
10578,NAMAKKAL,Mallasamudram,"MODEL SCHOOL, RAMAPURAM","MODEL SCHOOL,RAMAPURAM,MALLASAMUDRAM- BLOCKTIRUCHENGODE-TK,NAMAKKAL-DT",637202
10579,NAMAKKAL,Mallasamudram,PUMS   MAMUNDI,"Mamundi (Post) Mallasamudram (Via),Tiruchengode (TK)
,Namakkal (DT).",637503
10580,NAMAKKAL,Mallasamudram,PUMS EAST MUNJANUR,"East Munjanur, Munjanur (P.O),Gurusamipalayam via, Tiruchengode (t.k),Namakkal(d.t)",637403
10581,NAMAKKAL,Mallasamudram,PUMS KALIPATTI,"P.U.M.School Kalipatti ,Kalipatti(PO),Mallasamudram , Namakkal (DT).",637501
10582,NAMAKKAL,Mallasamudram,PUMS KURUKKALAMPALAYAM,"KURUKKALAMPALAYAM, KALIPATTY (PO),TIRUCHENGODE (TK), NAMAKKAL (DT).",637501
10583,NAMAKKAL,Mallasamudram,PUMS PALLAKKULI AGRAHARAM,"SENBAGAMADEVI POST,ATTAIYAMPATTY VIA,MALLASAMUDRAM,NAMAKKAL.",637501
10584,NAMAKKAL,Mallasamudram,PUMS PARUTHIPALLI,"PUMS PARUTHIPALLI, MALLASAMUDRAM BLOCK.",637503
10585,NAMAKKAL,Mallasamudram,PUMS THUTHIPALAYAM,"THUTHIPALAYAM (Post) ,TIRUCHENGODE TK., NAMAKKAL DT",637503
10586,NAMAKKAL,Mallasamudram,SHRI VINAYAGA HR SEC SCHOOL PILLANATHAM,"PILLANATHAM PO , KUMARAMANGALAM VIA,TIRUCHENGODE TK , NAMAKKAL DT",637205
10587,NAMAKKAL,Mallasamudram,"SRI VINAYAGA INTERNATIONAL SCHOOL, VAIYAPPAMALAI","SRI VINAYAGA INTERNATIONAL
SCHOOL,MALLASAMUDRAM MAIN ROAD,VAIYAPPAMALAI PO,TIRUCHENGODE",637410
10588,NAMAKKAL,Mallasamudram,"SRI VINAYAGA MATRIC HIGHER SECONDARY SCHOOL,VAIYAPPAMALAI","Vaiyappamalai,Maraparai,Mallasamudram,Namakkal.",637410
10589,NAMAKKAL,Mallasamudram,"VIDYAA VIKAS MATRICULATION HIGHER SECONDARY SCHOOL, KOOTHANATHAM","VIDYAA VIKAS MATRIC HR.SEC.SCHOOL,
MOREPALAYAM, THUTHIPALAYAM PO, KOOTHANATHAM VILL, TIRUCHENGODE TK,",637503
10590,NAMAKKAL,Mohanur,APS RCMS PETTAPALAYAM,ST CECILY RC MIDDLE SCHOOL PETTAPALAYAM,637015
10591,NAMAKKAL,Mohanur,GHS ANDAPURAM,ANDAPURAMAMAKKAL,637020
10592,NAMAKKAL,Mohanur,GHS ORUVANDURPUDHUR,"GHS ORUVANDUR PUDUR,ORUVANDUR POST, MOHANUR(TK),NAMAKKAL(DT)",637015
10593,NAMAKKAL,Mohanur,GHSS  N.PUDUPATTI,"Trichy Main Road, N.Pudupatti, Namakkal",637020
10594,NAMAKKAL,Mohanur,GHSS ANIYAPURAM,ANIYAPURAMNAMAKKAL,637017
10595,NAMAKKAL,Mohanur,GHSS PALAPATTI,"Mainroad ,Palapatti, Palapatti PO, Mohanur TK,Namakkal DT.",637017
10596,NAMAKKAL,Mohanur,GHSS VALAYAPATTI,GHSS VALAYAPATTIVALAYAPATTI,637020
10597,NAMAKKAL,Mohanur,GOVT  BOYS HSS MOHANUR,"VALAYAPATTI ROAD, MOHANUR POST AND TK, NAMAKKAL DT",637015
10598,NAMAKKAL,Mohanur,"GOVT HIGH SCHOOL, S.VAZHAVANTHI",vazhavanthi mohanur tk  Namakkal  DT,63017
10599,NAMAKKAL,Mohanur,GOVT MODEL GIRLS HSS MOHANUR -MODEL,"GGHSS,MOHANURRASIPALAYAM PANCHAYAT",637015
10600,NAMAKKAL,Mohanur,"KAAVERI VIDDHYA BHAVAN MATRIC HR.SEC.SCHOOL, OLAPALAYAM","KVB MATRIC HSS- OLAPPALAYAMMOHANUR(TK),NAMAKKAL(DT)",638182
10601,NAMAKKAL,Mohanur,"KALAIMAGAL MATRIC HR SEC SCHOOL
,MOHANUR ,NAMAKKAL","MOHANUR POST AND TK, NAMAKKAL DT",637015
10602,NAMAKKAL,Mohanur,KKMS NANSEI EDAIYAR(AIDED),Nanjai Edayar PostMohanur Taluk,638182
10603,NAMAKKAL,Mohanur,LITTLE ANGELS HIGHER SECONDARY SCHOOL,"ANIYAPURAM, ANIYAPURAM POST",637017
10604,NAMAKKAL,Mohanur,"LITTLE ANGELS MATRICULATION SCHOOL, ANIYAPURAM, NAMAKKAL.","LAMS, MOHANUR MAIN  ROAD,ANIYAPURAM, NAMAKKAL -637017",637017
10605,NAMAKKAL,Mohanur,"PARK VIEW ACADEMY, ANIYAPURAM","Mohanur Main Road, Aniyapuram, Namakkal, Tamilnadu",637017
10606,NAMAKKAL,Mohanur,PUMS ARUR,"ARUR(PO),VALAYAPATTI(VIA)",637020
10607,NAMAKKAL,Mohanur,PUMS LADDUVADI,LADDIVADI(PO)LADDIVADI,637002
10608,NAMAKKAL,Mohanur,PUMS MANAPPALLI,PUMS MANAPALLIMOHANUR,637017
10609,NAMAKKAL,Mohanur,PUMS NEIKARANPATTI,"ARIYUR PO, MOHANUR TK, NAMAKKAL DT",637015
10610,NAMAKKAL,Mohanur,PUMS PARALI,pums paraliMohanur,637020
10611,NAMAKKAL,Mohanur,PUMS RAMUDAIYANUR,PUMS RAMUDAIYANUR  .PUDUPATTI POST   MOHANUR T.K./ NAMAKKAL D.T. PIN;637020,637020
10612,NAMAKKAL,Mohanur,PUMS THOLUR,PUM SCHOOL THOLUR  THOLUR[PO]  MOHANUR [TK] NAMAKKAL[DT],637017
10613,NAMAKKAL,Mohanur,PUMS UNJAPALAYAM,PUMS UNJAPALAYAM UNJAPALAYAM POST,638182
10614,NAMAKKAL,Mohanur,PUMS UNJAPALAYAM,PUMS UNJAPALAYAM UNJAPALAYAM POST,
10615,NAMAKKAL,Mohanur,PUMS VALLIYAPPAMPATTIPUDUR,P.U.M.School.ValliyappampattipudurK.Pudupalayam,637017
10616,NAMAKKAL,Mohanur,"RASI MATRICULATION  SCHOOL, MOHANUR",1/93 NAMAKKAL ROADMOHANUR,637015
10617,NAMAKKAL,Mohanur,"SAROJINI VIDHYALAYA MATRIC HR SEC SCHOOL, KUMARIPALAYAM","SANKARAMPALAYAM ROAD,KUMARIPALAYAM POST, MOHANUR TK, NAMAKKAL DT",637015
10618,NAMAKKAL,Mohanur,"SHINEHILL ACADEMY MATRIC HIGHER
SECONDARY SCHOOL,VALAYAPATTI (PO), NAMAKKAL DT -637020","SHINEHILL ACADEMY MATRIC. HR. SEC. SCHOOL,
KATTUPUTHUR MAIN ROAD, VALAYAPATTI POST, NAMAKKAL DISTRICT.SHINEHILL ACADEMY MATRIC.",637020
10619,NAMAKKAL,Mohanur,SHRI SENTHUR INTERNATIONAL SCHOOL (CBSE) MOHANUR,shri senthur international schoolAruvangatuputhur,637017
10620,NAMAKKAL,Mohanur,"THE MODERN ACADEMY MATRIC HIGHER
SECONDARY SCHOOL,N.PUDUPATTI, TRICHY ROAD, NAMAKKAL -637020","N. PUDUPATTI, TRICHY ROAD, NAMAKKAL",637020
10621,NAMAKKAL,Mohanur,THE SCSM MATRICULATION HIGHER SECONDARY SCHOOL. MOHANUR,The SCSM Matriculation Higher secondary school.Pettapalayam Mohanur -pin 637015,637015
10622,NAMAKKAL,Mohanur,"VETRI VIDYALAYA MATRICULATION SCHOOL, ALAMPATTY",KATTUPUTHUR MAIN ROAD\ALAMPATTY,637020
10623,NAMAKKAL,Namagiripet,GBHSS NAMAGIRIPETTAI,"ATTUR MAIN ROAD, NAMAGIRIPET, RASIPURAM(TK)",637406
10624,NAMAKKAL,Namagiripet,GGHSS NAMAGIRIPETTAI,"GGHSS NAMAGIRIPETTAI, ATHUR MAIN ROAD, NAMAGIRIPETTAI",637406
10625,NAMAKKAL,Namagiripet,GHS AYILPATTI,AYILPATTIRASIPURAM,633202
10626,NAMAKKAL,Namagiripet,GHS R PUDUPATTI,"GHS R.PUDUPATTI, RASIPURAM TK",637
10627,NAMAKKAL,Namagiripet,GHS SINGILIYANCOMBAI,"G.H.S,SINGILIANKOMBAI PO,RASIPURAM TK, NAMAKKAL DT-636202\MANGALAPURAM {Via}",636202
10628,NAMAKKAL,Namagiripet,GHS THANNEERPANDALKADU,"GHS THANEERPANTHALKADU, MOOLAPALLIPATTY(PO), NAMAKKAL(DT)",637
10629,NAMAKKAL,Namagiripet,GHSS MANGALAPURAM,"Attur Main road.,Mangalapuram, Rasipuram TK , NAMAKKAL DT .",636202
10630,NAMAKKAL,Namagiripet,GHSS THIMMANNAICKENPATTI,ATTUR MAIN ROAD THIMMANAICKENPATTY,636202
10631,NAMAKKAL,Namagiripet,GHSS THO JEDARPALAYAM,"THO.JEDARPALAYAM\RASIPURAM(TK),NAMAKKAL (D.T).PIN:637406",637406
10632,NAMAKKAL,Namagiripet,GHSS UDAIYARPALAYAM,"KARKOODALPATTI(PO), RASIPURAM(TK)AMAKKAL(DT)",636202
10633,NAMAKKAL,Namagiripet,GREEN WORLD EXCEL SCHOOL MOOLAPALLIPATTI,"GREEN WORLD EXCEL SCHOOL,ATTUR MAIN
ROAD,MOOLAPALLIPATTY,NAMAGIRIPET(PO),NKL
DTrasipuram tk",637406
10634,NAMAKKAL,Namagiripet,GTR (G) HSS MULLUKKURICHI,MULLUKKURICHI RASIPURAM TK NAMAKKAL DT,636142
10635,NAMAKKAL,Namagiripet,GTR BOYS HR SEC SCHOOL  MULLUKKURCHI,"GTR Boys Hr.Sec School,Mullukurichi ( PO),Rasipuram ( TK
),Namakkal ( DT )",636142
10636,NAMAKKAL,Namagiripet,"KALAIMAGAL MATRICULATION HIGHER SECONDARY SCHOOL, NAMAGIRIPETTAI","ATTUR MAIN ROAD, SEERAPALLINAMAGIRIPET",637406
10637,NAMAKKAL,Namagiripet,KPM HI TECH MATRICULATION HIGHER SECONDARY SCHOOL,"Navalpatti Kattur Po, Mangalapuram via, Rasipuram Tk, Namakkal Dt.",636202
10638,NAMAKKAL,Namagiripet,PUMS ARIYAGOUNDAMPATTI,PADAYATCHI STREETARIYAGOUNDAMPATTI,637406
10639,NAMAKKAL,Namagiripet,PUMS CHINNA VARAGURCOMBAI,"UNANTHANGAL PO ,RASIPURAM TK , NAMAKKAL DT",636142
10640,NAMAKKAL,Namagiripet,PUMS ESWARAMURTHIPALAYAM,"ATTUR MAIN ROAD, ESWARAMURTHIPALAYAM PO , RASIPURAM TK , NAMAKKAL DT",636202
10641,NAMAKKAL,Namagiripet,PUMS KARIYAMPATTI,"Kariyampatty,unanthangal.po, ,Namagiripet block,Rasipuram t.k,namakkal d.t",636142
10642,NAMAKKAL,Namagiripet,PUMS KONGALAMMAN KOIL,"KONGALAMMANKOVIL,ARIYAGOUNDAMPATTY(P.O),R ASIPURAM T.K",637406
10643,NAMAKKAL,Namagiripet,PUMS MOOLAPALLIPATTI,"MOOLAPALLIPATTI(PO), RASIPURAM(TK)",637406
10644,NAMAKKAL,Namagiripet,PUMS NAMAGIRIPETTAI-I,SENIAR STREETRASIPURAM(TK),637406
10645,NAMAKKAL,Namagiripet,PUMS NARAIKINARU,"P.U.M.SCHOOL,
NARAIKINARU, NAMAGIRIPET UNION,",636118
10646,NAMAKKAL,Namagiripet,PUMS NARAIKINARUPIRIVU,kamaraj nagar poRASIPURAM TK,636202
10647,NAMAKKAL,Namagiripet,PUMS ODUVANKURICHI,"PUMS ODUVANKURICHINAMAGIRIPETTAI VIA, RASIPURAM TK, NAMAKKAL DT",637406
10648,NAMAKKAL,Namagiripet,PUMS ONPATHAMPALIKADU,ONPATHAMPALIKADU KARKOODALPATTI  PO,636202
10649,NAMAKKAL,Namagiripet,PUMS PERIYACOMBAI,PERIYAKOMBAI\PERAPPANSOLAI,636113
10650,NAMAKKAL,Namagiripet,PUMS SEERAPPALLI,"PUMS SEERAPPALLI,NEW KASPA STREET,SEERAPALLI P.O, N.PET UNION,RASIPURAM T.K",637406
10651,NAMAKKAL,Namagiripet,PUMS THANDAGOUNDAMPALAYAM,THANDAGOUNDANPALAYAM MANGALAPURAM VIA,636202
10652,NAMAKKAL,Namagiripet,PUMS URAMBU,"PUMS URAMBU, THANDAGOUNDANPALAYAM
PO,RASIPURAM TK, NAMAKKAL DT.",636202
10653,NAMAKKAL,Namagiripet,PUMS VELAMPALAYAM,"PUMS VELAMPALAYAM,THOPPAPATTI P.O,RASIPURAM T.K,NAMAKKAL D.T",637406
10654,NAMAKKAL,Namagiripet,PUMS VELLAKKALPATTI,NAMAGIRIPETTAI( po)RASIPURAM TK,637406
10655,NAMAKKAL,Namagiripet,"SARASWATHI MATRICULATION HIGHER SECONDARY SCHOOL, AYILPATTY","AYILPATTY PO,RASIPURAM TK NAMAKKALDT PIN:636202",636202
10656,NAMAKKAL,Namagiripet,"SRI RAM VINAYAKA SCHOOL, PILLIPPAKKUTTAI","PILLIPPAKKUTTAI\KAMARAJ NAGAR -POST, RASIPURAM -Tk",636202
10657,NAMAKKAL,Namagiripet,"SRI SWAMY MATRICULATION HIGHER SECONDARY SCHOOL, SAMBAPALIPUDUR","SAMBAPALIPUDUR, KAMARAJ NAGAR PORASIPURAM TK, NAMAKKAL DT",636202
10658,NAMAKKAL,Namagiripet,SRI VANI MATRICULATION HIGHER SECONDARY SCHOOL THOPPAPPATTY,THOPPAPPATTY\RASIPURAM,637406
