S NO,DISTRICT,BLOCK NAME,SCHOOL NAME,SCHOOL ADDRESS,PINCODE
21284,TIRUVANNAM,Peranamallur,GHS NAMATHODU,TAVANI ROADVANDAVASI TALUK,632313
21285,TIRUVANNAM,Peranamallur,GHS VALLAM,govthighschoolvallamvallam,604505
21286,TIRUVANNAM,Peranamallur,GHS VAYALUR,ROAD STREET\VAYALUR,604501
21287,TIRUVANNA MALAI,Peranamallur,GHS VAYALUR,ROAD STREET VAYALUR,
21288,TIRUVANNAM,Peranamallur,GHSS MADAM,SCHOOL  STREET\CHETPET TALUK,604502
21289,TIRUVANNAM,Peranamallur,GHSS NEDUNGUNAM,"CHETPET - VANDAVASI MAIN ROADNEDUNGUNAM, CHETPET TALUK",606807
21290,TIRUVANNAM,Peranamallur,GHSS(BOYS) KOLAPPALUR,BAZAR STREET\KOLAPPALUR,632313
21291,TIRUVANNAM,Peranamallur,GHSS(BOYS) PERNAMALLUR,DHARMARAJA KOIL STREET\PERANAMALLUR,604503
21292,TIRUVANNAM,Peranamallur,GHSS(GIRLS) PERNAMALLUR,Dharamajaj kovil streetPeranamallur,604503
21293,TIRUVANNAM,Peranamallur,GHSS(GIRLS)-KOLLAPPALUR,Chitherivinayagar koil st Kolappalur,632313
21294,TIRUVANNAM,Peranamallur,PUMS ANAIBOGI,"PADASALAI STREET,ANAIBOGI,VALLAM POST
VANDAVASI TALUK, THIRUVANNAMALAI
RDOISATDRISCTT., ATANMATILHNIMADAUN.G60A4L5A05M, SEMMAMBADI POST,",604504
21295,TIRUVANNAM,Peranamallur,PUMS ANATHIMANGALAM,"CHETPET T.K.,TIRUVANNAMALAI DT ROAD ST., ANATHIMANGALAM, SEMMAMBADI POST, CHETPET",632311
21296,TIRUVANNAM,Peranamallur,PUMS ANMARUDAI,"PANCHAYAT UNION MIDDLE SCHOOL, ANMARUTHAI,VANDAVASI T.K",604504
21297,TIRUVANNAM,Peranamallur,PUMS ARASAMPATTU,Arasampattu & PostVia Nedungunam,606807
21298,TIRUVANNAM,Peranamallur,PUMS BAGAVANTHAPURAM,pillaiyar koil street bagavandhapuram village ragunathasamuthram post vandavasi t.k.,604503
21299,TIRUVANNAM,Peranamallur,PUMS KADAPPANDAL,"kadappandal village,kozappalur postchetpet taluk,thiruvannamalai dist",632313
21300,TIRUVANNAM,Peranamallur,PUMS KONAMANGALAM,PUMS KONAMANGALAMSEMMAMBADI POST CHETPET,632313
21301,TIRUVANNAM,Peranamallur,PUMS KOZHIPULIYUR,SCHOOL STREETMELACHERY POST,604502
21302,TIRUVANNAM,Peranamallur,PUMS -MELNANDIYAMBADI,PUMS MELNANDHIYAMBADIVEPPAMPATTU POST,606807
21303,TIRUVANNAM,Peranamallur,PUMS MELSATHAMANGALAM,"ROAD ST
MELSATHAMANGALAMARAYANAMANGALAM POST CHETPET  TALUK  THIRUVANNAMALAI DISTRICT",632313
21304,TIRUVANNAM,Peranamallur,PUMS NAMBEDU,"Panchayat Union Middle School, School Street,ambedu Village & Post, vandavasi taluk.",604505
21305,TIRUVANNAM,Peranamallur,PUMS SEMMAMBADI,"SEMMAMBADI POST\CHETPET TK, TIRUVANNAMALAI DT",632313
21306,TIRUVANNAM,Peranamallur,PUMS SEPTANGULAM,pums septangulam\vandavasi taluk,604503
21307,TIRUVANNAM,Peranamallur,PUMS THAVANI,"195MUTHUMARIYAMMAN KOIL STREET,RAGHUNATHASMUTHIRAM POST,THAVANI",604503
21308,TIRUVANNAM,Peranamallur,PUMS VILANALLUR,vilanallur village melnemili post  vandavasi taluk,604505
21309,TIRUVANNAM,Peranamallur,PUMS VINAYAGAPURAM,BRAMINAR STREETVINAYAGAPURAM,604504
21310,TIRUVANNAM,Peranamallur,RCM MIDDLE SCHOOL MOSAVADI,road street pernamallur block vandavasi t.k.,604503
21311,TIRUVANNAM,Peranamallur,SIDDHARTHA MATRIC HIGHER SECONDARY SCHOOL,"ARNI ROAD , PERANAMALLUR VANDAVASI (TK) THIRUVANNAMALAI(DIST)604503ARNI ROAD",604503
21312,TIRUVANNAM,Peranamallur,ST.PAULS MATRIC HIGHER SECONDARY SCHOOL - VAYALUR,VAYALUR VILLAGE\CHETPET TK,604501
21313,TIRUVANNAM,Peranamallur,SURAJ MATRICULATION HR SEC SCHOOL MELATHANGAL,CHETPET TO VANDAVASI MAIN ROADMELATHANGAL VILLAGE POST CHETPET TALUK,606807
21314,TIRUVANNAM,Peranamallur,SWAMY VIVEKANANDA MATRICULATION SCHOOL,"SWAMI VIVEKANANDA MATRICULATION
SCHOOL\ARANI MAIN ROAD,THENALAPIRANTHAN, AYALAVADI",604505
21315,TIRUVANNAM,Polur,ADWHS KALIYAM,Dr.AMBEDKAR STATUE NEARKALIYAM,606803
21316,TIRUVANNAM,Polur,ADWMS KELUR,ADWMS KELURPOLUR TALUK,606907
21317,TIRUVANNAM,Polur,AKSHAYA VIDHYA. MANDHIR MATRIC HIGHER SECONDARY SCHOOL VASUR,"C.C. ROAD, VASURPOLUR TALUK,THIRUVANNAMALAI DISTRICT",606803
21318,TIRUVANNAM,Polur,"ASIAN MATRICULATION SCHOOL, SENGUNAM","C.C ROAD, CHERAN NAGAR,SENGUNAM",606803
21319,TIRUVANNAM,Polur,AUXILIUM MATRIC,VENMANIPOLUR,606803
21320,TIRUVANNAM,Polur,DMMS POLUR,MALICK SAHIB STREETPOLUR,606803
21321,TIRUVANNAM,Polur,DON BOSCO HSS POLUR,"CHETPET ROAD, POLUR",606803
21322,TIRUVANNAM,Polur,ELANGO HS-KESAVAPURAM,Kesavapuram VillageKesavapuram Post Polur Tk,606905
21323,TIRUVANNAM,Polur,GHS KALASAMUDRAM,ROAD STREET GHS KALASAMUDRAM,632311
21324,TIRUVANNAM,Polur,GHS KANGEYANOOR,"PILLAIYAR KOIL STREET, KANGEYANOOR VILLAGE, TIRUVANNAMALAI DISTRICT",606803
21325,TIRUVANNAM,Polur,GHS KASTHAMBADI,"CHAVADI STREET,KASTHAMBADI",606903
21326,TIRUVANNAM,Polur,GHS PADIYAMBATTU,"ROAD STREET, PADIYAMPATTU, POLUR TK, TIRUVANNAMALAI DISTRICT. 606803",606803
21327,TIRUVANNAM,Polur,GHS PERIYAGARAM,PERIYAGARAM VILLAGE POLUR T.KTHIRUVANNAMALAI DIST,606803
21328,TIRUVANNAM,Polur,GHS PERUMALPETTAI,PERUMALPETTAI VILLAGE\ RAMANATHAPURAM POST POLUR TK,606905
21329,TIRUVANNAM,Polur,GHS POTHARAI,GHSPOTHARAI,606803
21330,TIRUVANNAM,Polur,GHS RAMANATHAPURAM,"RAMANATHAPURAM  ,POLUR T.K.         T.V.M-DT  606905.",606905
21331,TIRUVANNAM,Polur,GHS THURINJIKUPPAM,"Near omsakthi kovil, Athuvambadi post, Polur TK,Tiruvannamalai DT",606907
21332,TIRUVANNAM,Polur,GHS VELLUR II,GHS VELLUR 606905GHS VELLUR,606905
21333,TIRUVANNAM,Polur,GHS(GIRLS)-KELUR,"veera koil street,kelur",606907
21334,TIRUVANNAM,Polur,GHSS (BOYS) POLUR,"GANDHI ROAD , POLUR 606803",606803
21335,TIRUVANNAM,Polur,GHSS (GIRLS) KALAMBUR,DHARMARAJA KOIL BACK SIDEKALAMBUR,606903
21336,TIRUVANNAM,Polur,GHSS (GIRLS) POLUR,CC ROADPOLUR,606803
21337,TIRUVANNAM,Polur,GHSS ANANTHAPURAM,GHSS - ANANTHAPURAM POLUR(TK)THIRUVANNAMALAI(DT) ONNUPURAM (VIA),632315
21338,TIRUVANNAM,Polur,GHSS ATHIMOOR,ACHARI STREET TINDIVANAM VILLAGEATHIMOOR,606803
21339,TIRUVANNAM,Polur,GHSS KELUR,VEERAKKOIL STREETKELUR,606907
21340,TIRUVANNAM,Polur,GHSS KUPPAM,MAIN ROADKUPPA,632311
21341,TIRUVANNAM,Polur,GHSS MAMBATTU,"SUNAI STREET, MAMBATTU VILLAGE AND POST, POLUR TALUK,THIRUVANNAMALAI DISTRICT",606803
21342,TIRUVANNAM,Polur,GHSS RENUKONDAPURAM,RENUKONDAPURAMA.K.PADAVEDU,606905
21343,TIRUVANNAM,Polur,GHSS SANTHAVASAL,"GHSS SANTHAVASAL,PLOUR TK,THIRUVANNMALAI DIST PIN 606905  - 33060907501",606905
21344,TIRUVANNAM,Polur,GHSS SENGUNAM,SCHOOL STREET\SENGUNAM,606803
21345,TIRUVANNAM,Polur,OXFORD MATRIC HR. SEC. SCHOOL VENMANI,ROAD STREETVENMANI VILLAGE,606803
21346,TIRUVANNAM,Polur,"PINKZ PUBLIC SCHOOL, KASTHAMBADI","621,Arni  - Polur Main Road Kasthambadi Polur Tk",606903
21347,TIRUVANNAM,Polur,PUMS ALLINAGAR,"ZUBEDHAR STREET, ALLINAGAR, POLUR",606803
21348,TIRUVANNAM,Polur,PUMS ATHUVAMBADI,Road streetear Sivan Temple,606907
21349,TIRUVANNAM,Polur,PUMS CHINNAPUSHPAGIRI,School StreetChinnapushpagiri,606905
21350,TIRUVANNAM,Polur,PUMS EDAPIRAI,"School Street, Edapirai VillageTirusur Post",606803
21351,TIRUVANNAM,Polur,PUMS EZUVAMBADI,PUMS EZHUVAMBADI\POLUR TALUK,606803
21352,TIRUVANNAM,Polur,PUMS GANESAPURAM,GANESAPURAM VILLAGETHUMBAIKKADU POST,606803
21353,TIRUVANNAM,Polur,PUMS KALVASAL,"PUMS KALVASAL,POLUR TK ,T.V.MALAI DT.",606903
21354,TIRUVANNAM,Polur,PUMS KANNIGAPURAM,pums kannigapurampillaiyar kovil street,606903
21355,TIRUVANNAM,Polur,PUMS KATTIPOONDI,SCHOOL STREETKATTIPOONDI,606907
21356,TIRUVANNAM,Polur,PUMS KURUVIMALAI,Mattupatti streetKuruvimalai,606751
21357,TIRUVANNAM,Polur,PUMS MUKKURUMBAI,BAJANAI KOIL STREET\MUKKURUMBAI VILLAGE & POST,606903
21358,TIRUVANNAM,Polur,PUMS NARANAMANGALAM,ROAD  STREETNARANAMANGALAM,606905
21359,TIRUVANNAM,Polur,PUMS PADAVEDU,"Padavedu A,K,Padavedu postPolur Tk Tiruvannamalai DT",606905
21360,TIRUVANNAM,Polur,PUMS R.KUNNATHUR,"NAINAR STREET, R . KUNNATHUR VILLAGE & POST, POLUR TK.",606803
21361,TIRUVANNAM,Polur,PUMS VASUR,ROAD STREET VASURROAD STREET VASUR,606803
21362,TIRUVANNAM,Polur,PUMS VETTAGIRIPALAYAM,KOTTAI MALAI ROADVETTAGIRIPALAYAM,606905
21363,TIRUVANNAM,Polur,S C GOVT BOYS HR.SEC. SCHOOL KALAMBUR,RAILWAY STATION ROADKALAMBUR,606903
21364,TIRUVANNAM,Polur,SREE YOGARAMS MATRICULATION SCHOOL,"KATTU ROAD, JADAGONDAPURAM,PADAVEDU VIL, POLUR TK",606905
21365,TIRUVANNAM,Polur,SRI RAGAVENDIRA MATRIC HR. SEC. KASTHAMBADI,KILPATTU ROAD KASTHAMBADI VILLAGE POST POLUR TK TVM DISTRICT 606 903 - 33060903403kizhpattu road,606903
21366,TIRUVANNAM,Polur,SRI RAMAJAYAM GLOBAL (CBSE)-POLUR,"Near TNHB, Polur",606803
21367,TIRUVANNAM,Polur,SRI RAMAJAYAM MATRIC POLUR,"NO 466 CC ROAD, NEAR TNHB,KUNNATHUR, POLUR",606803
21368,TIRUVANNAM,Polur,TOWN MATRIC HSS POLUR,"TOWN METRIC HIG.SCHOOLCC ROAD,POLUR",606803
21369,TIRUVANNAM,Polur,VANMUKIL MATRICULATION SCHOOL,"VANMUKIL MATRICULATION SCHOOL MURUGABADI
VILLAGE &POST,POLUR TALUK ,THIRUVANNAMALAI DISTRICT 606803",606803
21370,TIRUVANNAM,Pudupalayam,GGMHSS PUDUPALAYAM,CHENGAM MAIN ROAD\PUDUPALAYAM,606705
21371,TIRUVANNAM,Pudupalayam,GHS AMARNATHAPUDUR,Che.Nachipattu  poChengam,606709
21372,TIRUVANNAM,Pudupalayam,GHS C.GENGAMPATTU,MAIN ROADC.GENGAMPATTU,606702
21373,TIRUVANNAM,Pudupalayam,GHS KOTTAKULAM,kottakulamkariyamangalam,606709
21374,TIRUVANNAM,Pudupalayam,GHS MELAPUNJAI,VASUDEVANPATTU POSTCHENGAM T.K.,606704
21375,TIRUVANNAM,Pudupalayam,GHS MELNACHIPATTU,pudupalayam blocktiruvannamalai dt,606704
21376,TIRUVANNAM,Pudupalayam,GHS MELPADUR,"GHS MELPADURMELPADUR VILLAGE & POST,CHENGAM TK, TIRUVANNMALAI DT",606702
21377,TIRUVANNAM,Pudupalayam,GHS MUTHANUR,MELMUDIYANUR (PO)CHENGAM (TK),606704
21378,TIRUVANNAM,Pudupalayam,GHS PERIYAKULAM,"PERIYAKULAM VILLAGE, MELPADUR POST-606702",606702
21379,TIRUVANNAM,Pudupalayam,GHS PUDUR CHENGAM,UNNAMALAIPALAYAM ROADPUDURCHENGAM,606705
21380,TIRUVANNAM,Pudupalayam,GHS THORAPADI,"INDIRA NAGAR,THORAPADI VILLAGE & POSTCHENGAM TALUK,TIRUVANNAMALAI DISTRICT,TAMILNADU",606704
21381,TIRUVANNAM,Pudupalayam,GHS VASUDEVANPATTU,"MAIN ROAD VASUDEVANPATTU
CHENGAM TALUK TIRUVANNAMALAI PIN- 606704",606704
21382,TIRUVANNAM,Pudupalayam,GHS VOIVIDANTHANGAL,"VOIVIDANTHANGAL, MELPADUR(POST)",606702
21383,TIRUVANNAM,Pudupalayam,GHSS AMMAPALAYAM,Ammapalayam.ghss ammapalayam.,606704
21384,TIRUVANNAM,Pudupalayam,GHSS ERAIYUR,"MAIN ROAD, ERAIYUR VILLAGE AND POST, CHENGAM TALUK, TIRUVANNAMALAI DIST PIN: 606704",606704
21385,TIRUVANNAM,Pudupalayam,GHSS KANJI,KANJIKANJI,606702
21386,TIRUVANNAM,Pudupalayam,GHSS KARAPATTU,AAMIYANDAL ROADKARAPATTU,606705
21387,TIRUVANNAM,Pudupalayam,GHSS- MASHAR,"GHS, MASHAR, CHENGAM TALUK, TIRUVANNAMALAI ,
606702 - 33061502701mashar,villege",606702
21388,TIRUVANNAM,Pudupalayam,GHSS PANAIOLAIPADI,GOVT HR SEC SCHOOLPANAIOLAIPADI,606705
21389,TIRUVANNAM,Pudupalayam,GHSS(BOYS)-PUDUPALAYAM,"MAIN ROAD,,PUDUPALAYAM",606705
21390,TIRUVANNAM,Pudupalayam,GHSS(GIRLS) KANJI,KanjiChengam Tk,606702
21391,TIRUVANNAM,Pudupalayam,PUMS ADIVARAM,"ADIVARAM VILLAGE\KILKUPPAM POST, CHENGAM TALUK",606705
21392,TIRUVANNAM,Pudupalayam,PUMS DEVANANDAL,"PANCHAYAT UNION MIDDLE SCHOOL.
DEVANANDAL.PUDUPALAYAM UNION , TIRUVANNAMALAI DT.",606705
21393,TIRUVANNAM,Pudupalayam,PUMS JAPTHIKARIYANDAL,Road streetJapthikariyandhal village & post,606702
21394,TIRUVANNAM,Pudupalayam,PUMS KALLARAPADI,PANCHAYAT UNION MIDDLE SCHOOLKALLARAIPADI,606702
21395,TIRUVANNAM,Pudupalayam,PUMS MUNNURMANGALAM,"NO 134, NEW STREETMUNNURMANGALAM VILLAGE & POST",606705
21396,TIRUVANNAM,Pudupalayam,PUMS NAGAPADI,NAGAPADINAGAPADI,606705
21397,TIRUVANNAM,Pudupalayam,PUMS NANDHIMANGALAM,"pillaiyar koil st,nandhimangalamchangam",606705
21398,TIRUVANNAM,Pudupalayam,PUMS NARASINGANALLUR,PANCHAYAT UNION MIDDLE SCHOOLNARASINGANALLUR,606704
21399,TIRUVANNAM,Pudupalayam,PUMS ORAVANDAVADI,PALLIKOODA STREET ORAVANDAVADI - ALATHUR POST -CHENGAM TKTIRUVANNAMALAI DT,606702
21400,TIRUVANNAM,Pudupalayam,PUMS PADIAGRAHARAM,"PANCHAYAT UNION MIDDLE SCHOOL, PADIAGRAHARAM.",606705
21401,TIRUVANNAM,Pudupalayam,PUMS THAMARAIPAKKAM,"pillaiyarkoil street,Thamaraipakkam.",606702
21402,TIRUVANNAM,Pudupalayam,PUMS VADAMATHUR,VADAMATHURVADAMATHUR POST,606702
21403,TIRUVANNAM,Pudupalayam,PUMS VEERANANDAL,REDDIYAR STREET\VEERANANDAL,606705
21404,TIRUVANNAM,Pudupalayam,PUMS-PERIYERI,"P U M School, PeriyeriPachal post 606704",606704
21405,TIRUVANNAM,Pudupalayam,SRI SARADHA MATRIC SCHOOL -PUDUPALAYAM,"NO. 23, POLUR MAIN ROAD PUDUR CHENGAM VILL,
PUDUPALAYAM POST, CHENGAM-TK, 606705,
STRIRI USVARAANSNWAMATAHLIAVI-IDDTH.YALAYA MATRIC. HR. SEC.",606705
21406,TIRUVANNAM,Pudupalayam,SRI SARASWATHI VIDHYALAYA MATRICULATION HR SEC SCHOOL,"SCHOOL, ALATHUR VILLAGE & POST, CHENGAM TK, TIRUVANNAMALAI DIST - 606702",606702
21407,TIRUVANNAM,Pudupalayam,ST JOSEPHS HS C.NAMMIANDAL,Chengam taluk.Tiruvannamalai -Dt,606702
21408,TIRUVANNAM,Pudupalayam,ST. ANTONY'S MATRICULATION SCHOOL KANJI,"St. Antony's Matriculation school, Kanji Village & Post, Chengam (Tk), Tiruvannamalai - 606 702.",606702
21409,TIRUVANNAM,Pudupalayam,ST. ARULANANDAR MATRIC SCHOOL PUDUPALAYAM,"SUBRAMANIYAR KOIL
STREETPUDUPALAYAM,CHENGAM T.k TIRUVANNAMALAI Dt",606705
21410,TIRUVANNAM,Thandrampet,ANNAI VELANKANNI MATRIC MALLIKAPURAM,MallikapuramSathanur Dam Post,606706
21411,TIRUVANNAM,Thandrampet,BHARATH VIDHYA MANDIR MATRIC HR SEC SCHOOL THANDRAMPET,"Thanipai main road,kil ravanthavadiThandarampet",606707
21412,TIRUVANNAM,Thandrampet,CARMEL HSS ELAYANKANNI,"CARMEL NAGAR, ELEANGANNY",606753
21413,TIRUVANNAM,Thandrampet,CHRIST JOTHI MATRIC HSS THANIPADI,"SELAM MAIN ROAD\SE.ANDAPATTU VILLAGE, THANIPADI",606708
21414,TIRUVANNAM,Thandrampet,GBHSS- THANIPADI,"GOVERNMENT BOYS HIGHER SECONDARY SCHOOL,
THANIPADI, THANDRAMPET TALUK, TIRUVANNAMALAI DISTRICT 606708 - 33061708104Salem",606708
21415,TIRUVANNAM,Thandrampet,GGHSS THANIPADI,THANIPADI TIRUVANNAMALAI,606708
21416,TIRUVANNAM,Thandrampet,GHS (GIRLS) SATHANUR,"GGHS SATHANUR , SATHANUR",606709
21417,TIRUVANNAM,Thandrampet,GHS (GIRLS) VANAPURAM,GGHS -VANAPURAM,606753
21418,TIRUVANNAM,Thandrampet,GHS BEEMARAPATTI,Ghs beemarapattiTHANDRAMPET taluk,606708
21419,TIRUVANNAM,Thandrampet,GHS EDAKKAL,"EDAKKAL VILLAGE, PERUNDURAIPPATTU POST, THANDARAMPET TALUK, THIRUVANNAMALAI DIST",606753
21420,TIRUVANNAM,Thandrampet,GHS EDATHANUR,MAIN ROADMANTHOPPU,606707
21421,TIRUVANNAM,Thandrampet,GHS KAMBATTU,"MAIN ROAD ,  KAMBATTU",606753
21422,TIRUVANNAM,Thandrampet,GHS KEERANUR,KEERANUR \ CHINIYAMPETTAI POST,606708
21423,TIRUVANNAM,Thandrampet,GHS KILSIRUPAKKAM,GOVT. HIGH SCHOOLKILSIRUPAKKAM,606707
21424,TIRUVANNAM,Thandrampet,GHS MALAMANJANUR PUDUR,"MALAMANJANURPUDUR
THANIPADI POST THANDRAMPET TALUK",606708
21425,TIRUVANNAM,Thandrampet,GHS MELMUTHANUR,Mothakkal  POSTThandrampet tk,606708
21426,TIRUVANNAM,Thandrampet,GHS NARAYANAKUPPAM,MAIN ROADNARAYANAKUPPAM,606708
21427,TIRUVANNAM,Thandrampet,GHS S.GUDALUR,MAIN ROAD\SAMATHUVAPURAM,606753
21428,TIRUVANNAM,Thandrampet,GHS SADHAKUPPAM,school streetsadakuppam,606753
21429,TIRUVANNAM,Thandrampet,GHS THARADAPET,RICEMILL STREETSUGARMILL MAIN ROAD,606707
21430,TIRUVANNAM,Thandrampet,GHS THENKARIMBALUR,"SCHOOL STREET,THENKARIMBALUR,THANDRAMPET TK,PIN 606753 - 33061708202THENKARUMBALUR",600000
21431,TIRUVANNAM,Thandrampet,GHSS - VANAPURAM,MAIN ROADVANAPURAM,606753
21432,TIRUVANNAM,Thandrampet,GHSS (BOYS) THANDARAMPET,THANIPADI MAIN ROAD\THANDRAMPET,606707
21433,TIRUVANNAM,Thandrampet,GHSS (GIRLS) THANDRAMPET,"SANDHAI METTU STGGHSS, THANDRAMPET",606707
21434,TIRUVANNAM,Thandrampet,GHSS C.REDDIYAPALAYAM,KAMARAJ NAGARSALEM MAIN ROAD,606708
21435,TIRUVANNAM,Thandrampet,GHSS MOTHAKKAL,"SALEM MAIN ROAD ,
MOTHAKKAL VILLAGE POST TIRUVANNAMALAI",606708
21436,TIRUVANNAM,Thandrampet,GHSS PERUNGULATHUR,"HOSPITAL ROAD, PERUNGULATHUR",606708
21437,TIRUVANNAM,Thandrampet,GHSS RAYANDAPURAM,Main Street\thanipadi road,606707
21438,TIRUVANNAM,Thandrampet,GHSS SATHANUR,Ghss sathanurDAM ROAD,606706
21439,TIRUVANNAM,Thandrampet,GHS-THENMUDIYANUR,GHSTHENMUDIYANUR,606707
21440,TIRUVANNAM,Thandrampet,GOOD SHEPHERD HIGHER SECONDARY SCHOOL GURUKILAMOOR,"Gurukilamoor Village\Beemarapatti Post Thanipadi via, Thiruvannamalai Dist-606708",606708
21441,TIRUVANNAM,Thandrampet,KAMALAMMAL MATRIC S THANIPADI,GANDHI NAGAR THANIPADI,606708
21442,TIRUVANNAM,Thandrampet,KGBVRS PERUNGULATHUR,"HOSPITAL ROAD, PERUNGULATHUR",606708
21443,TIRUVANNAM,Thandrampet,LOURDU MATHA MATRIC HR SEC SCHOOL THANDRAMPET,"2613, Tiruvannamalai Main RoadThandrampet",606707
21444,TIRUVANNAM,Thandrampet,PUMS AGARAM PALLIPET,Mariyamman Kovil streetMain road,606753
21445,TIRUVANNAM,Thandrampet,PUMS BONDHAI,BONDAI MAIN ROAD  NARAYANKUPPAM POST THANIPADI VIABONDAI,606708
21446,TIRUVANNAM,Thandrampet,PUMS CHINNIYAMPETTAI,PILLAYAR KOVIL STREET CHINNIYAMPETTAI,606708
21447,TIRUVANNAM,Thandrampet,PUMS DESURPALAYAM,PUMSDESURPALAYAM,606707
21448,TIRUVANNAM,Thandrampet,PUMS DEVARADIYARKUPPAM,DEVARADIYARKUPPAMDEVARADIYARKUPPAM,606708
21449,TIRUVANNAM,Thandrampet,PUMS KILVANAKKAMBADI,PUMS KILVANAKKAMPADI\THANDARAMPET TK,606707
21450,TIRUVANNAM,Thandrampet,PUMS KOTTAIYUR,KOTTAIYUR VILLAGETHENKARUMBALUR POST,606753
21451,TIRUVANNA MALAI,Thandrampet,PUMS KOTTAIYUR,KOTTAIYUR VILLAGE THENKARUMBALUR POST,
21452,TIRUVANNAM,Thandrampet,PUMS KUBERAPATTINAM,SALEM MAIN ROADSALEM MAIN ROAD,606708
21453,TIRUVANNAM,Thandrampet,PUMS MALAYANUR CHEKKADI,KOOTTAR POSTTHANDARAMPET TALUK,606708
21454,TIRUVANNAM,Thandrampet,PUMS MELKARIPUR,KOLUNDAMPET POSTTHANDARAMPET TALUCK,606706
21455,TIRUVANNAM,Thandrampet,PUMS MELPACHAR,melpacharmothakkal po,606708
21456,TIRUVANNAM,Thandrampet,PUMS MELTHIRUVADATHANUR,MAIN ROADMELTHIRUVADATHANUR,606708
21457,TIRUVANNAM,Thandrampet,PUMS -NAVAKOLLAI,"PANCHAYAT UNION MIDDLE SCHOOL, NAVAKKOLLAI",606708
21458,TIRUVANNAM,Thandrampet,PUMS NEDUGAVADI,"pums, nedungavadi(vill),tharadapet(po),Thandarampet(TK), Tiruvannamalai(DT).",606707
21459,TIRUVANNAM,Thandrampet,PUMS PERAYAMPATTU,pums. perayampet\vanapuram via thandarampet block,606753
21460,TIRUVANNAM,Thandrampet,PUMS PUTHUR CHEKKADI,PUMS PUTHURCHEKKADIPUTHURCHEKKADI,606708
21461,TIRUVANNAM,Thandrampet,PUMS RADHAPURAM,"PANCHAYAT UNION MIDDLE SCHOOL,RADHAPURAM",606707
21462,TIRUVANNAM,Thandrampet,PUMS SERPPAPATTU,panchayat union middle schoolserppapattu,606753
21463,TIRUVANNAM,Thandrampet,PUMS T.VELUR,PUMS  T.VELUR,606708
21464,TIRUVANNAM,Thandrampet,PUMS- THONDAMANUR,"THONDAMANUR, THANDARAMPET TK",606708
21465,TIRUVANNAM,Thandrampet,PUMS VARAGUR,"PANJAYATH UNION MIDDLE SCHOOL,VARAGURVARAGUR",606753
21466,TIRUVANNAM,Thandrampet,PUMS VAZHAVACHANUR,"PANCHAYAT UNION MIDDLE SCHOOL, VAZHAVACHANUR",606753
21467,TIRUVANNAM,Thandrampet,PUMS VEERANAM,MAIN ROADSATHANUR POST,606607
21468,TIRUVANNAM,Thandrampet,PUMS VEPPUR CHEKKADI,main road streetveppurchekkadi,606706
21469,TIRUVANNAM,Thandrampet,PUMS VIJAYAPPANUR,VIJAYAPPANURTHANDARAMPET TK,606708
21470,TIRUVANNAM,Thandrampet,PUMS(MUSLIM) THIRUVADATHANUR,MAIN ROADTHIRUVADATHANUR,606708
21471,TIRUVANNAM,Thandrampet,RCM MS S.ANDAPATTU,SE.ANDAPATTUTHANIPPADI,606708
21472,TIRUVANNAM,Thandrampet,RCM MS UDAYARKUPPAM,UDAYARKUPPAMANTHONIYAR NAGER,606708
21473,TIRUVANNAM,Thandrampet,SKV MATRICULATION  HR SEC SCHOOL- KOLUNDAMPET,"306, SATHANUR MAIN ROAD,
KOLUNDAMPETTHANDARAMPET TK, TIRUVANNAMALAI DT",606706
21474,TIRUVANNAM,Thandrampet,SRI JAYAM MATRIC.HR.SEC  SCHOOL,HARUR MAIN ROADTHANDRAMPATTU,606707
21475,TIRUVANNAM,Thandrampet,THE GREEN MOUNT INTERNATIONAL SCHOOL RADHAPURAM,"RADHAPURAM, THANDRAMPET TK, TIRUVANNAMALAI DT",606707
21476,TIRUVANNAM,Thandrampet,VETRI VIKAAS MATRICULATION SCHOOL- VAZHAVACHANUR,"K.UNNAMALAIPALAYAM, VAZHAVACHANUR THANDARAMPET TK",606753
21477,TIRUVANNAM,Thellar,ARAVIND INTERNATIONAL MATRICULATION SCHOOL - THELLAR,"Tindivanam Main  road, Thellar, Vandavasi TK, TV malai Dt 604406",604406
21478,TIRUVANNAM,Thellar,GGHS C.M.PUDUR,"C M PUDUR, (VIA)  DESUR",604501
21479,TIRUVANNAM,Thellar,GGHS THELLAR,BAZAR STREET\THELLAR,604406
21480,TIRUVANNAM,Thellar,GHS KADAMBAI,padasalai street \kadambai,604502
21481,TIRUVANNAM,Thellar,GHS KILPUTHUR,GHS KILPUTHURGHS KILPUTHUR,604501
21482,TIRUVANNAM,Thellar,GHS KODIYALAM,"PILLAIYAR KOVIL  STREET,KODIYALAM,THELLAR BLOCK.\VANDAVASI TALUK,TVM DT.",604406
21483,TIRUVANNAM,Thellar,GHS KONDAIYANKUPPAM,"GHS KONDAIYANKUPPAMMAVALAVADI POST,",604406
21484,TIRUVANNAM,Thellar,GHS KORAKKOTTAI,ROAD STREET\ KILNAMANDI POST,604501
21485,TIRUVANNAM,Thellar,GHS MELPATHI,"SCHOOL ROAD,
MELPATHI, VANDAVASI T.K.",604505
21486,TIRUVANNAM,Thellar,GHS NADUKUPPAM,"GHS NADUKUPPAM, JAPTHIKARANI PO, THELLAR VIA",604401
21487,TIRUVANNAM,Thellar,GHS NERKUNAM,"PADASALAI STREET, NERKUNAM VILLAGE & POST 604 406",604406
21488,TIRUVANNAM,Thellar,GHS VAYALAMOOR,"padasalai street,vayalamoor",604406
21489,TIRUVANNAM,Thellar,GHS VEDAL,INDIRA NAGAR\VEDAL,604501
21490,TIRUVANNAM,Thellar,GHSS KUNNAGAMPOONDI,"ROAD STREET, KUNNAGAMPOONDI",604501
21491,TIRUVANNAM,Thellar,GHSS MAZHAIYUR,KOTHANDAPURAMMAZHAIYUR 604502,604502
21492,TIRUVANNAM,Thellar,GHSS NALLUR,"GHSS NALLUR, VANDAVASI TKTIRUVANNAMALAI DT",604406
21493,TIRUVANNAM,Thellar,GHSS PONNUR,GHSS PONNUR,604408
21494,TIRUVANNAM,Thellar,GHSS THEYYAR,THEYYAR,604406
21495,TIRUVANNAM,Thellar,GHSS(BOYS) DESUR,"THELLAR MAZHAIYUR ROAD,DESUR VILL AND POST, VANDAVASI TK, THIRUVANNAMALAI DIST",604501
21496,TIRUVANNAM,Thellar,GHSS(BOYS)-THELLAR,Vandavasi to Tindivanam Roadear BDO Office,604406
21497,TIRUVANNAM,Thellar,GHSS(GIRLS) DESUR,T.M.ROADDESUR,604501
21498,TIRUVANNAM,Thellar,"OXFORD HIGHER SECONDARY SCHOOL, THELLAR",School laneArni,632301
21499,TIRUVANNAM,Thellar,PUMS  THELLAR ADK,THELLAR ADI DRAVIDAR KIDIYIRUPPU\THELLAR AND POST,604406
21500,TIRUVANNAM,Thellar,PUMS GENGAMPOONDI,MAGAMAI THIRUMANI POSTVANDAVASI TALUK,604501
21501,TIRUVANNAM,Thellar,PUMS JAPTHIKARANAI,"School Road, Japthikarani.\VIA  Ponnur Road",604406
21502,TIRUVANNAM,Thellar,PUMS KANDAVARATTI,kandavaratti & postvandavasi taluk,604502
21503,TIRUVANNAM,Thellar,PUMS KILNANDIYAMBADI,kilnanthiyambadiMelpathi post,604505
21504,TIRUVANNAM,Thellar,PUMS KILVELLIYUR,"PADASALAI STREET, KILVELLIYUR. 604408",604505
21505,TIRUVANNAM,Thellar,PUMS KILVILLIVALAM,ROAD STREETKILVILLIVALAM POST,604408
21506,TIRUVANNAM,Thellar,PUMS KOOTHAMBATTU,kandavarati post  vadavasi Taluk Thiruvannamalai District,604502
21507,TIRUVANNAM,Thellar,PUMS MANJAPATTU,pumsmanjapattudesur post,604501
21508,TIRUVANNAM,Thellar,PUMS MEESANALLUR,near panchayat office\ meesanallur,604406
21509,TIRUVANNAM,Thellar,PUMS PENNATTAGARAM,KOVIL STEETPENNATTAGARAM,604406
21510,TIRUVANNAM,Thellar,PUMS RAMASAMUDIRAM,PUMS RAMASAMUDIRAMRAMASAMUDIRAM,604406
21511,TIRUVANNAM,Thellar,PUMS S.KATTERI,"Panchayat Union Middle School, Padasalai Street,s.katteri",604406
21512,TIRUVANNAM,Thellar,PUMS SATHIYAVADI,"Padasalai Street,Sathiyavadi village.",604406
21513,TIRUVANNAM,Thellar,PUMS SENAL,GINGEE SALAISENAL,604406
21514,TIRUVANNAM,Thellar,PUMS THAKKANDARAYAPURAM,PUMS THAKKANDARAYAPURAMMelpathi post,604505
21515,TIRUVANNAM,Thellar,PUMS THENTHINNALUR,"PADASALAI STREET,
THENTHINNALURTHENTHINNALUR POST, VANDAVASI TALUK",604501
21516,TIRUVANNAM,Thellar,PUMS-CHETTIKULAM,PUMS-CHETTIKULAMTHELLAR BLOCK,604406
21517,TIRUVANNAM,Thellar,TTMMS DESUR,ponniyamman kovil street. DESUR,604501
21518,TIRUVANNAM,Thurinjapuram,ATR VIDHYASHRAM INTERNATIONAL MATRIC HIGHER SECONDARY SCHOOL,Avalurpet Main road\Kalasthambadi,606805
21519,TIRUVANNAM,Thurinjapuram,DMHS NOOKAMBADI,NOOKKAMPADINOOKKAMPADI POST,606752
21520,TIRUVANNAM,Thurinjapuram,GANDHI INTERNATIONAL MATRIC,"395,main rd,mangalam",606752
21521,TIRUVANNAM,Thurinjapuram,GHS ANANDAL,"Anandal, Kilpennathur taluk",606902
21522,TIRUVANNAM,Thurinjapuram,GHS ARPAKKAM,ARPAKKAM VILLAGEARPAKKAM VILLAGE,606752
21523,TIRUVANNAM,Thurinjapuram,GHS DURGAINAMMIYANDAL,MAIN ROADDURGAINAMMIYANDAL VILLAGE,606604
21524,TIRUVANNAM,Thurinjapuram,GHS ERUMPOONDI,Erumpoondierumpoondi,604601
21525,TIRUVANNAM,Thurinjapuram,GHS KATTUPUTHUR,Kattuputhur,606802
21526,TIRUVANNAM,Thurinjapuram,GHS MADHALAMBADI,MATHALAMPADI VILLAGE NOOKKAMPADI POST TIRUVANNAMALAI TK DT,606752
21527,TIRUVANNAM,Thurinjapuram,GHS MEPPATHURAI,MeppathuraiThennagaram post,606802
21528,TIRUVANNAM,Thurinjapuram,GHS SADAYANODAI,SadaiyanodaiThurinjapuram Road,606805
21529,TIRUVANNAM,Thurinjapuram,GHS VALLIVAGAI,main roadvallivagai village,606752
21530,TIRUVANNAM,Thurinjapuram,GHS VELUGANANDAL,GHS VELUGANANDALAIDUMANGALAM VIA,606805
21531,TIRUVANNAM,Thurinjapuram,GHSS (GIRLS) MALLAVADI,"SANDHAI MEDU , THURINJAPURAM MAIN ROADMALLAVADI",606805
21532,TIRUVANNAM,Thurinjapuram,GHSS INAMKARIYANDAL,GHSS INAMKARIYANDAL,606604
21533,TIRUVANNAM,Thurinjapuram,GHSS MALLAVADI,school st\mallavadi,606805
21534,TIRUVANNAM,Thurinjapuram,GHSS MANGALAM,main roadmangalam,606752
21535,TIRUVANNAM,Thurinjapuram,GHSS NARTHAMPOONDI,KANJI ROADNARTHAMPOONDI,606802
21536,TIRUVANNAM,Thurinjapuram,GHSS SORAKOLATHUR,kullathu streetkullathu st,606802
21537,TIRUVANNAM,Thurinjapuram,GHSS VEDANTHAVADI,"VEDANTHAVADIKILLPENNEATHUR TALUK
,THIRUVANNAMALAI DT",606752
21538,TIRUVANNAM,Thurinjapuram,K-ZONE SCHOOL,"Vellore road, Inam velakanandalvelakandhal",606604
21539,TIRUVANNAM,Thurinjapuram,MARY IMMACULATE HEART MATRIC HSS KARIYANDAL,"#213, CC Main Road\Kariyandal Village, Maruthuvambadi Post",606802
21540,TIRUVANNAM,Thurinjapuram,PUMS CHERIYANDAL,"AVALURPET ROAD, CHERIYANDAL 606604",606604
21541,TIRUVANNAM,Thurinjapuram,PUMS KALASTHAMBADI,kalasthambadi village and postkalasthambadi,606805
21542,TIRUVANNAM,Thurinjapuram,PUMS KAMALAPUTHUR,KAMALAPUTHUR         KARKONAM PO TIRUVANNAMALAI TK 606751,606751
21543,TIRUVANNAM,Thurinjapuram,PUMS KARUMARAPATTI,KOTHANTHAVADI POSTTHIRUVANNAMALAI DISTRICT,606752
21544,TIRUVANNAM,Thurinjapuram,PUMS M.PUDUR,main road stmangalampudur,606752
21545,TIRUVANNAM,Thurinjapuram,PUMS MARUTHUVAMBADI,PANCHAYAT UNION MIDDLE SCHOOL\ MARUTHUVAMBADI,606802
21546,TIRUVANNAM,Thurinjapuram,PUMS PALAYAMANNAI,"PUMS,PALAYAMANNAI,KOLAKKARAVADI POST THURINJAPURAM BLOCK,TIRUVANNAMALAI DT",606805
21547,TIRUVANNAM,Thurinjapuram,PUMS SANANANDAL,"SANANANDAL,KALASTHAMBADI POST, Tiruvannamalai District.",606805
21548,TIRUVANNAM,Thurinjapuram,PUMS SEELAPANDAL,"PUMS,SEELAPANDAL,KOLAKKARAVADI POTHURINJAPURAM BLOCK,TIRUVANNAMALAI DT",606805
21549,TIRUVANNAM,Thurinjapuram,PUMS THURINJAPURAM,THURINJAPURAM AND POST THIRUVANNAMALAI TALUK,606805
21550,TIRUVANNAM,Thurinjapuram,PUMS USAMBADI,PUMS USAMBADI\THURINJAPURAM pOST,606805
21551,TIRUVANNAM,Thurinjapuram,PUMS UTHIRAMPOONDI,uthirampoondiuthirampoondi,606802
21552,TIRUVANNAM,Thurinjapuram,PUMS V.NAMMIYANDAL,kanalapadi.post\tiruvannamalai.tk&dist,606711
21553,TIRUVANNAM,Thurinjapuram,PUMS VADA ANDAPATTU,P.U.M.SCHOOLVADA ANDAPATTU,606604
21554,TIRUVANNAM,Thurinjapuram,PUMS-PORKUNAM,"PORKUNAM PO & VILL
THIRUVANNAMALAI TK & DT 606802",606802
21555,TIRUVANNAM,Thurinjapuram,PUMS-POYYANANDAL,ARPAKKAM POSTTHIRUVANNAMALAI DISTRICT,606752
21556,TIRUVANNAM,Thurinjapuram,PVK MATRICULATION SCHOOL,"910,vellore main road,inamkariyandal, deepam nagar,tiruvannamalai",606604
21557,TIRUVANNAM,Thurinjapuram,RCM MIDDLE BOODHAMANGALAM,Avaloorpet Road Boodhamangalam,606902
21558,TIRUVANNAM,Thurinjapuram,SHISHYA MATIRC HSS MUNIYANDAL,INAMKARIYANDAL VILLAGE AND POSTVELLORE ROAD,606604
21559,TIRUVANNAM,Thurinjapuram,SISHYA VIDYALAYA,,
21560,TIRUVANNAM,Thurinjapuram,SNS MATRIC HIGHER SECONDARY SCHOOL,"Kunnumurinji Village,
Kiliyapattu Post, Tiruvannamalai - 606 604.",606604
21561,TIRUVANNAM,Thurinjapuram,SRGDS MATRIC HSS VADAANDAPATTU,"VADAANDAPATTU VILL, KILLYAPATTU POST, AVALURPET ROAD  TIRUVANNAMALAI",606604
21562,TIRUVANNAM,Thurinjapuram,"SRI SAI VIDYA  MANDIR MATRICULATION SCHOOL, MALLAVADI","School street,Mallavadi",606805
21563,TIRUVANNAM,Thurinjapuram,ST MARYS HS MARUTHUVAMBADI,MARUTHUVAMBADINAIDUMANGALAM VIA,606802
21564,TIRUVANNAM,Thurinjapuram,VIJAY VIDYA MANDIR CBSE SCHOOL,"MALLAVADI VILLAGE, TIRUVANNAMALAI TALUK,TIRUVANNAMALAI DT",606805
21565,TIRUVANNAM,Tiruvannamalai,"TVS ACADEMY MONTESSORI AND ENGLISH MEDIUM SCHOOL, ADAIYUR","Adaiyur,Tiruvannamalai",606604
21566,TIRUVANNAM,Tiruvannamalai,ADWHS AYYAMPALAYAM,AYYAMPALAYAMTIRUVANNAMALAI TK,606603
21567,TIRUVANNAM,Tiruvannamalai,ADWMS ADAIYUR,SCHOOL STREETADAIYUR,606604
21568,TIRUVANNAM,Tiruvannamalai,ADWMS PALAYANUR,palayanurpalayanur,606811
21569,TIRUVANNAM,Tiruvannamalai,ADWMS SU.VALAVETTI,Su.ValavettiTiruvannamalai,606806
21570,TIRUVANNAM,Tiruvannamalai,AKSARA VIDHYAMANDIR,"enthuveedu,Nallanpillaipetral vil & po,TIrucannamalai Dist",606701
21571,TIRUVANNAM,Tiruvannamalai,ALC HSS SARON,SARONTIRUVANNAMALAI,606601
21572,TIRUVANNAM,Tiruvannamalai,AMAZON INTERNATIONAL SCHOOL,AMAZON INTERNATIONAL SCHOOL MEYYUR,606
21573,TIRUVANNAM,Tiruvannamalai,AQSA PUBLIC SCHOOL,"Kurshith Garden, Meyyur Village, Tiruvannamalai",606753
21574,TIRUVANNAM,Tiruvannamalai,BHAGAVAN HR.SEC.SCHOOL - KILNATHUR,NEW BYPASS ROADKILNATHUR,606601
21575,TIRUVANNAM,Tiruvannamalai,"CARMEL MATRICULATION SCHOOL, TIRUVANNAMALAI","NO,10 A ANNA SALAI,TIRUVANNAMALAI.",606601
21576,Tiruvannamalai,Tiruvannamalai,Danish Mission Higher Secondary School,,
21577,TIRUVANNAM,Tiruvannamalai,DM HSS TIRUVANNAMALAI,"51-KATTABOMMAN STREEET TIRUVANNAMALAI-606
601",606601
21578,TIRUVANNAM,Tiruvannamalai,DR. VGN MATRIC HSS SAMUDRAM,"740,THANDRAMPET ROAD\SAMUDRAM",606603
21579,TIRUVANNAM,Tiruvannamalai,G T R HIGH SCHOOL  SU.KILNATCHIPATTU,SU KILNACHIPETTHENMATHUR POST,606603
21580,TIRUVANNAM,Tiruvannamalai,G.P. MATRICULATION SCHOOL,Chennaparai - Kolakudi Village & Post \Tiruvannamalai -Taluk,606808
21581,TIRUVANNAM,Tiruvannamalai,GANDHI NAGAR MATRIC HSS -SO.KILNACHIPET,10/1C THINDIVANAM NH ROAD\SO KILNACHIPET,606611
21582,TIRUVANNAM,Tiruvannamalai,GHS ADIANNAMALAI,"PALLATHU STREET,
ADIANNAMALAI, TIRUVANNAMALAI Dt.,",606604
21583,TIRUVANNAM,Tiruvannamalai,GHS ANAIPIRANDAN,PERUMBAKKAM ROADTIRUVANNAMALAI,606603
21584,TIRUVANNAM,Tiruvannamalai,GHS DEVANUR,Devanur&postThachampattu(via),606811
21585,TIRUVANNAM,Tiruvannamalai,GHS MEYYUR,"Main street, Meyyur village  & post",606753
21586,TIRUVANNA MALAI,Tiruvannamalai,GHS MEYYUR,GHS MEYYUR TVM,
21587,TIRUVANNAM,Tiruvannamalai,GHS NARAIYUR,SCHOOL STREET NARAIYUR,606754
21588,TIRUVANNAM,Tiruvannamalai,GHS PARAYAMPATTU,GHS-PARAYAMPATTUVANAPURAM ROAD,606808
21589,TIRUVANNAM,Tiruvannamalai,GHS PERUMANAM,DEVANUR MAIN ROAD   PERUMANAM,606806
21590,TIRUVANNAM,Tiruvannamalai,GHS THANDARAI,SANDHAI.THOPPU KULATHUMETTU COLONY.,606804
21591,TIRUVANNAM,Tiruvannamalai,GHS VEDIYAPPANUR,"School street,Vediyappanur",606604
21592,TIRUVANNAM,Tiruvannamalai,GHSS ANDAMPALLAM,DISTRICT EDUCATIONAL OFFICETIRUVANNAMALAI,606601
21593,TIRUVANNAM,Tiruvannamalai,GHSS KATTAMPOONDI,MANALURPET MAIN ROADKATTAMPOONDI,606808
21594,TIRUVANNAM,Tiruvannamalai,GHSS KOLAKKUDI,"GHSS-KOLAKKUDI THIRUVANNAMALAI Dt.,",606808
21595,TIRUVANNAM,Tiruvannamalai,GHSS NALLAVANPALAYAM,"GHSS,NALLAVANPALAYAMEB ROAD",606603
21596,TIRUVANNAM,Tiruvannamalai,GHSS PALAYANUR,NAVAMPATTU  ROAD PALAYANUR VILLAGE,606811
21597,TIRUVANNAM,Tiruvannamalai,GHSS SU.VALAVETTI,"GHSSMAIN ROAD , SU.VALAVETTI",606806
21598,TIRUVANNAM,Tiruvannamalai,GHSS THACHAMPATU,GOVERNMENT HIGHER SECONDARY SCHOOL THACHAMPATTUTIRUVANNAMALAI DISTRICT,606811
21599,TIRUVANNAM,Tiruvannamalai,GHS-THALAYAMPALLAM,"Nariyapattu Post,
Thalayampallam VIllage. PIn 606811",606811
21600,TIRUVANNAM,Tiruvannamalai,GOVERNMENT MODEL SCHOOL TIRUVANNAMALAI,,
21601,TIRUVANNAM,Tiruvannamalai,"Government Model School, Tiruvannamalai",,
21602,TIRUVANNAM,Tiruvannamalai,HEBRON MATRIC HIGHER SECONDARY SCHOOL - MANJAMPOONDI,"MANJAMPOONDI, KILSIRUPAKKAM.",606
21603,TIRUVANNAM,Tiruvannamalai,JEEVA VELU GIRLS MATRICLATION HR SEC SCHOOL THENMATHUR,VELU NAGARTHENMATHUR,606603
21604,TIRUVANNAM,Tiruvannamalai,JEEVA VELU INTERNATIONAL SCHOOL - THENMATHUR,"Cuddalore Road, Thenmathur, Tiruvannamalai",606601
21605,TIRUVANNAM,Tiruvannamalai,KENDRIYA VIDYALAYA GANDHI NAGAR,kananthampoondi Tiruvannamalai - 606603,606603
21606,TIRUVANNAM,Tiruvannamalai,KRISHNA VIDYA MANDIR MAT  HR SEC SCHOOL TIRUVANNAMALAI,Melathikkan Streetvettavalam road,606601
21607,TIRUVANNAM,Tiruvannamalai,KUMARAN HSS SO.KILNATCHIPET,"NEW BYPASS ROAD,SO. KILNACHIPATTU,",606611
21608,TIRUVANNAM,Tiruvannamalai,M A KADHAR SAIT TIRUVANNAMALAI,mugalpura streetTiruvannamalai,606601
21609,TIRUVANNAM,Tiruvannamalai,MAHARISHI VIDYA MANDIR,"NO : 58/3, 4 MELATHIKKAN VILLAGE, THENMATHUR POST, TIRUVANNAMALAI",606603
21610,TIRUVANNAM,Tiruvannamalai,MARY MEMORIAL MATRIC TIRUVANNAMALAI,NO 14 Mathalangula streetTIRUVANNAMALAI,606601
21611,TIRUVANNAM,Tiruvannamalai,MMS KANA NAGAR,MARIYAMMAN KOIL 3RD STREET TIRUVANNAMALAI,606601
21612,TIRUVANNAM,Tiruvannamalai,MMS THENIMALAI,THENIMALAI (THAMARAI NAGAR) TIRUVANNAMALAI,606601
21613,TIRUVANNAM,Tiruvannamalai,MMS TOWN HALL TIRUVANNAMALAI,CHINNA KADAI STREETTIRUVANNAMALAI,606601
21614,TIRUVANNAM,Tiruvannamalai,MOUNT SAINT JOSEPH MATRIC HSS TIRUVANNAMALAI,"27, AVALURPET ROAD, TIRUVANNAMALAI",606601
21615,TIRUVANNAM,Tiruvannamalai,MUNICIPAL  HSS (GIRLS) TIRUVANNAMALAI - MODEL,Car streetTiruvannamalai,606601
21616,TIRUVANNAM,Tiruvannamalai,MUNICIPAL  HSS TIRUVANNAMALAI,Tirukoilur road. Tiruvannmalai,606601
21617,TIRUVANNAM,Tiruvannamalai,MUNICIPAL HS (GIRLS) TIRUVANNAMALAI,"RAJA RAJAN STREET,TIRUVANNAMALAI",606601
21618,TIRUVANNAM,Tiruvannamalai,MUNICIPAL HS KILNATHUR,"No 3, Chellaneri streetThiruvannamalai",606601
21619,TIRUVANNAM,Tiruvannamalai,MY FIRST SCHOOL INTERNATIONAL,"KILKACHIRAPATTU VIL,NACHANTHAL ROAD,TIRUVANNAMALAI TK",606753
21620,TIRUVANNAM,Tiruvannamalai,PSA HSS (BOYS) PAVITHIRAM,SCHOOL STREET PAVITHRAM VILLAGE AND POST,606806
21621,TIRUVANNAM,Tiruvannamalai,PUMS ADAIYUR,"ADAIYUR VILLAGE, TIRUVANNAMALAI",606604
21622,TIRUVANNAM,Tiruvannamalai,PUMS ANANANDAL,"PUMS ANANANDAL,MADURAMPATTU POSTKILPENNATHUR   TALUK",606804
21623,TIRUVANNAM,Tiruvannamalai,PUMS ANDIYAPALAYAM,ANDIYAPALAYAM ANDAMPALLAM POST,606804
21624,TIRUVANNAM,Tiruvannamalai,PUMS ARADAPATTU,PUMS  ARADAPATTU POSTTIRUVANNAMALAI,606808
21625,TIRUVANNAM,Tiruvannamalai,PUMS AYYAMPALAYAM PUDUR,"PUMS,AYYAMPALAYAM PUDUR.",606603
21626,TIRUVANNAM,Tiruvannamalai,PUMS AZHAGANANDAL,AZHAGANANDAL VILLAGE KOLAKUDI POST TIRUVANNAMALAI,606601
21627,TIRUVANNAM,Tiruvannamalai,PUMS CHINNAKALLAPADI,"MAIN ROAD, THACHAMPATTU POSTCHINNAKALLAPADI",606811
21628,TIRUVANNAM,Tiruvannamalai,PUMS ERADI,"MAIN ROAD, ERADI,, PARAYAMPATTU (POST)",606808
21629,TIRUVANNAM,Tiruvannamalai,PUMS ISUKAZHIKATTERI,ISUKKAZHIKATTERI VILLAGE TIRUVANNAMALAI,606804
21630,TIRUVANNAM,Tiruvannamalai,PUMS KADAGAMAN,PUMS KADAGAMANKADAGAMAN VILLAGE& POST,606804
21631,TIRUVANNAM,Tiruvannamalai,PUMS KALLANAI,MAIN ROADKALLANAI,606755
21632,TIRUVANNAM,Tiruvannamalai,PUMS KALLERI,KALLERIVERAIYUR PO,606806
21633,TIRUVANNAM,Tiruvannamalai,PUMS KANDIYANKUPPAM,KANDIYANNKUPPAMTIRUVANNAMALAI TALUK,606811
21634,TIRUVANNAM,Tiruvannamalai,PUMS KOTANGAL,Adiannamalai postkottangal,606604
21635,TIRUVANNAM,Tiruvannamalai,PUMS MALAPPAMBADI,MALAPPAMBADI VILLAGE TIRUVANNAMALAI,606611
21636,TIRUVANNAM,Tiruvannamalai,PUMS MELATHIKKAN,FIRST STREET.\second lane,606806
21637,TIRUVANNAM,Tiruvannamalai,PUMS MELCHETTIPATTU,Melchettipattu villagekilsirupakkam post,606707
21638,TIRUVANNAM,Tiruvannamalai,PUMS MELKACHIRAPATTU,pums melkachirapattu\Meyyur post,606753
21639,TIRUVANNAM,Tiruvannamalai,PUMS NACHANANDAL,"PUMS NACHANANDAL,
vARAKUR   P.O., TIRUVANNAMALI Dt.,",606
21640,TIRUVANNAM,Tiruvannamalai,PUMS NALLAN PILLAI PETRAL,Pallikondapattu PostTiruvannamalai Taulk,606611
21641,TIRUVANNAM,Tiruvannamalai,PUMS NARIYAPPATTU,Vinayagar kovil streetNariyapattu,606811
21642,TIRUVANNAM,Tiruvannamalai,PUMS NAVAMPATTU,NAVAMPATTU VILLAGE TIRUVANNAMALAI,606811
21643,TIRUVANNAM,Tiruvannamalai,PUMS PANDITHAPATTU,pallikooda streetpums pandithapattu,606603
21644,TIRUVANNAM,Tiruvannamalai,PUMS PAVUPATTU,PUMS PAVUPPATTU \PARAYAMPATTU POST TIRUVANNAMALAI DISTRICT,606808
21645,TIRUVANNAM,Tiruvannamalai,PUMS SAMUKKUDAIYAMPATTU,pums samukudiyampattuAarudhrapattu post.,606806
21646,TIRUVANNAM,Tiruvannamalai,PUMS SATHIYA NAGAR,"PUMS SATHYA NAGAR, ANDAMPALLAM (POST)",606804
21647,TIRUVANNAM,Tiruvannamalai,PUMS SAVALPOONDI,pallikooda street\savalpoondi,606603
21648,TIRUVANNAM,Tiruvannamalai,PUMS SO. KILNACHIPATTU,THINDIVANAM MAIN ROADSO.KILNACHIPATTU,606611
21649,TIRUVANNAM,Tiruvannamalai,PUMS SU. ANDAPPATTU,pums. suandapattu pavithiram postTiruvannamalai district,606808
21650,TIRUVANNAM,Tiruvannamalai,PUMS SU. NALLUR,Su NallurThandarai Post,606804
21651,TIRUVANNAM,Tiruvannamalai,PUMS T. VALASAI,T.Valasai VillageAndampallam Post,606804
21652,TIRUVANNAM,Tiruvannamalai,PUMS THANDARAI COLONY,THANDARAI COLONYTHANDARAI,606804
21653,TIRUVANNAM,Tiruvannamalai,PUMS VELAYAMBAKKAM,VelayambakkamThachampattu (Via),606811
21654,TIRUVANNAM,Tiruvannamalai,PUMS VENGIKKAL,VENGIKKAL TIRUVANNAMALAI,606604
21655,TIRUVANNAM,Tiruvannamalai,PUMS VERAIYUR,VERAIYUR\TIRUVANNAMALAI,606806
21656,TIRUVANNAM,Tiruvannamalai,RAMANA MAHARISHI LOYOLA ACADEMY MATRICULATION HR.SEC.SCHOOL,"NH66, BENGALURU MAIN ROADAYYAMPALAYAM, TIRUVANNAMALAI",606603
21657,TIRUVANNAM,Tiruvannamalai,RANGAMMAL MEMORIAL HR.SEC.SCHOOL FOR THE HEARING IMPAIRED,sammanthanur villagesomasibadi post,606611
21658,TIRUVANNAM,Tiruvannamalai,RCM MS ALLIKONDAPATU,ALLIKONDAPATTU VILLAGE TIRUVANNAMALAI,606811
21659,TIRUVANNAM,Tiruvannamalai,RS INTERNATIONAL SCHOOL,"Block-33,
Chengam Road, Opp. to Ramanasramam, RS Nagar",606
21660,TIRUVANNAM,Tiruvannamalai,SARASWATHI KNOWLEDGE YUVAKENDRA MATRICULATION HR SEC SCHOOL,VETHATHRI GARDEN KALLAKURICHI MAIN ROAD\MEYYUR,606753
21661,TIRUVANNAM,Tiruvannamalai,SHAZAMMAL VIDHYA MANDHIR,"chengam road,iyyampalayam vil,Tiruvannamalai Tk & Dt",606603
21662,TIRUVANNAM,Tiruvannamalai,SI GHSS TIRUVANNAMALAI,CENTRAL LIBRARYCHENGAM ROAD,606601
21663,TIRUVANNAM,Tiruvannamalai,SIRUMALAR HS MATHURAMPATU,sirumalar high school\MADURAMPATTU,606804
21664,TIRUVANNAM,Tiruvannamalai,SKP VANITHA INTERNATIONAL SCHOOL,"Chinnakangiyanur VillageTiruvannamalai Taluk, Tiruvannamalai District",606611
21665,TIRUVANNAM,Tiruvannamalai,SKP VANITHA MATRICULATION HR SEC SCHOOL,CHINNAKANGIYANUR VILLAGETIRUVANNAMALAI TALUK,606611
21666,TIRUVANNAM,Tiruvannamalai,SMM MODEL HS KILANAIKARAI,"KILANAIKKARAI,
MANALURPET ROAD, THIRUVANNAMALAI",606
21667,TIRUVANNAM,Tiruvannamalai,SRI RAMAKRISHNA MAT HS TIRUVANNAMALAI,"Saradha Ganesan Nagar, Saron post\THIRUKOVILUR ROAD TIRUVANNAMALAI",606601
21668,TIRUVANNAM,Tiruvannamalai,SRI RAMANA MAHARSHI MATRIC  HR SEC SCHOOL KAVERIYAMPOONDI,"KAVERIYAMPOONDI, PANDITHAPATTU POST, TIRUVANNAMALAI DISTRICT",606603
21669,TIRUVANNAM,Tiruvannamalai,SRI RAMANA MATRIC HS VENGIKAL,Sri Ramana NagarVengikkal,606604
21670,TIRUVANNAM,Tiruvannamalai,SRI SARASWATHI VIKAS MATRIC HR SEC SCHOOL,"683/1 ,VETTAVALAM ROAD,TIRUVANNAMALAI",606601
21671,TIRUVANNAM,Tiruvannamalai,SRI VDS JAIN HSS TIRUVANNAMALAI,GANDHI NAGAR 9-TH STREETGANDHI NAGAR 9-TH STRE,606601
21672,TIRUVANNAM,Tiruvannamalai,SRI VIJAY VIDYALAYA MAT HR SEC SCHOOL,,
21673,TIRUVANNAM,Tiruvannamalai,SRI VIJAY VIDYASHRAM,,
21674,TIRUVANNAM,Tiruvannamalai,SS AIDED HS ADIANNAMALAI,"SS AIDED HIGH SCHOOL,
GOWTHAMA ASHRAM, GIRIVALAM ROAD,",606604
21675,TIRUVANNAM,Tiruvannamalai,ST ANTONY HS VIRUDUVILANGINAN,"virudhuvilanginan, Kadagaman POstThandarai Via, T.V.Malai TK",606804
21676,TIRUVANNAM,Tiruvannamalai,ST ANTONYS HSS (GIRLS) PAVITHIRAM,"FIRST STREET,
PAVITHRAM, TIRUVANNAMALAI DT-606806",606806
21677,TIRUVANNAM,Tiruvannamalai,ST XAVIERS HS KILNATHUR,KILNATHUR COLONYKILNATHUR,606602
21678,TIRUVANNAM,Tiruvannamalai,ST. ANTONY MATRIC PAVITHIRAM,"METTU
STREET,PAVITHRAM(POST),THIRUVANNAMALAI- dit,606806.",606806
21679,TIRUVANNAM,Tiruvannamalai,THE PATH GLOBAL PUBLIC SCHOOL MALAPPAMPADI,Malappambaditiruvannamalai,606611
21680,TIRUVANNAM,Tiruvannamalai,TKKMHS CHINNAKANGIANUR,PALLIKONDAPATTU POSTCHINNAKANGIANUR,606611
21681,TIRUVANNAM,Tiruvannamalai,TNAP GHSS TIRUVANNAMALAI,North subramaniyar koil stThiruvannamalai,606601
21682,TIRUVANNA MALAI,Tiruvannamalai,VELAMMAL VIDHYASHRAM,"velammal newgen Park, Vasu Nagar, Manjampoondi, thandrampet Road, Tiruvannamalai",
21683,TIRUVANNAM,Tiruvannamalai,VICTORIYA HINDU MS TIRUVANNAMALAI,133 CAR STREETTIRUVANNAMALAI,606601
21684,TIRUVANNAM,Tiruvannamalai,VIGNESH INTERNATIONAL SCHOOL,"Manalurpet Road,
Melputhiyandal,
TMiarunvaalunrnpaemt Raloaiad,",606
21685,TIRUVANNAM,Tiruvannamalai,VIGNESH MATRICULATION HR SEC SCHOOL,"Melputhiyandal, Tiruvannamalai",606
21686,TIRUVANNAM,Tiruvannamalai,VISION MATRICULATION HIGHER SECONDARY SCHOOL,"11/1, AASIRIYAR NAGAR , TIRUKOILUR ROAD
,TIRUVANNAMALAI",606601
21687,Tiruvannamalai,Tiruvannamalai,Vivekananda Nursery School,,
21688,TIRUVANNAM,Vandavasi,AGASTHIYA VIDHYALAYA MATRICULATION HIGHER SECONDARY SCHOOL VANDAVSI,"NO.19 B, SANNATHI STREET\VANDAVASI-604408",604408
21689,TIRUVANNA MALAI,Vandavasi,AGASTHIYA VIDYALAYA,"CHETPET ROAD, ARASOOR, VILLAGE, VANDAVASI TALUK, TIRUVANNAMALAI DISTRICT",
21690,TIRUVANNAM,Vandavasi,GHS AMUDUR,main road st amudurvandavasi tk,604405
21691,TIRUVANNAM,Vandavasi,GHS ATHIPAKKAM,Road streetATHIPAKKAM,604404
21692,TIRUVANNAM,Vandavasi,GHS BADHUR,BADHUR VILLAGE AND POST VANDAVASI TALUK,604403
21693,TIRUVANNAM,Vandavasi,GHS NELLIYANKULAM,MEETU STREETELLIYANKULAM VILLAGE,604405
21694,TIRUVANNAM,Vandavasi,GHS SALAVEDU,MELMARUVATHUR VANDAVASI ROADSALAVEDU,604403
21695,TIRUVANNAM,Vandavasi,GHS SALUKKAI,"GOVERNMENT HIGH SCHOOL,SALUKKAI, VANDAVASI TK",604408
21696,TIRUVANNAM,Vandavasi,GHS VELIYAMBAKKAM,Mariyamman kovil streetVeliyambakkam,604403
21697,TIRUVANNAM,Vandavasi,GHS(GIRLS) KILKODUNGALORE,kilkodungalore bus stopkilkodungalore,604407
21698,TIRUVANNAM,Vandavasi,GHS-ELANGADU,"ponnur road\elangadu,elangadu po , vandavasi tk ,tiruvannamalai , dt tamil nadu .604408",604408
21699,TIRUVANNAM,Vandavasi,GHSS IRUMBEDU,"GHSS IRUMBEDU VANDAVASI T.K 604403irumbedu, TIRUVANNAMALAI DT , TAMIL NADU. 604408",604403
21700,TIRUVANNAM,Vandavasi,GHSS KILKODUNGALORE,CHEYYARCHEYYAR,604403
21701,TIRUVANNAM,Vandavasi,GHSS KILKOVALAIVEDU,KILKOVALAIVEDUVANDAVASI TK,604404
21702,TIRUVANNAM,Vandavasi,GHSS MARUDADU,OSUR ROADMARUDADU,604405
21703,TIRUVANNAM,Vandavasi,GHSS(BOYS)-VANDAVASI,"ARNI ROAD,VANDAVASI (PO) AND TK , TIRUVANNAMALAI DT , TAMILNADU 604408.",604408
21704,TIRUVANNAM,Vandavasi,GHSS(GIRLS)-VANDAVASI,BAZZAR STREETVANDAVASI,604408
21705,TIRUVANNAM,Vandavasi,HASHINY INTERNATIONAL MATRIC HR SEC SCHOOL,chetpet roadvangaram,604408
21706,TIRUVANNAM,Vandavasi,JUBILEE GLOBAL MATRICULATION SCHOOL,"1/1A KANCHIPURAM MAIN ROADVENKUNDRAM, VANDAVASI",604408
21707,TIRUVANNAM,Vandavasi,KINGSTON MATRIC HSS,"NO.33,NEW
STREET,VANDAVASI,THIRUVANNAMALAI(D),NO.33,NE W ST, VANDAVASI,THIRUVANNAMALAI (D)",604408
21708,TIRUVANNAM,Vandavasi,PUMS - THENNANGUR,School streetThennangur,604408
21709,TIRUVANNAM,Vandavasi,PUMS AMMAYAPATTU,MAIN ROADAMMAYAPATTU,604408
21710,TIRUVANNAM,Vandavasi,PUMS ARASUR,"PANCHAYAT UNION MIDDLE SCHOOL ARASUR\ VANDAVASI BLOCK, TVM DIST",604408
21711,TIRUVANNAM,Vandavasi,PUMS ARIYATHUR,"pumsariyathur,vazhur po,vandavasi tk,tv malai dtno",604405
21712,TIRUVANNAM,Vandavasi,PUMS KILSEMBEDU,"Amudhur post ,Vandavasi TalukTiruvannamalai district",604405
21713,TIRUVANNAM,Vandavasi,PUMS KODANALLUR,SCHOOL STKODANALLUR,604405
21714,TIRUVANNAM,Vandavasi,PUMS KOTTAI,"main  road, kottai",604403
21715,TIRUVANNAM,Vandavasi,PUMS KOVALAI,MAIN ROADKOVALAI,604403
21716,TIRUVANNAM,Vandavasi,PUMS PUNNAI,ROAD STVANDAVASI TK,604405
21717,TIRUVANNAM,Vandavasi,PUMS SEMBUR,"PUMS,SEMBUR, VANDAVASI PO, T V MALAI DT TAMIL NADU 604408",604408
21718,TIRUVANNAM,Vandavasi,PUMS SENNAVARAM,"PUMS,SENNAVARAMVANDAVASI TALUK",604408
21719,TIRUVANNAM,Vandavasi,PUMS ULUNDAI,road streetulundai,604403
21720,TIRUVANNAM,Vandavasi,PUMS VAZHUR AGARAM,VAZHUR AGARAMVAZHUR AGARAM,604405
21721,TIRUVANNAM,Vandavasi,PUMS-KILPAKKAM,pillaiyar koil streetkilpakkam,604403
21722,TIRUVANNAM,Vandavasi,PUMS-KILSATHAMANGALAM,SMALL STREETVANDAVASI TALUK,604408
21723,TIRUVANNAM,Vandavasi,RCM HIGH SCHOOL,"Kanchipuram Road\vandavasi, tiruvannamalai dt, tamil nadu 604408.",604408
21724,TIRUVANNAM,Vandavasi,S.R.I INTERNATIONAL MATRIC HR SEC SCHOOL,321/15 melmaruvahur road birudhur-vandavas,604408
21725,TIRUVANNAM,Vandavasi,SACRED HEART HSS(G),KANCHIPURAM ROADVANDAVASI,604408
21726,TIRUVANNAM,Vandavasi,SANNATHI HSS VANDAVASI,"38-B , SANNATHI STREETVANDAVASI",604408
21727,TIRUVANNAM,Vandavasi,SENDHAMIZH MATRIC HSS,"Melmaruvathur Road,Mamandur Village,Vandavasi TK,Thiruvannamalai DT",604403
21728,TIRUVANNAM,Vandavasi,SRI BHARATHAMATHA MATRICULATION SCHOOL VANDAVASI,"19 A SANNATHI STREET,VANDAVASI",604408
21729,TIRUVANNAM,Vandavasi,SRI VENKATESWARA MATRIC HR SEC SCHOOL,"CHETPET ROAD, VANDAVASI",604408
21730,TIRUVANNAM,Vandavasi,SWAMY ABEDHANANDHA VIDHYASHRAM SCHOOL,"KADAISIKULAM ,VANDAVASI",604405
21731,TIRUVANNAM,Vandavasi,VIRUTCHAM VIDHYASHRAM INTERNATIONAL PUBLIC SCHOOL,,
21732,TIRUVANNAM,Vembakkam,ADWHS ARASANKUPPAM,"SELLIYAMMAN KOVIL STREET\ARASANKUPPAM,VEMBAKKAM T.K",604410
21733,TIRUVANNAM,Vembakkam,ADWMS VADAILLUPPAI,VADAILLUPPAI VILLAGEVADAILLUPPAI POST,632511
21734,TIRUVANNAM,Vembakkam,BON SECOURS SPECIAL SCHOOL FOR SPEECH & HEARING IMPAIRED,"Santhaimedu,New Jerusalem",632701
21735,TIRUVANNAM,Vembakkam,"Chitra Krishnasamy Vidyalaya CBSE,Vembakkam",VEMBAKKAM vembakkam,604410
21736,TIRUVANNAM,Vembakkam,GBHSS-VEMBAKKAM,GHSSMAIN ROAD -VEMBAKKAM,604410
21737,TIRUVANNAM,Vembakkam,GGHSS PERUNGATTUR,perungattur,604402
21738,TIRUVANNAM,Vembakkam,GHS BUDERI,"ROAD ST., BUDERI, 604 407, VEMBAKKAM TK.,",604407
21739,TIRUVANNAM,Vembakkam,GHS DUSI,MAIN ROAD DUSI,631702
21740,TIRUVANNAM,Vembakkam,GHS KUTHANUR,GHS KUTHANUR,604402
21741,TIRUVANNAM,Vembakkam,GHS MORANAM,GHS MORANAM VEMBAKKAM TALUK,604407
21742,TIRUVANNAM,Vembakkam,GHS NAMANDI,"GHS-NAMANDI.ROAD STREET, VEMBAKKAM TALUK,",604410
21743,TIRUVANNAM,Vembakkam,GHS NATTERI,"OTHAVADAI BRAMANAR STREET,NATTERI
VILLAGEVEMBAKKAM TAULK,TIRUVANNAMALAI DISTRICT",632511
21744,TIRUVANNAM,Vembakkam,GHS PALLAVARAM,GOVT.HIGH.SCHOOL\PALLAVARAM,631702
21745,TIRUVANNAM,Vembakkam,GHS SATTUVANTHANGAL,GHS SATTUVANTHANGAL\VEMBAKKAM BLOCK TIRUVANNAMALAI DISTRICT 632511,632511
21746,TIRUVANNAM,Vembakkam,GHS THENNAMPATTU,"GOVT HIGH SCHOOLROAD ST,THENNAMPATTU",632511
21747,TIRUVANNAM,Vembakkam,GHS VENGALATHUR,"ROAD STREET, VENGALATHUR",604410
21748,TIRUVANNAM,Vembakkam,GHSS AZHIVIDAITHANGI,"GHSS AZHIVIDAITHANGIVEMBAKKAM TALUK,TIRUVANNAMALAI DIST.",604402
21749,TIRUVANNAM,Vembakkam,GHSS BRAMMADESAM,EB STREET BRAMMADESAM,632511
21750,TIRUVANNAM,Vembakkam,GHSS CHITHATHUR,"SCHOOL STREET, CHITHATHUR, CHITHATHUR VILLAGE, VEMBAKKAM TK, TVMALAI DT",604410
21751,TIRUVANNAM,Vembakkam,GHSS MAMANDUR,GOVERNMENT HIGHER SECONDARY SCHOOL MAMANDUR\DUSI MAMANDUR,631702
21752,TIRUVANNAM,Vembakkam,GHSS MENALLUR,"GHSS-MENALLUR, MENALLUR POST\VEMBAKKAM TK, THIRUVANNAMALAI DT.",631702
21753,TIRUVANNAM,Vembakkam,GHSS PUNNAI PUDUPALAYAM,MISSION STREET\PUDUPALAYAM POST,631702
21754,TIRUVANNAM,Vembakkam,GHSS RANDAM,Gandhi streetcheyyar,604407
21755,TIRUVANNAM,Vembakkam,GHSS VADAILLUPPAI,ROAD ST VADAILLUPPAI,632511
21756,TIRUVANNAM,Vembakkam,GHSS VADAMANAPAKKAM,"GHS VADAMANAPAKKAM  ROAD STREET, VADAMANAPAKKAM",604402
21757,TIRUVANNAM,Vembakkam,GHSS(BOYS) PERUNGATTUR,"perungattur,
Vembkkam (TK) Tiruvannamalai (Dis)",604402
21758,TIRUVANNAM,Vembakkam,GHSS(GIRLS) VEMBAKKAM,"kailasanadhar streetear taluk office , vembakkam",604410
21759,TIRUVANNAM,Vembakkam,Naalantha public school (CBSE),CHEYYAR TO ARCOT ROAD\BOOTHERIPULAVAKKAM,604407
21760,TIRUVANNAM,Vembakkam,PUMS ABDULLAPURAM,"DUSI POST, MAMANDUR VIA",631702
21761,TIRUVANNAM,Vembakkam,PUMS AZHINJALPATTU,"P.U.MIDDLE SCHOOL, AZHINJALPATTU VILLAGE, SOZHAVARAM  POST VEMBAKKAM TALUK, 631701.",631701
21762,TIRUVANNAM,Vembakkam,PUMS BOKKASAMUTHIRAM,PUMS BOKKASAMUTHIRAMROAD STREET,632511
21763,TIRUVANNAM,Vembakkam,PUMS IRUMARAM,P U M SCHOOL IRUMARAMVEMBAKKAM BLOCK,632511
21764,TIRUVANNAM,Vembakkam,PUMS KALPATTU,SCHOOLSTREET KALPATTU.NATTERI    POST.VIA SAKKARAMALLUR,632511
21765,TIRUVANNAM,Vembakkam,PUMS MATHUR,"panchayat union middle school , MATHUR,vembakkam taluk",631701
21766,TIRUVANNA MALAI,Vembakkam,PUMS MATHUR,"panchayat union middle school , MATHUR,vembakkam taluk",
21767,TIRUVANNAM,Vembakkam,PUMS PERUMANTHANGAL,ROAD ST\PERUMANTHANGAL,604402
21768,TIRUVANNAM,Vembakkam,PUMS PILLANTHANGAL,"ROAD STREET, PILLANTHANGAL",604410
21769,TIRUVANNAM,Vembakkam,PUMS PULIVALAM,"PUMS,PULLIVALAM\SUNAIPATTU",632511
21770,TIRUVANNAM,Vembakkam,PUMS PUNNAI PUDUPALAYAM,PUMS PUNNAI PUDUPALAYAM \PUDUPALAYAM POST,631702
21771,TIRUVANNAM,Vembakkam,PUMS SOZHAVARAM,"PANCHAYAT UNION MIDDLE SCHOOL, SOZHAVARAM VILLAGE, VEMBAKKAM  TALUK",631701
21772,TIRUVANNAM,Vembakkam,PUMS SUMANGALI,ROAD STREETSUMANGALI,604402
21773,TIRUVANNAM,Vembakkam,PUMS THANDAPPANTHANGAL,"ROAD STREET,THANDAPPANTHANGAL",604402
21774,TIRUVANNAM,Vembakkam,PUMS THIRUPPANAMOOR,PUMS THIURPPANAMURVEMBAKKAM TALUK,604410
21775,TIRUVANNAM,Vembakkam,PUMS THIRUPPANANGADU,"KARUNEEKAR STREET, THIRUPPANAGKADUVEMBAKKAM BLOCK & TALUK",604410
21776,TIRUVANNAM,Vembakkam,PUMS UKKAMPERUMPAKKAM,UKKEMPERUMPAKKAMUKKEMPERUMPAKKAM,631701
21777,TIRUVANNAM,Vembakkam,SANGFORD SENIOR SECONDARY SCHOOL ABDULLAPURAM,"109,VANDAVASI SALAI,ABDULLAPURAM",631702
21778,TIRUVANNAM,Vembakkam,VETRI SIGARAM MATRICULATION SCHOOL,"SEEVARAM VILLAGE,BRAMMADESAM
POST,VEMBAKKAM TALUK THIRUVANNAMALAI DISTRICT-632511",632511
21779,TIRUVANNAM,Vembakkam,VIDYA VIKAS MATRIC HR SEC SCHOOL MORANAM,Randam x Road   moranam   Vembakkam Tk Tiruvannamalai Dt,604407
21780,TIRUVANNAM,West Arni,AIDED MIDDLE KATTUKANUR,"752, SOUTH STREET, KATTUKANALLUR VILLAGE AND
POST692, SOUTH STREET, KATTUKANLLUR,VILLAGE AND POST",632312
21781,TIRUVANNAM,West Arni,AIM MATRICULATION HSS  AAGARAM,"CHETPET ROAD, AAGARAM, VINNAMANGALAM POST, ARNI",632316
21782,TIRUVANNAM,West Arni,CLUNY MATRIC DEVIGAPURAM,"NO.151/9 CLUNY MATRIC HR SEC SCHOOL CHETPET ROAD, DEVIKAPURAM",606902
21783,TIRUVANNAM,West Arni,DESIA MATRICULATION-KATTUKANUR,kannamagalamArni (TK).,632311
21784,TIRUVANNAM,West Arni,GBHSS KANNAMANGALAM,"RAHIMANPET,GBHSS KANNAMANGALAM",632311
21785,TIRUVANNAM,West Arni,GHS 5PUTHUR,"5  PUTHUR, ARNI TK",632315
21786,TIRUVANNAM,West Arni,GHS MALAIYAMPATTU,"MALAYAMPATTU , PUNGAMBADI POST ARNI TK",606903
21787,TIRUVANNAM,West Arni,GHS MELNAGAR,GHSMELNAGAR,632315
21788,TIRUVANNAM,West Arni,GHS MULLIPATTU,"NO 1 ANNA STREET,MULLIPET, ,SEVOOR POST,ARNI TK,
,THIRUVANNAMALAI  DT, PIN 632 316 - 33060803001MULLIPET SEVOOR POST",632316
21789,TIRUVANNAM,West Arni,GHS THATCHUR,"GHS THATCHUR, THATCHUR VILL & PO, ARNI TK, 632326",632329
21790,TIRUVANNAM,West Arni,GHS THELLUR,SCHOOL STTHELLUR,632313
21791,TIRUVANNAM,West Arni,GHS VINNAMANGALAM,"Vinnamangalam Village & Post, Arni tk",632316
21792,TIRUVANNAM,West Arni,GHS(GIRLS) DEVIKAPURAM,THIRUMANJANA STREET/DEVIKAPURAM,606902
21793,TIRUVANNAM,West Arni,GHSS DEVIKAPURAM,CHETPET ROADDEVIKAPURAM,606902
21794,TIRUVANNAM,West Arni,GHSS KUNNATHUR,"MEERTHIN SAHIB STREET, KUNNATHUR, ARNI TK",632314
21795,TIRUVANNAM,West Arni,GHSS NADUKUPPAM,SCHOOL STREET .NADUKUPPAM.ARNI TK.,606903
21796,TIRUVANNAM,West Arni,GHSS ONNUPURAM,SANTHAI MEDU\ONNUPURAM,632315
21797,TIRUVANNAM,West Arni,GHSS(GIRLS) KANNAMANGALAM,"RAHIMANPET, KANNAMANGALAM",632311
21798,TIRUVANNAM,West Arni,"MADRAS MATRIC, KANNAMANGALAM",THOPPUKARA STREETKANNAMANGALAM,632311
21799,TIRUVANNAM,West Arni,ORANGE BRITISH ACADEMY SCHOOL- VINNAMANGALAM,"1/1A, 1B, Orange Bodhi Campus, Chetpet Road, Vinnamangalam, Arni.",632316
21800,TIRUVANNAM,West Arni,ORANGE INTERNATIONAL MATRIC HSS - VINNAMANGALAM,"4/4 SIVA GARDENS, CHETPET ROADAAGARAM, ARNI",632316
21801,TIRUVANNAM,West Arni,PUMS  VANNANKULAM,"c.c.road, vannankulam",632315
21802,TIRUVANNAM,West Arni,PUMS AAGARAM,"PUMS,AAGARAM VILL, VINNAMANGALAM PO, ARNI TK",632316
21803,TIRUVANNAM,West Arni,PUMS AMMAPALAYAM,MAIN STREET\AMMAPALAYAM,632315
21804,TIRUVANNA MALAI,West Arni,PUMS AMMAPALAYAM,MAIN STREET AMMAPALAYAM,
21805,TIRUVANNAM,West Arni,PUMS ARAIYALAM,"PUMS,ARAIYALAM VILL&PO, SUSAI NAGAR VIA, ARNI TK",632326
21806,TIRUVANNAM,West Arni,PUMS KAMAKKUR,"PANCHAYAT UNION MIDDLE SCHOOL, KAMAKKUR VILLAGE,ARNI TALUK, TIRUVANNAMALAI DISTRICT",606903
21807,TIRUVANNAM,West Arni,PUMS KAMAKKURPALAYAM (WEST),"PUMS-ROAD STREET,KAMAKKURPALAYAM WEST.KAMAKKUR POST,WEST ARNI UNION",606903
21808,TIRUVANNAM,West Arni,PUMS KARIPPUR,"607/311, bhajanai koil street, karippur",606902
21809,TIRUVANNAM,West Arni,PUMS KOLATHUR,"1st Karamettu streetKolathur, Kannamangalam post",632311
21810,TIRUVANNAM,West Arni,PUMS MARUSUR,"PUMS,MARUSOOR VILL\ARAIYALAM POST,ARNI TK",632326
21811,TIRUVANNAM,West Arni,PUMS ONNUPURAM,"PUMS ONNUPURAM,SANTHAIMEDU, VELLALAR STREET, ONNUPURAM- 632315",632315
21812,TIRUVANNAM,West Arni,PUMS PALAYA EGAMBARANALLUR,"PERUMAL KOIL STREET, PALAYA EGAMBARANALLUR,ARNI TK, TIRUVANNAMALAI DT",632315
21813,TIRUVANNAM,West Arni,PUMS PERIYA IYYAMPALAYAM,"ONNUPURAM VIA, ARNI TALUK, THIRUVANNAMALAI DIST",632315
21814,TIRUVANNAM,West Arni,PUMS PUDUPALAYAM,Padasalai StreetPudupalayam,632315
21815,TIRUVANNAM,West Arni,PUMS PUNGAMBADI,"P.U.M.S.PUNGAMBADI,WEST ARNI,TVM DIST.",606903
21816,TIRUVANNAM,West Arni,PUMS SRINIVASAPURAM,ROAD STREETSRINIVASAPURAM,606903
21817,TIRUVANNAM,West Arni,PUMS(MUSLIM) KANNAMANGALAM,PEN PADASALAI STREETKANNAMANGALAM,632311
21818,TIRUVANNAM,West Arni,RAMAJEYAM MATRICULATION SCHOOL DEVIKAPURAM,"360/3 Athurai Road ,Deviakpuram365/3 Athurai Road , Devikapuram",606902
21819,TIRUVANNAM,West Arni,S.G.S Matriculation School,,
21820,TIRUVANNAM,West Arni,"SAFA MATRIC School, Thatchur","Survey No:77/6,Arni-Devigapuram Road,Thatchur",632326
21821,TIRUVANNAM,West Arni,SHRI RAMACHANDRA SCHOOL,"Arni - Chetepet Road, Vinnamangalam Village, Arni Talk, Tiruvannamalai District",632316
21822,TIRUVANNAM,West Arni,SRI VIJAY MATRIC HR SEC SCHOOL VANNANKULAM,"C.C.ROAD,VANNANKULAM, ARNI TALUK",632315
21823,TIRUVANNAM,West Arni,TULIP INTERNATIONAL SCHOOL,"142B, pattankulam, atthimalaipattu, onnupuram post.142B, pattankulam, atthimalaipattu, onnupuram post.",632315
21824,TIRUVANNAM,West Arni,"VELS VIDHYASHRAM MATRIC HSS, KANNAMANGALAM","CHITTOOR CUDDALORE HIWAYPUDUPET , KANNAMANGALAM",632311
21825,TIRUVARUR,Koradachery,"AHSS,SEMBANGUDI",West Street Sembangudi,612603
21826,TIRUVARUR,Koradachery,AMS PANNAIVILAGAM,"Punitha Jeyarakkini madha middle schoolPannaivilagam, Kangalanchery(via)",610101
21827,TIRUVARUR,Koradachery,AMS PATHUR MELKARAI,pathurmelkaraikoradachery,613703
21828,TIRUVARUR,Koradachery,AMS PATTUDAIYANIRRIPPU,"MATHAKOVILL STREETPATTUDAIYANIRUPPU,THIRUVARUR",613701
21829,TIRUVARUR,Koradachery,"AMS,MUGUNTHANUR",SRI VINAYAGAR AIDED MIDDLE SCHOOLMUGUNTHANUR,613701
21830,TIRUVARUR,Koradachery,CBSE VIVEKANANDAM VIDYASHRAM,"1-99/9, Bodhi Campus, opp. to lions eye hospital, Vandampalai, Thiruvarur.",610101
21831,TIRUVARUR,Koradachery,"GBHSS ,KORADACHERY",NEAR VATTAR BRIDGEPATHUR KORADACHERI,613703
21832,TIRUVARUR,Koradachery,"GGHSS,KORADACHERY",KAMARAJAR STREETKORADACHERY MAIN ROAD,613703
21833,TIRUVARUR,Koradachery,"GHS,ATHIKKADAI",First street\Athikkadai,613702
21834,TIRUVARUR,Koradachery,"GHS,ENGAN",mainroad\GHS  ENGAN,612603
21835,TIRUVARUR,Koradachery,"GHS,KANKODUTHAVANITHAM",MAIN ROAD\KANKODUTHAVANITHAM,610102
21836,TIRUVARUR,Koradachery,"GHS,MANAKKAL AYYAMPET",SANNATHI STREET\MANAKKAL AYYEMPETTAI,610104
21837,TIRUVARUR,Koradachery,"GHS,SELLUR","AGRAHARAM STREEET, SELLUR POST, KUDAVASAL TALUK, PIN - 613705.",613705
21838,TIRUVARUR,Koradachery,"GHSS,AMMAIYAPPAN",THANJAVUR MAIN ROAD AMMAIYAPPAN,613701
21839,TIRUVARUR,Koradachery,"GHSS,KATTUR",MUDALIYAAR STREETKATTUR,610104
21840,TIRUVARUR,Koradachery,"GHSS,KULIKKARAI",main roadkulikkarai,610104
21841,TIRUVARUR,Koradachery,GMS DEVARKANDANALLUR,kulikkarai roaddevarkandanallur,613704
21842,TIRUVARUR,Koradachery,"Government Model School, Tiruvarur",,
21843,TIRUVARUR,Koradachery,KV  KENDRIYA VIDYALAYA THIRUVARUR,KENDRIYA VIDYALAYA CUTN CAMPUS\TAMILNADU,610005
21844,TIRUVARUR,Koradachery,PUMS ABIVIRUTHEESWARAM,sivan sannathi streetAbivirutheeswaram,613705
21845,TIRUVARUR,Koradachery,PUMS AMMAIYAPPAN EAST,"panchayat union middle school , ammaiyappan east ,",613701
21846,TIRUVARUR,Koradachery,PUMS ANAIVADAPATHI,"SIVANKOIL STREE,ANAIVADAPATHI pIN 613701",613701
21847,TIRUVARUR,Koradachery,PUMS ERUKKATTUR,PANCHAYAT UNION MIDDLE SCHOOLERUKKATUR,610102
21848,TIRUVARUR,Koradachery,PUMS ETTIYALUR,"SOUTH STREET,ETTIYALUR, TKM[PO]",610104
21849,TIRUVARUR,Koradachery,PUMS KEERANGUDI,south streetkeerangudi,610104
21850,TIRUVARUR,Koradachery,PUMS KILARIYAM,THANJAI MAIN ROADKILARIYAM,613703
21851,TIRUVARUR,Koradachery,PUMS KODIMANGALAM,"PUMS,KODIMANGALAM,SOLACHERY(PO),613701",613701
21852,TIRUVARUR,Koradachery,PUMS KODIMANGALAM,"PUMS,KODIMANGALAM,SOLACHERY(PO),613701",
21853,TIRUVARUR,Koradachery,PUMS KULIKKARAI WEST,PANCHAYAT UNION MIDDLE SCHOOL - KULIKKARAI WEST,613704
21854,TIRUVARUR,Koradachery,PUMS MELARATHANALLUR,"Main road kavalakudiMelaradhanallur, Kankoduthavanitham (POST)",610102
21855,TIRUVARUR,Koradachery,PUMS MELATHIRUMATHIKUNNAM,KALIYAMMAN KOVIL STREETMELATHIRUMATHIKUNNAM,613701
21856,TIRUVARUR,Koradachery,PUMS MUSIRIAM,AGRAGARA STREET\MUSIRIYAM,613702
21857,TIRUVARUR,Koradachery,PUMS PAVITHRAMANICKAM,"Pavithramanickam   ,Ilavangarkudi  poKodavasal tk,tiruvarur  Dt",610104
21858,TIRUVARUR,Koradachery,PUMS PERUMPUGALUR,Ilavangarkudi ponannilam Tk,610104
21859,TIRUVARUR,Koradachery,PUMS THIRUKKANNAMANGAI,"south car street,thirukkannamangaithirukkannamangai post",610104
21860,TIRUVARUR,Koradachery,PUMS THIRUVIDAIVASAL,THIRUVIDAIVASALTHIRUVIDAIVASAL,613702
21861,TIRUVARUR,Koradachery,PUMS VADAKANDAM,"KUMBAKONAM MAINROAD,VADAKANDAM",610104
